-- phpMyAdmin SQL Dump
-- version 4.9.5
-- https://www.phpmyadmin.net/
--
-- Host: localhost
-- Generation Time: May 01, 2020 at 12:47 AM
-- Server version: 5.7.25-28-log
-- PHP Version: 7.3.16

SET SQL_MODE = "NO_AUTO_VALUE_ON_ZERO";
SET AUTOCOMMIT = 0;
START TRANSACTION;
SET time_zone = "+00:00";


/*!40101 SET @OLD_CHARACTER_SET_CLIENT=@@CHARACTER_SET_CLIENT */;
/*!40101 SET @OLD_CHARACTER_SET_RESULTS=@@CHARACTER_SET_RESULTS */;
/*!40101 SET @OLD_COLLATION_CONNECTION=@@COLLATION_CONNECTION */;
/*!40101 SET NAMES utf8mb4 */;

--
-- Database: `db3yeypkcucun9`
--

-- --------------------------------------------------------

--
-- Table structure for table `restaurant`
--

CREATE TABLE `restaurant` (
  `restaurant_id` int(10) NOT NULL,
  `user_id` int(10) NOT NULL,
  `restaurant_name` varchar(50) COLLATE utf8_unicode_ci DEFAULT NULL,
  `branch_name` varchar(50) COLLATE utf8_unicode_ci DEFAULT NULL,
  `short_desc` varchar(500) COLLATE utf8_unicode_ci DEFAULT NULL,
  `full_desc` varchar(500) COLLATE utf8_unicode_ci DEFAULT NULL,
  `business_hours` varchar(30) COLLATE utf8_unicode_ci DEFAULT NULL,
  `address` varchar(100) COLLATE utf8_unicode_ci DEFAULT NULL,
  `longitude` decimal(9,6) DEFAULT NULL,
  `latitude` decimal(9,6) DEFAULT NULL,
  `website` varchar(50) COLLATE utf8_unicode_ci DEFAULT NULL,
  `phone_no` varchar(20) COLLATE utf8_unicode_ci DEFAULT NULL,
  `image` varchar(20) COLLATE utf8_unicode_ci NOT NULL DEFAULT '0.png',
  `date_created` timestamp NOT NULL DEFAULT '0000-00-00 00:00:00',
  `last_modified` timestamp NOT NULL DEFAULT CURRENT_TIMESTAMP ON UPDATE CURRENT_TIMESTAMP
) ENGINE=InnoDB DEFAULT CHARSET=utf8 COLLATE=utf8_unicode_ci;

--
-- Dumping data for table `restaurant`
--

INSERT INTO `restaurant` (`restaurant_id`, `user_id`, `restaurant_name`, `branch_name`, `short_desc`, `full_desc`, `business_hours`, `address`, `longitude`, `latitude`, `website`, `phone_no`, `image`, `date_created`, `last_modified`) VALUES
(1, 1, 'Jobili Mas Happy', 'Tanauan', 'Bacon ipsum dolor amet pork jerky pig turkey, drumstick brisket bresaola short ribs ham hock salami ball tip swine.', 'Candy croissant donut candy canes candy cookie fruitcake. Cake tootsie roll chocolate cake apple pie gummies marzipan cotton candy jelly beans. Sesame snaps marshmallow apple pie toffee cupcake gingerbread ice cream muffin cheesecake. Macaroon sugar plum candy dessert cookie sesame snaps soufflé tootsie roll.', '8AM-10PM', 'Tanauan, Batangas, Philippines', '121.150000', '14.083330', 'www.jobili.com', '090-0000-0001', '1.jpg', '0000-00-00 00:00:00', '2020-04-30 09:59:25'),
(2, 2, 'Seafood Fiesta', 'Rizal', 'Fatback boudin biltong, chuck tri-tip bresaola pastrami sausage drumstick shankle. ', 'Sweet roll croissant candy canes cheesecake topping ice cream donut macaroon. Oat cake topping caramels. Candy caramels carrot cake tiramisu. Cake jelly chocolate bar tiramisu. Cake pastry dragée. Wafer carrot cake sesame snaps fruitcake jelly pastry jelly-o powder wafer.', '8AM-10PM', 'Pasig, Philippines', '121.083330', '14.575000', 'www.seafood.com', '090-0000-0002', '2.jpg', '0000-00-00 00:00:00', '2020-04-30 05:01:52'),
(3, 3, 'Healthy You', 'Makati', 'Fatback boudin flank ball tip meatball tongue venison chuck salami ribeye porchetta prosciutto pork belly.', 'Pudding caramels soufflé. Cake cookie candy canes tart gummi bears. Cookie gingerbread candy canes fruitcake sugar plum biscuit.', '9AM-10PM', 'Binangonan, Rizal, Philippines', '121.198024', '14.480115', 'www.healthy.com', '090-0000-0003', '3.jpg', '0000-00-00 00:00:00', '2020-04-30 05:01:58'),
(4, 4, 'Sprinkles', 'Makati', 'Ribeye meatball pork chop, chislic tenderloin cow salami shankle sausage turkey venison kevin frankfurter. ', 'Croissant tart tart donut chocolate cake. Toffee gingerbread macaroon wafer sugar plum. Gummi bears sweet roll ice cream icing marshmallow cotton candy. Tart gummi bears pie pastry tiramisu biscuit chocolate cake liquorice tiramisu. Donut sugar plum macaroon muffin.', '9AM-10PM', 'Mandaluyong, Philippines', '121.033330', '14.583330', 'www.sprinkles.com', '090-0000-0004', '4.jpg', '0000-00-00 00:00:00', '2020-04-30 05:04:19'),
(5, 5, 'Sip Away', 'Makati', 'Chislic pork loin buffalo andouille chuck tongue pork doner ground round ball tip leberkas rump.', 'Pastry soufflé ice cream jujubes topping donut. Lollipop pie cake cake croissant. Candy bear claw bear claw. Bear claw pastry jujubes oat cake wafer pastry liquorice dragée tiramisu. Tart gummies donut jelly beans candy halvah cake. Tootsie roll cotton candy halvah chupa chups carrot cake caramels gummi bears carrot cake muffin.', '5PM-11PM', 'Makati City', '121.033330', '14.550000', 'www.sipaway.com', '090-0000-0005', '5.jpg', '0000-00-00 00:00:00', '2020-04-30 05:04:22'),
(6, 6, 'Testing', 'Center', 'Parmigiano Reggiano faves all in one place.', 'Apple pie jujubes jelly marshmallow. Bonbon gummi bears tootsie roll pastry. 123', '10AM-9PM', 'Singapore Seafood Republic, 大阪府大阪市北区梅田3-1-1 大丸梅田店14F, Osaka-shi, Osaka Prefecture, Japan', '135.496804', '34.703893', 'www.testingcenter.com', '+65-1234-5678', '6.jpg', '0000-00-00 00:00:00', '2020-04-30 09:10:55'),
(7, 7, 'Kapeko', 'Makati', 'Can\'t start my day without coffee!', 'Bonbon soufflé tart ice cream. Gingerbread croissant jujubes sugar plum gingerbread. Topping gummi bears bonbon. Powder jujubes brownie. Cookie dessert cake cotton candy liquorice soufflé oat cake gummi bears. Chupa chups pudding marzipan caramels candy canes jujubes pudding toffee.', '10AM-8PM', 'Pasig, Philippines', '121.083330', '14.575000', 'www.kapeko.com', '090-0000-0007', '7.jpg', '0000-00-00 00:00:00', '2020-04-30 05:04:28'),
(8, 8, 'Read and Sip', 'Makati', 'Jerky swine fatback brisket ball tip ham hock rump spare ribs.', 'Toffee ice cream candy canes chocolate bar gummi bears donut brownie gummi bears candy canes. Oat cake macaroon liquorice tiramisu gummi bears. Croissant chocolate bar tootsie roll croissant. Muffin chocolate dessert halvah halvah marshmallow gummi bears. Ice cream wafer dragée icing jujubes macaroon gummies. Carrot cake biscuit tart. Fruitcake pastry cotton candy liquorice jelly pie tart oat cake pastry.', '10AM-8PM', 'Makati City', '121.033330', '14.550000', 'www.readandsip.com', '090-0000-0008', '8.jpg', '0000-00-00 00:00:00', '2020-04-30 05:04:31'),
(9, 9, 'The Vibe', 'Makati', 'Chuck jerky meatloaf sausage biltong ribeye.', 'Macaroon dessert danish chupa chups jelly-o halvah pudding. Bonbon bear claw powder. Cupcake carrot cake dessert pudding. Liquorice soufflé jelly tiramisu bear claw chocolate bar. Bonbon toffee halvah sugar plum topping. Sugar plum topping cheesecake muffin sugar plum candy canes ice cream. Cookie biscuit topping marshmallow pudding tart ice cream dessert.', '5PM-11PM', 'Alabang, Muntinlupa, Muntinlupa, Philippines', '121.048300', '14.416900', 'www.thevibe.com', '090-0000-0009', '9.jpg', '0000-00-00 00:00:00', '2020-04-30 05:04:34'),
(10, 10, 'Something Cafe', 'Makati', 'Pig jowl shankle jerky. Ground round pork belly ham hock, frankfurter landjaeger turducken salami.', 'Candy canes chocolate cake apple pie brownie chupa chups cotton candy soufflé halvah. Dessert chocolate macaroon tart cheesecake muffin biscuit cookie powder. Liquorice caramels tootsie roll bonbon wafer icing wafer jelly beans brownie. Gingerbread liquorice cotton candy marzipan liquorice. Biscuit jelly sweet lollipop dessert brownie jelly-o sweet roll.', '8AM-7PM', 'Cavite, Philippines', '120.866670', '10.283330', 'www.somethingcafe.com', '090-0000-0010', '10.jpg', '0000-00-00 00:00:00', '2020-04-30 05:04:37'),
(11, 11, 'Red Hot Soup', 'Makati', 'Meatball strip steak cupim sirloin, meatloaf buffalo ham hock hamburger.', 'Biscuit jelly sweet lollipop dessert brownie jelly-o sweet roll. Sesame snaps tiramisu soufflé chocolate bar biscuit chocolate powder muffin apple pie. Pie chocolate bar chocolate fruitcake chocolate cheesecake bonbon gummi bears.', '9AM-10PM', 'Cebu City, Philippines', '123.900000', '14.550000', 'www.rehotsoup.com', '090-0000-0011', '11.jpg', '0000-00-00 00:00:00', '2020-04-30 05:04:39'),
(12, 12, 'Hungry Burger', 'Makati', 'Pork belly drumstick leberkas tail.', 'Topping soufflé biscuit bear claw. Cake tiramisu donut. Cake candy canes dragée. Oat cake marshmallow jujubes sweet roll gummi bears cheesecake liquorice icing. Sesame snaps marshmallow soufflé chocolate cake tart toffee wafer gummies sesame snaps. Muffin carrot cake cheesecake jelly donut macaroon bear claw. ', '9AM-10PM', 'Batangas City, Batangas, Philippines', '121.050000', '13.750000', 'www.hungryburger.com', '090-0000-0012', '12.jpg', '0000-00-00 00:00:00', '2020-04-30 05:04:42'),
(13, 13, 'KMC Spices', 'Makati', 'Turducken ball tip leberkas buffalo.', 'Tart ice cream jelly caramels pudding cookie muffin fruitcake candy. Pastry cake cake jelly bear claw sweet roll. Jelly beans carrot cake marzipan powder jelly beans pudding brownie. Lollipop cheesecake caramels muffin donut tootsie roll biscuit dragée. Ice cream gingerbread macaroon liquorice icing.', '9AM-11PM', 'Makati City', '121.033330', '14.550000', 'www.kmcspices.com', '090-0000-0013', '13.jpg', '0000-00-00 00:00:00', '2020-04-30 05:04:44'),
(14, 14, 'Sosyal Cafe', 'Makati', 'Tail pig burgdoggen strip steak.', 'Chocolate bar bear claw marshmallow gummi bears sugar plum dragée. Marshmallow chupa chups macaroon chocolate bar chocolate bar.', '8AM-10PM', 'Akihabara Electric Town, 外神田, Tokyo, Tokyo Prefecture, Japan', '139.772231', '35.698646', 'www.sosyalcafe.com', '090-0000-0014', '14.jpg', '0000-00-00 00:00:00', '2020-04-30 05:04:47'),
(15, 15, 'Kopi Ground', 'Makati', 'Pork capicola beef ribs shankle.', 'Bear claw pastry jujubes oat cake wafer pastry liquorice dragée tiramisu. Tart gummies donut jelly beans candy halvah cake. Tootsie roll cotton candy halvah chupa chups carrot cake caramels gummi bears carrot cake muffin. Danish bonbon sugar plum gingerbread dessert gingerbread cake.', '8AM-10PM', 'Shinjuku, Tokyo, Tokyo Prefecture, Japan', '139.700500', '35.691100', 'www.kopiground.com', '090-0000-0015', '15.jpg', '0000-00-00 00:00:00', '2020-04-30 05:04:49'),
(16, 16, 'Tambayan', 'Makati', 'Drumstick rump jowl hamburger cow beef ribs flank.', 'Gingerbread croissant jujubes sugar plum gingerbread. Topping gummi bears bonbon. Powder jujubes brownie. Cookie dessert cake cotton candy liquorice soufflé oat cake gummi bears. Chupa chups pudding marzipan caramels candy canes jujubes pudding toffee. Toffee ice cream candy canes chocolate bar gummi bears donut brownie gummi bears candy canes.', '10AM-10PM', 'Makati City', '121.033330', '14.550000', 'www.tambayan.com', '090-0000-0016', '16.jpg', '0000-00-00 00:00:00', '2020-04-30 05:04:53'),
(17, 17, 'Pan de Laguna', 'Makati', 'Picanha tenderloin kielbasa short loin.', 'Lollipop pie cake cake croissant. Candy bear claw bear claw. Bear claw pastry jujubes oat cake wafer pastry liquorice dragée tiramisu. Tart gummies donut jelly beans candy halvah cake. Tootsie roll cotton candy halvah chupa chups carrot cake caramels gummi bears carrot cake muffin. Danish bonbon sugar plum gingerbread dessert gingerbread cake. Apple pie jujubes jelly marshmallow. Bonbon gummi bears tootsie roll pastry.', '8AM-7PM', 'Batangas City, Batangas, Philippines', '121.050000', '13.750000', 'www.pianono.com', '090-0000-0017', '17.jpg', '0000-00-00 00:00:00', '2020-04-30 08:37:24'),
(18, 18, 'Bits and Pieces', 'Makati', 'Andouille tongue turkey pancetta pork chop fatback.', 'Toffee ice cream candy canes chocolate bar gummi bears donut brownie gummi bears candy canes. Oat cake macaroon liquorice tiramisu gummi bears. Croissant chocolate bar tootsie roll croissant. Muffin chocolate dessert halvah halvah marshmallow gummi bears. Ice cream wafer dragée icing jujubes macaroon gummies.', '8AM-8PM', 'Singapore, Central Region, Singapore', '103.808053', '1.351616', 'www.bits.com', '090-0000-0018', '18.jpg', '0000-00-00 00:00:00', '2020-04-30 05:04:58');

-- --------------------------------------------------------

--
-- Table structure for table `seat`
--

CREATE TABLE `seat` (
  `seat_id` int(10) NOT NULL,
  `restaurant_id` int(10) NOT NULL,
  `floor_id` int(10) NOT NULL,
  `row_no` int(5) NOT NULL,
  `col_no` int(5) NOT NULL,
  `status_id` int(2) NOT NULL DEFAULT '0',
  `date_modified` datetime NOT NULL DEFAULT CURRENT_TIMESTAMP
) ENGINE=InnoDB DEFAULT CHARSET=utf8 COLLATE=utf8_unicode_ci;

--
-- Dumping data for table `seat`
--

INSERT INTO `seat` (`seat_id`, `restaurant_id`, `floor_id`, `row_no`, `col_no`, `status_id`, `date_modified`) VALUES
(15, 2, 1, 3, 10, 0, '2020-04-30 05:18:58'),
(16, 2, 1, 3, 11, 0, '2020-04-30 05:18:58'),
(25, 2, 1, 4, 10, 0, '2020-04-30 05:18:58'),
(26, 2, 1, 4, 11, 0, '2020-04-30 05:18:58'),
(31, 2, 1, 7, 2, 0, '2020-04-30 05:18:58'),
(32, 2, 1, 7, 3, 0, '2020-04-30 05:18:58'),
(33, 2, 1, 7, 6, 0, '2020-04-30 05:18:58'),
(34, 2, 1, 7, 7, 0, '2020-04-30 05:18:58'),
(37, 2, 1, 7, 14, 0, '2020-04-30 05:18:58'),
(38, 2, 1, 7, 15, 0, '2020-04-30 05:18:58'),
(39, 2, 1, 7, 18, 0, '2020-04-30 05:18:58'),
(40, 2, 1, 7, 19, 0, '2020-04-30 05:18:58'),
(41, 2, 1, 8, 2, 0, '2020-04-30 05:18:58'),
(42, 2, 1, 8, 3, 0, '2020-04-30 05:18:58'),
(43, 2, 1, 8, 6, 0, '2020-04-30 05:18:58'),
(44, 2, 1, 8, 7, 0, '2020-04-30 05:18:58'),
(47, 2, 1, 8, 14, 0, '2020-04-30 05:18:58'),
(48, 2, 1, 8, 15, 0, '2020-04-30 05:18:58'),
(49, 2, 1, 8, 18, 0, '2020-04-30 05:18:58'),
(50, 2, 1, 8, 19, 0, '2020-04-30 05:18:58'),
(51, 2, 1, 9, 2, 0, '2020-04-30 05:18:58'),
(52, 2, 1, 9, 3, 0, '2020-04-30 05:18:58'),
(53, 2, 1, 9, 6, 0, '2020-04-30 05:18:58'),
(54, 2, 1, 9, 7, 0, '2020-04-30 05:18:58'),
(55, 2, 1, 9, 14, 0, '2020-04-30 05:18:58'),
(56, 2, 1, 9, 15, 0, '2020-04-30 05:18:58'),
(57, 2, 1, 9, 18, 0, '2020-04-30 05:18:58'),
(58, 2, 1, 9, 19, 0, '2020-04-30 05:18:58'),
(59, 2, 1, 12, 2, 0, '2020-04-30 05:18:58'),
(60, 2, 1, 12, 3, 0, '2020-04-30 05:18:58'),
(61, 2, 1, 12, 6, 0, '2020-04-30 05:18:58'),
(62, 2, 1, 12, 7, 0, '2020-04-30 05:18:58'),
(63, 2, 1, 12, 14, 0, '2020-04-30 05:18:58'),
(64, 2, 1, 12, 15, 0, '2020-04-30 05:18:58'),
(65, 2, 1, 12, 18, 0, '2020-04-30 05:18:58'),
(66, 2, 1, 12, 19, 0, '2020-04-30 05:18:58'),
(67, 2, 1, 13, 2, 0, '2020-04-30 05:18:58'),
(68, 2, 1, 13, 3, 0, '2020-04-30 05:18:58'),
(69, 2, 1, 13, 6, 0, '2020-04-30 05:18:58'),
(70, 2, 1, 13, 7, 0, '2020-04-30 05:18:58'),
(71, 2, 1, 13, 14, 0, '2020-04-30 05:18:58'),
(72, 2, 1, 13, 15, 0, '2020-04-30 05:18:58'),
(73, 2, 1, 13, 18, 0, '2020-04-30 05:18:58'),
(74, 2, 1, 13, 19, 0, '2020-04-30 05:18:58'),
(75, 2, 1, 14, 2, 0, '2020-04-30 05:18:58'),
(76, 2, 1, 14, 3, 0, '2020-04-30 05:18:58'),
(77, 2, 1, 14, 6, 0, '2020-04-30 05:18:58'),
(78, 2, 1, 14, 7, 0, '2020-04-30 05:18:58'),
(79, 2, 1, 14, 14, 0, '2020-04-30 05:18:58'),
(80, 2, 1, 14, 15, 0, '2020-04-30 05:18:58'),
(81, 2, 1, 14, 18, 0, '2020-04-30 05:18:58'),
(82, 2, 1, 14, 19, 0, '2020-04-30 05:18:58'),
(83, 2, 1, 17, 2, 0, '2020-04-30 05:18:58'),
(84, 2, 1, 17, 3, 0, '2020-04-30 05:18:58'),
(85, 2, 1, 17, 6, 0, '2020-04-30 05:18:58'),
(86, 2, 1, 17, 7, 0, '2020-04-30 05:18:58'),
(87, 2, 1, 17, 14, 0, '2020-04-30 05:18:58'),
(88, 2, 1, 17, 15, 0, '2020-04-30 05:18:58'),
(89, 2, 1, 17, 18, 0, '2020-04-30 05:18:58'),
(90, 2, 1, 17, 19, 0, '2020-04-30 05:18:58'),
(91, 2, 1, 18, 2, 0, '2020-04-30 05:18:58'),
(92, 2, 1, 18, 3, 0, '2020-04-30 05:18:58'),
(93, 2, 1, 18, 6, 0, '2020-04-30 05:18:58'),
(94, 2, 1, 18, 7, 0, '2020-04-30 05:18:58'),
(95, 2, 1, 18, 14, 0, '2020-04-30 05:18:58'),
(96, 2, 1, 18, 15, 0, '2020-04-30 05:18:58'),
(97, 2, 1, 18, 18, 0, '2020-04-30 05:18:58'),
(98, 2, 1, 18, 19, 0, '2020-04-30 05:18:58'),
(99, 2, 1, 19, 2, 0, '2020-04-30 05:18:58'),
(100, 2, 1, 19, 3, 0, '2020-04-30 05:18:58'),
(101, 2, 1, 19, 6, 0, '2020-04-30 05:18:58'),
(102, 2, 1, 19, 7, 0, '2020-04-30 05:18:58'),
(103, 2, 1, 19, 14, 0, '2020-04-30 05:18:58'),
(104, 2, 1, 19, 15, 0, '2020-04-30 05:18:58'),
(105, 2, 1, 19, 18, 0, '2020-04-30 05:18:58'),
(106, 2, 1, 19, 19, 0, '2020-04-30 05:18:58'),
(131, 2, 2, 2, 3, 0, '2020-04-30 05:18:58'),
(132, 2, 2, 2, 4, 0, '2020-04-30 05:18:58'),
(133, 2, 2, 2, 17, 0, '2020-04-30 05:18:58'),
(134, 2, 2, 2, 18, 0, '2020-04-30 05:18:58'),
(135, 2, 2, 3, 3, 0, '2020-04-30 05:18:58'),
(136, 2, 2, 3, 4, 0, '2020-04-30 05:18:58'),
(137, 2, 2, 3, 17, 0, '2020-04-30 05:18:58'),
(138, 2, 2, 3, 18, 0, '2020-04-30 05:18:58'),
(155, 2, 2, 12, 3, 0, '2020-04-30 05:18:58'),
(156, 2, 2, 12, 4, 1, '2020-04-30 05:18:58'),
(157, 2, 2, 12, 17, 1, '2020-04-30 05:18:58'),
(158, 2, 2, 12, 18, 0, '2020-04-30 05:18:58'),
(159, 2, 2, 13, 3, 0, '2020-04-30 05:18:58'),
(160, 2, 2, 13, 4, 0, '2020-04-30 05:18:58'),
(161, 2, 2, 13, 17, 0, '2020-04-30 05:18:58'),
(162, 2, 2, 13, 18, 0, '2020-04-30 05:18:58'),
(183, 2, 2, 23, 3, 0, '2020-04-30 05:18:58'),
(184, 2, 2, 23, 4, 0, '2020-04-30 05:18:58'),
(185, 2, 2, 23, 17, 1, '2020-04-30 05:18:58'),
(186, 2, 2, 23, 18, 1, '2020-04-30 05:18:58'),
(187, 2, 2, 24, 3, 1, '2020-04-30 05:18:58'),
(188, 2, 2, 24, 4, 1, '2020-04-30 05:18:58'),
(189, 2, 2, 24, 17, 1, '2020-04-30 05:18:58'),
(190, 2, 2, 24, 18, 0, '2020-04-30 05:18:58'),
(191, 2, 3, 3, 3, 0, '2020-04-30 05:18:58'),
(192, 2, 3, 3, 4, 0, '2020-04-30 05:18:58'),
(193, 2, 3, 3, 10, 0, '2020-04-30 05:18:58'),
(194, 2, 3, 3, 11, 0, '2020-04-30 05:18:58'),
(195, 2, 3, 3, 17, 0, '2020-04-30 05:18:58'),
(196, 2, 3, 3, 18, 0, '2020-04-30 05:18:58'),
(197, 2, 3, 4, 3, 0, '2020-04-30 05:18:58'),
(198, 2, 3, 4, 4, 0, '2020-04-30 05:18:58'),
(199, 2, 3, 4, 10, 0, '2020-04-30 05:18:58'),
(200, 2, 3, 4, 11, 0, '2020-04-30 05:18:58'),
(201, 2, 3, 4, 17, 0, '2020-04-30 05:18:58'),
(202, 2, 3, 4, 18, 0, '2020-04-30 05:18:58'),
(203, 2, 3, 5, 3, 0, '2020-04-30 05:18:58'),
(204, 2, 3, 5, 4, 1, '2020-04-30 05:18:58'),
(205, 2, 3, 5, 10, 0, '2020-04-30 05:18:58'),
(206, 2, 3, 5, 11, 0, '2020-04-30 05:18:58'),
(207, 2, 3, 5, 17, 0, '2020-04-30 05:18:58'),
(208, 2, 3, 5, 18, 1, '2020-04-30 05:18:58'),
(209, 2, 3, 6, 3, 1, '2020-04-30 05:18:58'),
(210, 2, 3, 6, 4, 0, '2020-04-30 05:18:58'),
(211, 2, 3, 6, 10, 0, '2020-04-30 05:18:58'),
(212, 2, 3, 6, 11, 1, '2020-04-30 05:18:58'),
(213, 2, 3, 6, 17, 0, '2020-04-30 05:18:58'),
(214, 2, 3, 6, 18, 0, '2020-04-30 05:18:58'),
(215, 2, 3, 7, 3, 0, '2020-04-30 05:18:58'),
(216, 2, 3, 7, 4, 0, '2020-04-30 05:18:58'),
(217, 2, 3, 7, 10, 0, '2020-04-30 05:18:58'),
(218, 2, 3, 7, 11, 1, '2020-04-30 05:18:58'),
(219, 2, 3, 7, 17, 0, '2020-04-30 05:18:58'),
(220, 2, 3, 7, 18, 0, '2020-04-30 05:18:58'),
(221, 2, 3, 8, 3, 0, '2020-04-30 05:18:58'),
(222, 2, 3, 8, 4, 0, '2020-04-30 05:18:58'),
(223, 2, 3, 8, 10, 1, '2020-04-30 05:18:58'),
(224, 2, 3, 8, 11, 0, '2020-04-30 05:18:58'),
(225, 2, 3, 8, 17, 0, '2020-04-30 05:18:58'),
(226, 2, 3, 8, 18, 0, '2020-04-30 05:18:58'),
(227, 2, 3, 18, 3, 1, '2020-04-30 05:18:58'),
(228, 2, 3, 18, 4, 0, '2020-04-30 05:18:58'),
(229, 2, 3, 18, 10, 0, '2020-04-30 05:18:58'),
(230, 2, 3, 18, 11, 0, '2020-04-30 05:18:58'),
(231, 2, 3, 18, 17, 0, '2020-04-30 05:18:58'),
(232, 2, 3, 18, 18, 1, '2020-04-30 05:18:58'),
(233, 2, 3, 19, 3, 0, '2020-04-30 05:18:58'),
(234, 2, 3, 19, 4, 0, '2020-04-30 05:18:58'),
(235, 2, 3, 19, 10, 0, '2020-04-30 05:18:58'),
(236, 2, 3, 19, 11, 1, '2020-04-30 05:18:58'),
(237, 2, 3, 19, 17, 0, '2020-04-30 05:18:58'),
(238, 2, 3, 19, 18, 0, '2020-04-30 05:18:58'),
(239, 2, 3, 20, 3, 0, '2020-04-30 05:18:58'),
(240, 2, 3, 20, 4, 0, '2020-04-30 05:18:58'),
(241, 2, 3, 20, 10, 1, '2020-04-30 05:18:58'),
(242, 2, 3, 20, 11, 0, '2020-04-30 05:18:58'),
(243, 2, 3, 20, 17, 0, '2020-04-30 05:18:58'),
(244, 2, 3, 20, 18, 0, '2020-04-30 05:18:58'),
(245, 2, 3, 21, 3, 0, '2020-04-30 05:18:58'),
(246, 2, 3, 21, 4, 0, '2020-04-30 05:18:58'),
(247, 2, 3, 21, 10, 0, '2020-04-30 05:18:58'),
(248, 2, 3, 21, 11, 0, '2020-04-30 05:18:58'),
(249, 2, 3, 21, 17, 0, '2020-04-30 05:18:58'),
(250, 2, 3, 21, 18, 0, '2020-04-30 05:18:58'),
(251, 2, 3, 22, 3, 0, '2020-04-30 05:18:58'),
(252, 2, 3, 22, 4, 1, '2020-04-30 05:18:58'),
(253, 2, 3, 22, 10, 0, '2020-04-30 05:18:58'),
(254, 2, 3, 22, 11, 0, '2020-04-30 05:18:58'),
(255, 2, 3, 22, 17, 1, '2020-04-30 05:18:58'),
(256, 2, 3, 22, 18, 1, '2020-04-30 05:18:58'),
(257, 2, 3, 23, 3, 2, '2020-04-30 05:18:58'),
(258, 2, 3, 23, 4, 2, '2020-04-30 05:18:58'),
(259, 2, 3, 23, 10, 0, '2020-04-30 05:18:58'),
(260, 2, 3, 23, 11, 0, '2020-04-30 05:18:58'),
(261, 2, 3, 23, 17, 2, '2020-04-30 05:18:58'),
(262, 2, 3, 23, 18, 2, '2020-04-30 05:18:58'),
(263, 2, 4, 3, 3, 1, '2020-04-30 05:18:58'),
(264, 2, 4, 3, 8, 0, '2020-04-30 05:18:58'),
(265, 2, 4, 3, 13, 0, '2020-04-30 05:18:58'),
(266, 2, 4, 3, 18, 1, '2020-04-30 05:18:58'),
(267, 2, 4, 4, 2, 1, '2020-04-30 05:18:58'),
(268, 2, 4, 4, 4, 0, '2020-04-30 05:18:58'),
(269, 2, 4, 4, 7, 0, '2020-04-30 05:18:58'),
(270, 2, 4, 4, 9, 1, '2020-04-30 05:18:58'),
(271, 2, 4, 4, 12, 1, '2020-04-30 05:18:58'),
(272, 2, 4, 4, 14, 0, '2020-04-30 05:18:58'),
(273, 2, 4, 4, 17, 0, '2020-04-30 05:18:58'),
(274, 2, 4, 4, 19, 1, '2020-04-30 05:18:58'),
(275, 2, 4, 5, 3, 0, '2020-04-30 05:18:58'),
(276, 2, 4, 5, 8, 0, '2020-04-30 05:18:58'),
(277, 2, 4, 5, 13, 0, '2020-04-30 05:18:58'),
(278, 2, 4, 5, 18, 0, '2020-04-30 05:18:58'),
(279, 2, 4, 8, 3, 1, '2020-04-30 05:18:58'),
(280, 2, 4, 8, 8, 0, '2020-04-30 05:18:58'),
(281, 2, 4, 8, 13, 0, '2020-04-30 05:18:58'),
(282, 2, 4, 8, 18, 0, '2020-04-30 05:18:58'),
(283, 2, 4, 9, 2, 0, '2020-04-30 05:18:58'),
(284, 2, 4, 9, 4, 0, '2020-04-30 05:18:58'),
(285, 2, 4, 9, 7, 0, '2020-04-30 05:18:58'),
(286, 2, 4, 9, 9, 0, '2020-04-30 05:18:58'),
(287, 2, 4, 9, 12, 0, '2020-04-30 05:18:58'),
(288, 2, 4, 9, 14, 0, '2020-04-30 05:18:58'),
(289, 2, 4, 9, 17, 0, '2020-04-30 05:18:58'),
(290, 2, 4, 9, 19, 0, '2020-04-30 05:18:58'),
(291, 2, 4, 10, 3, 1, '2020-04-30 05:18:58'),
(292, 2, 4, 10, 8, 0, '2020-04-30 05:18:58'),
(293, 2, 4, 10, 13, 0, '2020-04-30 05:18:58'),
(294, 2, 4, 10, 18, 1, '2020-04-30 05:18:58'),
(295, 2, 4, 13, 3, 0, '2020-04-30 05:18:58'),
(296, 2, 4, 13, 8, 0, '2020-04-30 05:18:58'),
(297, 2, 4, 13, 13, 0, '2020-04-30 05:18:58'),
(298, 2, 4, 13, 18, 0, '2020-04-30 05:18:58'),
(299, 2, 4, 14, 2, 0, '2020-04-30 05:18:58'),
(300, 2, 4, 14, 4, 1, '2020-04-30 05:18:58'),
(301, 2, 4, 14, 7, 0, '2020-04-30 05:18:58'),
(302, 2, 4, 14, 9, 0, '2020-04-30 05:18:58'),
(303, 2, 4, 14, 12, 0, '2020-04-30 05:18:58'),
(304, 2, 4, 14, 14, 0, '2020-04-30 05:18:58'),
(305, 2, 4, 14, 17, 1, '2020-04-30 05:18:58'),
(306, 2, 4, 14, 19, 0, '2020-04-30 05:18:58'),
(307, 2, 4, 15, 3, 0, '2020-04-30 05:18:58'),
(308, 2, 4, 15, 8, 0, '2020-04-30 05:18:58'),
(309, 2, 4, 15, 13, 0, '2020-04-30 05:18:58'),
(310, 2, 4, 15, 18, 0, '2020-04-30 05:18:58'),
(311, 2, 4, 18, 3, 0, '2020-04-30 05:18:58'),
(312, 2, 4, 18, 8, 0, '2020-04-30 05:18:58'),
(313, 2, 4, 18, 13, 1, '2020-04-30 05:18:58'),
(314, 2, 4, 18, 18, 0, '2020-04-30 05:18:58'),
(315, 2, 4, 19, 2, 0, '2020-04-30 05:18:58'),
(316, 2, 4, 19, 4, 0, '2020-04-30 05:18:58'),
(317, 2, 4, 19, 7, 0, '2020-04-30 05:18:58'),
(318, 2, 4, 19, 9, 1, '2020-04-30 05:18:58'),
(319, 2, 4, 19, 12, 1, '2020-04-30 05:18:58'),
(320, 2, 4, 19, 14, 0, '2020-04-30 05:18:58'),
(321, 2, 4, 19, 17, 0, '2020-04-30 05:18:58'),
(322, 2, 4, 19, 19, 0, '2020-04-30 05:18:58'),
(323, 2, 4, 20, 3, 0, '2020-04-30 05:18:58'),
(324, 2, 4, 20, 8, 0, '2020-04-30 05:18:58'),
(325, 2, 4, 20, 13, 0, '2020-04-30 05:18:58'),
(326, 2, 4, 20, 18, 0, '2020-04-30 05:18:58'),
(327, 2, 2, 2, 10, 1, '2020-04-30 05:20:18'),
(328, 2, 2, 2, 11, 0, '2020-04-30 05:20:18'),
(329, 2, 2, 3, 10, 0, '2020-04-30 05:20:18'),
(330, 2, 2, 3, 11, 1, '2020-04-30 05:20:18'),
(331, 2, 2, 23, 10, 0, '2020-04-30 05:20:18'),
(332, 2, 2, 23, 11, 2, '2020-04-30 05:20:18'),
(333, 2, 2, 24, 10, 2, '2020-04-30 05:20:18'),
(334, 2, 2, 24, 11, 0, '2020-04-30 05:20:18'),
(337, 2, 2, 2, 10, 1, '2020-04-30 05:20:33'),
(338, 2, 2, 2, 11, 0, '2020-04-30 05:20:33'),
(339, 2, 2, 3, 10, 0, '2020-04-30 05:20:33'),
(340, 2, 2, 3, 11, 1, '2020-04-30 05:20:33'),
(341, 2, 2, 23, 10, 0, '2020-04-30 05:20:33'),
(342, 2, 2, 23, 11, 2, '2020-04-30 05:20:33'),
(343, 2, 2, 24, 10, 2, '2020-04-30 05:20:33'),
(344, 2, 2, 24, 11, 0, '2020-04-30 05:20:33'),
(347, 2, 2, 2, 10, 1, '2020-04-30 05:21:04'),
(348, 2, 2, 2, 11, 0, '2020-04-30 05:21:04'),
(349, 2, 2, 3, 10, 0, '2020-04-30 05:21:04'),
(350, 2, 2, 3, 11, 1, '2020-04-30 05:21:04'),
(351, 2, 2, 23, 10, 0, '2020-04-30 05:21:04'),
(352, 2, 2, 23, 11, 2, '2020-04-30 05:21:04'),
(353, 2, 2, 24, 10, 2, '2020-04-30 05:21:04'),
(354, 2, 2, 24, 11, 0, '2020-04-30 05:21:04'),
(355, 2, 4, 23, 2, 0, '2020-04-30 05:21:04'),
(356, 2, 4, 23, 3, 0, '2020-04-30 05:21:04'),
(357, 2, 4, 23, 18, 0, '2020-04-30 05:21:04'),
(358, 2, 4, 23, 19, 0, '2020-04-30 05:21:04'),
(359, 2, 4, 24, 2, 0, '2020-04-30 05:21:04'),
(360, 2, 4, 24, 3, 2, '2020-04-30 05:21:04'),
(361, 2, 4, 24, 18, 0, '2020-04-30 05:21:04'),
(362, 2, 4, 24, 19, 2, '2020-04-30 05:21:04'),
(365, 2, 2, 2, 9, 0, '2020-04-30 05:21:33'),
(366, 2, 2, 2, 10, 1, '2020-04-30 05:21:33'),
(367, 2, 2, 2, 11, 0, '2020-04-30 05:21:33'),
(368, 2, 2, 2, 12, 0, '2020-04-30 05:21:33'),
(369, 2, 2, 3, 9, 1, '2020-04-30 05:21:33'),
(370, 2, 2, 3, 10, 0, '2020-04-30 05:21:33'),
(371, 2, 2, 3, 11, 1, '2020-04-30 05:21:33'),
(372, 2, 2, 3, 12, 0, '2020-04-30 05:21:33'),
(373, 2, 2, 11, 3, 0, '2020-04-30 05:21:33'),
(374, 2, 2, 11, 4, 1, '2020-04-30 05:21:33'),
(375, 2, 2, 11, 17, 0, '2020-04-30 05:21:33'),
(376, 2, 2, 11, 18, 0, '2020-04-30 05:21:33'),
(377, 2, 2, 23, 9, 2, '2020-04-30 05:21:33'),
(378, 2, 2, 23, 10, 0, '2020-04-30 05:21:33'),
(379, 2, 2, 23, 11, 2, '2020-04-30 05:21:33'),
(380, 2, 2, 23, 12, 0, '2020-04-30 05:21:33'),
(381, 2, 2, 24, 9, 0, '2020-04-30 05:21:33'),
(382, 2, 2, 24, 10, 2, '2020-04-30 05:21:33'),
(383, 2, 2, 24, 11, 0, '2020-04-30 05:21:33'),
(384, 2, 2, 24, 12, 2, '2020-04-30 05:21:33'),
(385, 2, 4, 23, 2, 0, '2020-04-30 05:21:33'),
(386, 2, 4, 23, 3, 0, '2020-04-30 05:21:33'),
(387, 2, 4, 23, 18, 0, '2020-04-30 05:21:33'),
(388, 2, 4, 23, 19, 0, '2020-04-30 05:21:33'),
(389, 2, 4, 24, 2, 0, '2020-04-30 05:21:33'),
(390, 2, 4, 24, 3, 2, '2020-04-30 05:21:33'),
(391, 2, 4, 24, 18, 0, '2020-04-30 05:21:33'),
(392, 2, 4, 24, 19, 2, '2020-04-30 05:21:33'),
(395, 2, 2, 2, 9, 0, '2020-04-30 05:21:48'),
(396, 2, 2, 2, 10, 1, '2020-04-30 05:21:48'),
(397, 2, 2, 2, 11, 0, '2020-04-30 05:21:48'),
(398, 2, 2, 2, 12, 0, '2020-04-30 05:21:48'),
(399, 2, 2, 3, 9, 1, '2020-04-30 05:21:48'),
(400, 2, 2, 3, 10, 0, '2020-04-30 05:21:48'),
(401, 2, 2, 3, 11, 1, '2020-04-30 05:21:48'),
(402, 2, 2, 3, 12, 0, '2020-04-30 05:21:48'),
(403, 2, 2, 11, 3, 0, '2020-04-30 05:21:48'),
(404, 2, 2, 11, 4, 1, '2020-04-30 05:21:48'),
(405, 2, 2, 11, 17, 0, '2020-04-30 05:21:48'),
(406, 2, 2, 11, 18, 0, '2020-04-30 05:21:48'),
(407, 2, 2, 23, 9, 2, '2020-04-30 05:21:48'),
(408, 2, 2, 23, 10, 0, '2020-04-30 05:21:48'),
(409, 2, 2, 23, 11, 2, '2020-04-30 05:21:48'),
(410, 2, 2, 23, 12, 0, '2020-04-30 05:21:48'),
(411, 2, 2, 24, 9, 0, '2020-04-30 05:21:48'),
(412, 2, 2, 24, 10, 2, '2020-04-30 05:21:48'),
(413, 2, 2, 24, 11, 0, '2020-04-30 05:21:48'),
(414, 2, 2, 24, 12, 2, '2020-04-30 05:21:48'),
(415, 2, 4, 23, 2, 0, '2020-04-30 05:21:48'),
(416, 2, 4, 23, 3, 0, '2020-04-30 05:21:48'),
(417, 2, 4, 23, 18, 0, '2020-04-30 05:21:48'),
(418, 2, 4, 23, 19, 0, '2020-04-30 05:21:48'),
(419, 2, 4, 24, 2, 0, '2020-04-30 05:21:48'),
(420, 2, 4, 24, 3, 2, '2020-04-30 05:21:48'),
(421, 2, 4, 24, 18, 0, '2020-04-30 05:21:48'),
(422, 2, 4, 24, 19, 2, '2020-04-30 05:21:48'),
(425, 2, 2, 2, 9, 0, '2020-04-30 05:21:48'),
(426, 2, 2, 2, 10, 1, '2020-04-30 05:21:48'),
(427, 2, 2, 2, 11, 0, '2020-04-30 05:21:48'),
(428, 2, 2, 2, 12, 0, '2020-04-30 05:21:48'),
(429, 2, 2, 3, 9, 1, '2020-04-30 05:21:48'),
(430, 2, 2, 3, 10, 0, '2020-04-30 05:21:48'),
(431, 2, 2, 3, 11, 1, '2020-04-30 05:21:48'),
(432, 2, 2, 3, 12, 0, '2020-04-30 05:21:48'),
(433, 2, 2, 11, 3, 0, '2020-04-30 05:21:48'),
(434, 2, 2, 11, 4, 1, '2020-04-30 05:21:48'),
(435, 2, 2, 11, 17, 0, '2020-04-30 05:21:48'),
(436, 2, 2, 11, 18, 0, '2020-04-30 05:21:48'),
(437, 2, 2, 23, 9, 2, '2020-04-30 05:21:48'),
(438, 2, 2, 23, 10, 0, '2020-04-30 05:21:48'),
(439, 2, 2, 23, 11, 2, '2020-04-30 05:21:48'),
(440, 2, 2, 23, 12, 0, '2020-04-30 05:21:48'),
(441, 2, 2, 24, 9, 0, '2020-04-30 05:21:48'),
(442, 2, 2, 24, 10, 2, '2020-04-30 05:21:48'),
(443, 2, 2, 24, 11, 0, '2020-04-30 05:21:48'),
(444, 2, 2, 24, 12, 2, '2020-04-30 05:21:48'),
(445, 2, 4, 23, 2, 0, '2020-04-30 05:21:48'),
(446, 2, 4, 23, 3, 0, '2020-04-30 05:21:48'),
(447, 2, 4, 23, 18, 0, '2020-04-30 05:21:48'),
(448, 2, 4, 23, 19, 0, '2020-04-30 05:21:48'),
(449, 2, 4, 24, 2, 0, '2020-04-30 05:21:48'),
(450, 2, 4, 24, 3, 2, '2020-04-30 05:21:48'),
(451, 2, 4, 24, 18, 0, '2020-04-30 05:21:48'),
(452, 2, 4, 24, 19, 2, '2020-04-30 05:21:48'),
(453, 1, 1, 2, 2, 1, '2020-04-30 05:37:38'),
(454, 1, 1, 2, 3, 1, '2020-04-30 05:37:38'),
(455, 1, 1, 2, 7, 0, '2020-04-30 05:37:38'),
(456, 1, 1, 2, 8, 0, '2020-04-30 05:37:38'),
(457, 1, 1, 2, 13, 0, '2020-04-30 05:37:38'),
(458, 1, 1, 2, 14, 0, '2020-04-30 05:37:38'),
(459, 1, 1, 2, 18, 1, '2020-04-30 05:37:38'),
(460, 1, 1, 2, 19, 1, '2020-04-30 05:37:38'),
(461, 1, 1, 3, 2, 1, '2020-04-30 05:37:38'),
(462, 1, 1, 3, 3, 0, '2020-04-30 05:37:38'),
(463, 1, 1, 3, 7, 0, '2020-04-30 05:37:38'),
(464, 1, 1, 3, 8, 0, '2020-04-30 05:37:38'),
(465, 1, 1, 3, 13, 0, '2020-04-30 05:37:38'),
(466, 1, 1, 3, 14, 0, '2020-04-30 05:37:38'),
(467, 1, 1, 3, 18, 0, '2020-04-30 05:37:38'),
(468, 1, 1, 3, 19, 0, '2020-04-30 05:37:38'),
(469, 1, 1, 6, 2, 0, '2020-04-30 05:37:38'),
(470, 1, 1, 6, 3, 0, '2020-04-30 05:37:38'),
(471, 1, 1, 6, 7, 0, '2020-04-30 05:37:38'),
(472, 1, 1, 6, 8, 0, '2020-04-30 05:37:38'),
(473, 1, 1, 6, 13, 0, '2020-04-30 05:37:38'),
(474, 1, 1, 6, 14, 0, '2020-04-30 05:37:38'),
(475, 1, 1, 6, 18, 0, '2020-04-30 05:37:38'),
(476, 1, 1, 6, 19, 0, '2020-04-30 05:37:38'),
(477, 1, 1, 7, 2, 0, '2020-04-30 05:37:38'),
(478, 1, 1, 7, 3, 0, '2020-04-30 05:37:38'),
(479, 1, 1, 7, 7, 0, '2020-04-30 05:37:38'),
(480, 1, 1, 7, 8, 0, '2020-04-30 05:37:38'),
(481, 1, 1, 7, 13, 0, '2020-04-30 05:37:38'),
(482, 1, 1, 7, 14, 0, '2020-04-30 05:37:38'),
(483, 1, 1, 7, 18, 0, '2020-04-30 05:37:38'),
(484, 1, 1, 7, 19, 0, '2020-04-30 05:37:38'),
(485, 1, 1, 10, 2, 0, '2020-04-30 05:37:38'),
(486, 1, 1, 10, 3, 0, '2020-04-30 05:37:38'),
(487, 1, 1, 10, 7, 0, '2020-04-30 05:37:38'),
(488, 1, 1, 10, 8, 0, '2020-04-30 05:37:38'),
(489, 1, 1, 10, 13, 0, '2020-04-30 05:37:38'),
(490, 1, 1, 10, 14, 0, '2020-04-30 05:37:38'),
(491, 1, 1, 10, 18, 0, '2020-04-30 05:37:38'),
(492, 1, 1, 10, 19, 0, '2020-04-30 05:37:38'),
(493, 1, 1, 11, 2, 0, '2020-04-30 05:37:38'),
(494, 1, 1, 11, 3, 0, '2020-04-30 05:37:38'),
(495, 1, 1, 11, 7, 0, '2020-04-30 05:37:38'),
(496, 1, 1, 11, 8, 0, '2020-04-30 05:37:38'),
(497, 1, 1, 11, 13, 0, '2020-04-30 05:37:38'),
(498, 1, 1, 11, 14, 0, '2020-04-30 05:37:38'),
(499, 1, 1, 11, 18, 0, '2020-04-30 05:37:38'),
(500, 1, 1, 11, 19, 0, '2020-04-30 05:37:38'),
(501, 1, 1, 15, 2, 0, '2020-04-30 05:37:38'),
(502, 1, 1, 15, 3, 0, '2020-04-30 05:37:38'),
(503, 1, 1, 15, 7, 0, '2020-04-30 05:37:38'),
(504, 1, 1, 15, 8, 0, '2020-04-30 05:37:38'),
(505, 1, 1, 15, 13, 0, '2020-04-30 05:37:38'),
(506, 1, 1, 15, 14, 0, '2020-04-30 05:37:38'),
(507, 1, 1, 15, 18, 0, '2020-04-30 05:37:38'),
(508, 1, 1, 15, 19, 0, '2020-04-30 05:37:38'),
(509, 1, 1, 16, 2, 0, '2020-04-30 05:37:38'),
(510, 1, 1, 16, 3, 0, '2020-04-30 05:37:38'),
(511, 1, 1, 16, 7, 0, '2020-04-30 05:37:38'),
(512, 1, 1, 16, 8, 0, '2020-04-30 05:37:38'),
(513, 1, 1, 16, 13, 0, '2020-04-30 05:37:38'),
(514, 1, 1, 16, 14, 0, '2020-04-30 05:37:38'),
(515, 1, 1, 16, 18, 0, '2020-04-30 05:37:38'),
(516, 1, 1, 16, 19, 0, '2020-04-30 05:37:38'),
(517, 1, 1, 19, 2, 0, '2020-04-30 05:37:38'),
(518, 1, 1, 19, 3, 0, '2020-04-30 05:37:38'),
(519, 1, 1, 19, 7, 0, '2020-04-30 05:37:38'),
(520, 1, 1, 19, 8, 0, '2020-04-30 05:37:38'),
(521, 1, 1, 19, 13, 0, '2020-04-30 05:37:38'),
(522, 1, 1, 19, 14, 0, '2020-04-30 05:37:38'),
(523, 1, 1, 19, 18, 0, '2020-04-30 05:37:38'),
(524, 1, 1, 19, 19, 0, '2020-04-30 05:37:38'),
(525, 1, 1, 20, 2, 0, '2020-04-30 05:37:38'),
(526, 1, 1, 20, 3, 0, '2020-04-30 05:37:38'),
(527, 1, 1, 20, 7, 0, '2020-04-30 05:37:38'),
(528, 1, 1, 20, 8, 0, '2020-04-30 05:37:38'),
(529, 1, 1, 20, 13, 0, '2020-04-30 05:37:38'),
(530, 1, 1, 20, 14, 0, '2020-04-30 05:37:38'),
(531, 1, 1, 20, 18, 0, '2020-04-30 05:37:38'),
(532, 1, 1, 20, 19, 0, '2020-04-30 05:37:38'),
(533, 1, 1, 23, 2, 2, '2020-04-30 05:37:38'),
(534, 1, 1, 23, 3, 1, '2020-04-30 05:37:38'),
(535, 1, 1, 23, 18, 2, '2020-04-30 05:37:38'),
(536, 1, 1, 23, 19, 1, '2020-04-30 05:37:38'),
(537, 1, 1, 24, 2, 1, '2020-04-30 05:37:38'),
(538, 1, 1, 24, 3, 2, '2020-04-30 05:37:38'),
(539, 1, 1, 24, 18, 1, '2020-04-30 05:37:38'),
(540, 1, 1, 24, 19, 2, '2020-04-30 05:37:38'),
(541, 1, 2, 3, 3, 0, '2020-04-30 05:37:38'),
(542, 1, 2, 3, 18, 2, '2020-04-30 05:37:38'),
(543, 1, 2, 4, 2, 1, '2020-04-30 05:37:38'),
(544, 1, 2, 4, 4, 1, '2020-04-30 05:37:38'),
(545, 1, 2, 4, 17, 2, '2020-04-30 05:37:38'),
(546, 1, 2, 4, 19, 1, '2020-04-30 05:37:38'),
(547, 1, 2, 5, 3, 0, '2020-04-30 05:37:38'),
(548, 1, 2, 5, 18, 0, '2020-04-30 05:37:38'),
(549, 1, 2, 8, 3, 2, '2020-04-30 05:37:38'),
(550, 1, 2, 8, 18, 2, '2020-04-30 05:37:38'),
(551, 1, 2, 9, 2, 2, '2020-04-30 05:37:38'),
(552, 1, 2, 9, 4, 2, '2020-04-30 05:37:38'),
(553, 1, 2, 9, 17, 2, '2020-04-30 05:37:38'),
(554, 1, 2, 9, 19, 2, '2020-04-30 05:37:38'),
(555, 1, 2, 10, 3, 2, '2020-04-30 05:37:38'),
(556, 1, 2, 10, 18, 2, '2020-04-30 05:37:38'),
(557, 1, 2, 16, 3, 2, '2020-04-30 05:37:38'),
(558, 1, 2, 16, 18, 2, '2020-04-30 05:37:38'),
(559, 1, 2, 17, 2, 2, '2020-04-30 05:37:38'),
(560, 1, 2, 17, 4, 2, '2020-04-30 05:37:38'),
(561, 1, 2, 17, 17, 2, '2020-04-30 05:37:38'),
(562, 1, 2, 17, 19, 2, '2020-04-30 05:37:38'),
(563, 1, 2, 18, 3, 2, '2020-04-30 05:37:38'),
(564, 1, 2, 18, 18, 2, '2020-04-30 05:37:38'),
(565, 1, 2, 21, 3, 2, '2020-04-30 05:37:38'),
(566, 1, 2, 21, 18, 2, '2020-04-30 05:37:38'),
(567, 1, 2, 22, 2, 2, '2020-04-30 05:37:38'),
(568, 1, 2, 22, 4, 2, '2020-04-30 05:37:38'),
(569, 1, 2, 22, 17, 2, '2020-04-30 05:37:38'),
(570, 1, 2, 22, 19, 2, '2020-04-30 05:37:38'),
(571, 1, 2, 23, 3, 2, '2020-04-30 05:37:38'),
(572, 1, 2, 23, 18, 2, '2020-04-30 05:37:38'),
(573, 3, 1, 3, 3, 2, '2020-04-30 05:41:52'),
(574, 3, 1, 3, 4, 2, '2020-04-30 05:41:52'),
(575, 3, 1, 3, 10, 0, '2020-04-30 05:41:52'),
(576, 3, 1, 3, 11, 2, '2020-04-30 05:41:52'),
(577, 3, 1, 3, 17, 0, '2020-04-30 05:41:52'),
(578, 3, 1, 3, 18, 2, '2020-04-30 05:41:52'),
(579, 3, 1, 4, 3, 2, '2020-04-30 05:41:52'),
(580, 3, 1, 4, 4, 2, '2020-04-30 05:41:52'),
(581, 3, 1, 4, 10, 0, '2020-04-30 05:41:52'),
(582, 3, 1, 4, 11, 2, '2020-04-30 05:41:52'),
(583, 3, 1, 4, 17, 2, '2020-04-30 05:41:52'),
(584, 3, 1, 4, 18, 2, '2020-04-30 05:41:52'),
(585, 3, 1, 5, 3, 2, '2020-04-30 05:41:52'),
(586, 3, 1, 5, 4, 2, '2020-04-30 05:41:52'),
(587, 3, 1, 5, 17, 2, '2020-04-30 05:41:52'),
(588, 3, 1, 5, 18, 2, '2020-04-30 05:41:52'),
(589, 3, 1, 9, 3, 2, '2020-04-30 05:41:52'),
(590, 3, 1, 9, 4, 2, '2020-04-30 05:41:52'),
(591, 3, 1, 9, 17, 2, '2020-04-30 05:41:52'),
(592, 3, 1, 9, 18, 2, '2020-04-30 05:41:52'),
(593, 3, 1, 10, 3, 2, '2020-04-30 05:41:52'),
(594, 3, 1, 10, 4, 2, '2020-04-30 05:41:52'),
(595, 3, 1, 10, 17, 2, '2020-04-30 05:41:52'),
(596, 3, 1, 10, 18, 2, '2020-04-30 05:41:52'),
(597, 3, 1, 11, 3, 2, '2020-04-30 05:41:52'),
(598, 3, 1, 11, 4, 2, '2020-04-30 05:41:52'),
(599, 3, 1, 11, 17, 2, '2020-04-30 05:41:52'),
(600, 3, 1, 11, 18, 2, '2020-04-30 05:41:52'),
(601, 3, 1, 14, 3, 2, '2020-04-30 05:41:52'),
(602, 3, 1, 14, 4, 2, '2020-04-30 05:41:52'),
(603, 3, 1, 14, 17, 2, '2020-04-30 05:41:52'),
(604, 3, 1, 14, 18, 2, '2020-04-30 05:41:52'),
(605, 3, 1, 15, 3, 2, '2020-04-30 05:41:52'),
(606, 3, 1, 15, 4, 2, '2020-04-30 05:41:52'),
(607, 3, 1, 15, 17, 2, '2020-04-30 05:41:52'),
(608, 3, 1, 15, 18, 2, '2020-04-30 05:41:52'),
(609, 3, 1, 16, 3, 2, '2020-04-30 05:41:52'),
(610, 3, 1, 16, 4, 2, '2020-04-30 05:41:52'),
(611, 3, 1, 16, 17, 2, '2020-04-30 05:41:52'),
(612, 3, 1, 16, 18, 2, '2020-04-30 05:41:52'),
(613, 3, 1, 19, 4, 2, '2020-04-30 05:41:52'),
(614, 3, 1, 19, 17, 2, '2020-04-30 05:41:52'),
(615, 3, 1, 20, 3, 2, '2020-04-30 05:41:52'),
(616, 3, 1, 20, 5, 2, '2020-04-30 05:41:52'),
(617, 3, 1, 20, 16, 2, '2020-04-30 05:41:52'),
(618, 3, 1, 20, 18, 2, '2020-04-30 05:41:52'),
(619, 3, 1, 21, 4, 2, '2020-04-30 05:41:52'),
(620, 3, 1, 21, 17, 2, '2020-04-30 05:41:52'),
(621, 3, 2, 4, 9, 1, '2020-04-30 05:41:52'),
(622, 3, 2, 4, 10, 1, '2020-04-30 05:41:52'),
(623, 3, 2, 4, 11, 1, '2020-04-30 05:41:52'),
(624, 3, 2, 4, 12, 1, '2020-04-30 05:41:52'),
(625, 3, 2, 5, 9, 1, '2020-04-30 05:41:52'),
(626, 3, 2, 5, 10, 1, '2020-04-30 05:41:52'),
(627, 3, 2, 5, 11, 1, '2020-04-30 05:41:52'),
(628, 3, 2, 5, 12, 1, '2020-04-30 05:41:52'),
(629, 3, 2, 8, 9, 1, '2020-04-30 05:41:52'),
(630, 3, 2, 8, 10, 1, '2020-04-30 05:41:52'),
(631, 3, 2, 8, 11, 1, '2020-04-30 05:41:52'),
(632, 3, 2, 8, 12, 1, '2020-04-30 05:41:52'),
(633, 3, 2, 9, 9, 1, '2020-04-30 05:41:52'),
(634, 3, 2, 9, 10, 1, '2020-04-30 05:41:52'),
(635, 3, 2, 9, 11, 1, '2020-04-30 05:41:52'),
(636, 3, 2, 9, 12, 1, '2020-04-30 05:41:52'),
(637, 3, 2, 12, 9, 1, '2020-04-30 05:41:52'),
(638, 3, 2, 12, 10, 1, '2020-04-30 05:41:52'),
(639, 3, 2, 12, 11, 1, '2020-04-30 05:41:52'),
(640, 3, 2, 12, 12, 1, '2020-04-30 05:41:52'),
(641, 3, 2, 13, 9, 1, '2020-04-30 05:41:52'),
(642, 3, 2, 13, 10, 1, '2020-04-30 05:41:52'),
(643, 3, 2, 13, 11, 1, '2020-04-30 05:41:52'),
(644, 3, 2, 13, 12, 1, '2020-04-30 05:41:52'),
(645, 3, 2, 16, 9, 1, '2020-04-30 05:41:52'),
(646, 3, 2, 16, 10, 1, '2020-04-30 05:41:52'),
(647, 3, 2, 16, 11, 1, '2020-04-30 05:41:52'),
(648, 3, 2, 16, 12, 1, '2020-04-30 05:41:52'),
(649, 3, 2, 17, 9, 1, '2020-04-30 05:41:52'),
(650, 3, 2, 17, 10, 1, '2020-04-30 05:41:52'),
(651, 3, 2, 17, 11, 1, '2020-04-30 05:41:52'),
(652, 3, 2, 17, 12, 1, '2020-04-30 05:41:52'),
(653, 3, 2, 20, 9, 1, '2020-04-30 05:41:52'),
(654, 3, 2, 20, 10, 1, '2020-04-30 05:41:52'),
(655, 3, 2, 20, 11, 1, '2020-04-30 05:41:52'),
(656, 3, 2, 20, 12, 1, '2020-04-30 05:41:52'),
(657, 3, 2, 21, 9, 1, '2020-04-30 05:41:52'),
(658, 3, 2, 21, 10, 1, '2020-04-30 05:41:52'),
(659, 3, 2, 21, 11, 1, '2020-04-30 05:41:52'),
(660, 3, 2, 21, 12, 1, '2020-04-30 05:41:52'),
(661, 4, 1, 3, 3, 2, '2020-04-30 05:44:28'),
(662, 4, 1, 3, 4, 0, '2020-04-30 05:44:28'),
(663, 4, 1, 3, 7, 0, '2020-04-30 05:44:28'),
(664, 4, 1, 3, 8, 0, '2020-04-30 05:44:28'),
(665, 4, 1, 3, 13, 0, '2020-04-30 05:44:28'),
(666, 4, 1, 3, 14, 0, '2020-04-30 05:44:28'),
(667, 4, 1, 3, 17, 0, '2020-04-30 05:44:28'),
(668, 4, 1, 3, 18, 0, '2020-04-30 05:44:28'),
(669, 4, 1, 4, 3, 0, '2020-04-30 05:44:28'),
(670, 4, 1, 4, 4, 0, '2020-04-30 05:44:28'),
(671, 4, 1, 4, 7, 0, '2020-04-30 05:44:28'),
(672, 4, 1, 4, 8, 0, '2020-04-30 05:44:28'),
(673, 4, 1, 4, 13, 0, '2020-04-30 05:44:28'),
(674, 4, 1, 4, 14, 0, '2020-04-30 05:44:28'),
(675, 4, 1, 4, 17, 0, '2020-04-30 05:44:28'),
(676, 4, 1, 4, 18, 0, '2020-04-30 05:44:28'),
(677, 4, 1, 5, 3, 0, '2020-04-30 05:44:28'),
(678, 4, 1, 5, 4, 0, '2020-04-30 05:44:28'),
(679, 4, 1, 5, 7, 0, '2020-04-30 05:44:28'),
(680, 4, 1, 5, 8, 0, '2020-04-30 05:44:28'),
(681, 4, 1, 5, 13, 0, '2020-04-30 05:44:28'),
(682, 4, 1, 5, 14, 0, '2020-04-30 05:44:28'),
(683, 4, 1, 5, 17, 0, '2020-04-30 05:44:28'),
(684, 4, 1, 5, 18, 0, '2020-04-30 05:44:28'),
(685, 4, 1, 8, 3, 0, '2020-04-30 05:44:28'),
(686, 4, 1, 8, 4, 0, '2020-04-30 05:44:28'),
(687, 4, 1, 8, 17, 0, '2020-04-30 05:44:28'),
(688, 4, 1, 8, 18, 0, '2020-04-30 05:44:28'),
(689, 4, 1, 9, 3, 0, '2020-04-30 05:44:28'),
(690, 4, 1, 9, 4, 0, '2020-04-30 05:44:28'),
(691, 4, 1, 9, 17, 0, '2020-04-30 05:44:28'),
(692, 4, 1, 9, 18, 0, '2020-04-30 05:44:28'),
(693, 4, 1, 10, 3, 0, '2020-04-30 05:44:28'),
(694, 4, 1, 10, 4, 0, '2020-04-30 05:44:28'),
(695, 4, 1, 10, 17, 0, '2020-04-30 05:44:28'),
(696, 4, 1, 10, 18, 0, '2020-04-30 05:44:28'),
(697, 5, 1, 4, 8, 0, '2020-04-30 05:45:42'),
(698, 5, 1, 4, 9, 0, '2020-04-30 05:45:42'),
(699, 5, 1, 4, 10, 0, '2020-04-30 05:45:42'),
(700, 5, 1, 4, 11, 0, '2020-04-30 05:45:42'),
(701, 5, 1, 4, 12, 0, '2020-04-30 05:45:42'),
(702, 5, 1, 4, 13, 0, '2020-04-30 05:45:42'),
(703, 5, 1, 5, 8, 1, '2020-04-30 05:45:42'),
(704, 5, 1, 5, 9, 0, '2020-04-30 05:45:42'),
(705, 5, 1, 5, 10, 0, '2020-04-30 05:45:42'),
(706, 5, 1, 5, 11, 0, '2020-04-30 05:45:42'),
(707, 5, 1, 5, 12, 0, '2020-04-30 05:45:42'),
(708, 5, 1, 5, 13, 1, '2020-04-30 05:45:42'),
(709, 5, 1, 8, 8, 0, '2020-04-30 05:45:42'),
(710, 5, 1, 8, 9, 0, '2020-04-30 05:45:42'),
(711, 5, 1, 8, 12, 0, '2020-04-30 05:45:42'),
(712, 5, 1, 8, 13, 0, '2020-04-30 05:45:42'),
(713, 5, 1, 9, 8, 2, '2020-04-30 05:45:42'),
(714, 5, 1, 9, 9, 0, '2020-04-30 05:45:42'),
(715, 5, 1, 9, 12, 0, '2020-04-30 05:45:42'),
(716, 5, 1, 9, 13, 0, '2020-04-30 05:45:42'),
(717, 5, 1, 12, 8, 0, '2020-04-30 05:45:42'),
(718, 5, 1, 12, 9, 1, '2020-04-30 05:45:42'),
(719, 5, 1, 12, 12, 0, '2020-04-30 05:45:42'),
(720, 5, 1, 12, 13, 0, '2020-04-30 05:45:42'),
(721, 5, 1, 13, 8, 0, '2020-04-30 05:45:42'),
(722, 5, 1, 13, 9, 1, '2020-04-30 05:45:42'),
(723, 5, 1, 13, 12, 1, '2020-04-30 05:45:42'),
(724, 5, 1, 13, 13, 1, '2020-04-30 05:45:42'),
(725, 5, 1, 16, 8, 0, '2020-04-30 05:45:42'),
(726, 5, 1, 16, 9, 1, '2020-04-30 05:45:42'),
(727, 5, 1, 16, 12, 1, '2020-04-30 05:45:42'),
(728, 5, 1, 16, 13, 0, '2020-04-30 05:45:42'),
(729, 5, 1, 17, 8, 1, '2020-04-30 05:45:42'),
(730, 5, 1, 17, 9, 2, '2020-04-30 05:45:42'),
(731, 5, 1, 17, 12, 2, '2020-04-30 05:45:42'),
(732, 5, 1, 17, 13, 0, '2020-04-30 05:45:42'),
(733, 6, 1, 3, 5, 0, '2020-04-30 05:47:00'),
(734, 6, 1, 3, 6, 0, '2020-04-30 05:47:00'),
(735, 6, 1, 3, 10, 0, '2020-04-30 05:47:00'),
(736, 6, 1, 3, 11, 0, '2020-04-30 05:47:00'),
(737, 6, 1, 3, 15, 0, '2020-04-30 05:47:00'),
(738, 6, 1, 3, 16, 0, '2020-04-30 05:47:00'),
(739, 6, 1, 4, 5, 0, '2020-04-30 05:47:00'),
(740, 6, 1, 4, 6, 0, '2020-04-30 05:47:00'),
(741, 6, 1, 4, 10, 0, '2020-04-30 05:47:00'),
(742, 6, 1, 4, 11, 0, '2020-04-30 05:47:00'),
(743, 6, 1, 4, 15, 0, '2020-04-30 05:47:00'),
(744, 6, 1, 4, 16, 0, '2020-04-30 05:47:00'),
(745, 6, 1, 5, 5, 0, '2020-04-30 05:47:00'),
(746, 6, 1, 5, 6, 0, '2020-04-30 05:47:00'),
(747, 6, 1, 5, 10, 0, '2020-04-30 05:47:00'),
(748, 6, 1, 5, 11, 0, '2020-04-30 05:47:00'),
(749, 6, 1, 5, 15, 0, '2020-04-30 05:47:00'),
(750, 6, 1, 5, 16, 0, '2020-04-30 05:47:00'),
(751, 6, 1, 8, 5, 0, '2020-04-30 05:47:00'),
(752, 6, 1, 8, 6, 0, '2020-04-30 05:47:00'),
(753, 6, 1, 8, 10, 0, '2020-04-30 05:47:00'),
(754, 6, 1, 8, 11, 0, '2020-04-30 05:47:00'),
(755, 6, 1, 8, 15, 0, '2020-04-30 05:47:00'),
(756, 6, 1, 8, 16, 0, '2020-04-30 05:47:00'),
(757, 6, 1, 9, 5, 0, '2020-04-30 05:47:00'),
(758, 6, 1, 9, 6, 0, '2020-04-30 05:47:00'),
(759, 6, 1, 9, 10, 0, '2020-04-30 05:47:00'),
(760, 6, 1, 9, 11, 0, '2020-04-30 05:47:00'),
(761, 6, 1, 9, 15, 0, '2020-04-30 05:47:00'),
(762, 6, 1, 9, 16, 0, '2020-04-30 05:47:00'),
(763, 6, 1, 10, 5, 0, '2020-04-30 05:47:00'),
(764, 6, 1, 10, 6, 0, '2020-04-30 05:47:00'),
(765, 6, 1, 10, 10, 0, '2020-04-30 05:47:00'),
(766, 6, 1, 10, 11, 0, '2020-04-30 05:47:00'),
(767, 6, 1, 10, 15, 0, '2020-04-30 05:47:00'),
(768, 6, 1, 10, 16, 0, '2020-04-30 05:47:00'),
(769, 6, 1, 13, 5, 0, '2020-04-30 05:47:00'),
(770, 6, 1, 13, 6, 0, '2020-04-30 05:47:00'),
(771, 6, 1, 13, 10, 0, '2020-04-30 05:47:00'),
(772, 6, 1, 13, 11, 0, '2020-04-30 05:47:00'),
(773, 6, 1, 13, 15, 0, '2020-04-30 05:47:00'),
(774, 6, 1, 13, 16, 0, '2020-04-30 05:47:00'),
(775, 6, 1, 14, 5, 0, '2020-04-30 05:47:00'),
(776, 6, 1, 14, 6, 0, '2020-04-30 05:47:00'),
(777, 6, 1, 14, 10, 0, '2020-04-30 05:47:00'),
(778, 6, 1, 14, 11, 0, '2020-04-30 05:47:00'),
(779, 6, 1, 14, 15, 0, '2020-04-30 05:47:00'),
(780, 6, 1, 14, 16, 0, '2020-04-30 05:47:00'),
(781, 6, 1, 15, 5, 0, '2020-04-30 05:47:00'),
(782, 6, 1, 15, 6, 0, '2020-04-30 05:47:00'),
(783, 6, 1, 15, 10, 0, '2020-04-30 05:47:00'),
(784, 6, 1, 15, 11, 0, '2020-04-30 05:47:00'),
(785, 6, 1, 15, 15, 0, '2020-04-30 05:47:00'),
(786, 6, 1, 15, 16, 0, '2020-04-30 05:47:00'),
(787, 7, 1, 3, 3, 1, '2020-04-30 05:48:22'),
(788, 7, 1, 3, 8, 1, '2020-04-30 05:48:22'),
(789, 7, 1, 3, 13, 1, '2020-04-30 05:48:22'),
(790, 7, 1, 3, 18, 1, '2020-04-30 05:48:22'),
(791, 7, 1, 4, 2, 1, '2020-04-30 05:48:22'),
(792, 7, 1, 4, 4, 1, '2020-04-30 05:48:22'),
(793, 7, 1, 4, 7, 0, '2020-04-30 05:48:22'),
(794, 7, 1, 4, 9, 0, '2020-04-30 05:48:22'),
(795, 7, 1, 4, 12, 0, '2020-04-30 05:48:22'),
(796, 7, 1, 4, 14, 0, '2020-04-30 05:48:22'),
(797, 7, 1, 4, 17, 1, '2020-04-30 05:48:22'),
(798, 7, 1, 4, 19, 1, '2020-04-30 05:48:22'),
(799, 7, 1, 5, 3, 1, '2020-04-30 05:48:22'),
(800, 7, 1, 5, 8, 1, '2020-04-30 05:48:22'),
(801, 7, 1, 5, 13, 1, '2020-04-30 05:48:22'),
(802, 7, 1, 5, 18, 1, '2020-04-30 05:48:22'),
(803, 7, 1, 8, 3, 1, '2020-04-30 05:48:22'),
(804, 7, 1, 8, 8, 1, '2020-04-30 05:48:22'),
(805, 7, 1, 8, 13, 1, '2020-04-30 05:48:22'),
(806, 7, 1, 8, 18, 1, '2020-04-30 05:48:22'),
(807, 7, 1, 9, 2, 1, '2020-04-30 05:48:22'),
(808, 7, 1, 9, 4, 1, '2020-04-30 05:48:22'),
(809, 7, 1, 9, 7, 1, '2020-04-30 05:48:22'),
(810, 7, 1, 9, 9, 2, '2020-04-30 05:48:22'),
(811, 7, 1, 9, 12, 0, '2020-04-30 05:48:22'),
(812, 7, 1, 9, 14, 1, '2020-04-30 05:48:22'),
(813, 7, 1, 9, 17, 1, '2020-04-30 05:48:22'),
(814, 7, 1, 9, 19, 1, '2020-04-30 05:48:22'),
(815, 7, 1, 10, 3, 0, '2020-04-30 05:48:22'),
(816, 7, 1, 10, 8, 2, '2020-04-30 05:48:22'),
(817, 7, 1, 10, 13, 2, '2020-04-30 05:48:22'),
(818, 7, 1, 10, 18, 0, '2020-04-30 05:48:22'),
(819, 7, 1, 13, 3, 1, '2020-04-30 05:48:22'),
(820, 7, 1, 13, 18, 0, '2020-04-30 05:48:22'),
(821, 7, 1, 14, 2, 0, '2020-04-30 05:48:22'),
(822, 7, 1, 14, 4, 0, '2020-04-30 05:48:22'),
(823, 7, 1, 14, 17, 0, '2020-04-30 05:48:22'),
(824, 7, 1, 14, 19, 0, '2020-04-30 05:48:22'),
(825, 7, 1, 15, 3, 1, '2020-04-30 05:48:22'),
(826, 7, 1, 15, 18, 1, '2020-04-30 05:48:22'),
(827, 7, 1, 3, 3, 1, '2020-04-30 05:48:45'),
(828, 7, 1, 3, 8, 1, '2020-04-30 05:48:45'),
(829, 7, 1, 3, 13, 1, '2020-04-30 05:48:45'),
(830, 7, 1, 3, 18, 1, '2020-04-30 05:48:45'),
(831, 7, 1, 4, 2, 1, '2020-04-30 05:48:45'),
(832, 7, 1, 4, 4, 1, '2020-04-30 05:48:45'),
(833, 7, 1, 4, 7, 0, '2020-04-30 05:48:45'),
(834, 7, 1, 4, 9, 0, '2020-04-30 05:48:45'),
(835, 7, 1, 4, 12, 0, '2020-04-30 05:48:45'),
(836, 7, 1, 4, 14, 0, '2020-04-30 05:48:45'),
(837, 7, 1, 4, 17, 1, '2020-04-30 05:48:45'),
(838, 7, 1, 4, 19, 1, '2020-04-30 05:48:45'),
(839, 7, 1, 5, 3, 1, '2020-04-30 05:48:45'),
(840, 7, 1, 5, 8, 1, '2020-04-30 05:48:45'),
(841, 7, 1, 5, 13, 1, '2020-04-30 05:48:45'),
(842, 7, 1, 5, 18, 1, '2020-04-30 05:48:45'),
(843, 7, 1, 8, 3, 1, '2020-04-30 05:48:45'),
(844, 7, 1, 8, 8, 1, '2020-04-30 05:48:45'),
(845, 7, 1, 8, 13, 1, '2020-04-30 05:48:45'),
(846, 7, 1, 8, 18, 1, '2020-04-30 05:48:45'),
(847, 7, 1, 9, 2, 1, '2020-04-30 05:48:45'),
(848, 7, 1, 9, 4, 1, '2020-04-30 05:48:45'),
(849, 7, 1, 9, 7, 1, '2020-04-30 05:48:45'),
(850, 7, 1, 9, 9, 2, '2020-04-30 05:48:45'),
(851, 7, 1, 9, 12, 0, '2020-04-30 05:48:45'),
(852, 7, 1, 9, 14, 1, '2020-04-30 05:48:45'),
(853, 7, 1, 9, 17, 1, '2020-04-30 05:48:45'),
(854, 7, 1, 9, 19, 1, '2020-04-30 05:48:45'),
(855, 7, 1, 10, 3, 0, '2020-04-30 05:48:45'),
(856, 7, 1, 10, 8, 2, '2020-04-30 05:48:45'),
(857, 7, 1, 10, 13, 2, '2020-04-30 05:48:45'),
(858, 7, 1, 10, 18, 0, '2020-04-30 05:48:45'),
(859, 7, 1, 13, 3, 1, '2020-04-30 05:48:45'),
(860, 7, 1, 13, 18, 0, '2020-04-30 05:48:45'),
(861, 7, 1, 14, 2, 0, '2020-04-30 05:48:45'),
(862, 7, 1, 14, 4, 0, '2020-04-30 05:48:45'),
(863, 7, 1, 14, 17, 0, '2020-04-30 05:48:45'),
(864, 7, 1, 14, 19, 0, '2020-04-30 05:48:45'),
(865, 7, 1, 15, 3, 1, '2020-04-30 05:48:45'),
(866, 7, 1, 15, 18, 1, '2020-04-30 05:48:45'),
(867, 7, 2, 3, 3, 1, '2020-04-30 05:48:45'),
(868, 7, 2, 3, 4, 1, '2020-04-30 05:48:45'),
(869, 7, 2, 3, 7, 0, '2020-04-30 05:48:45'),
(870, 7, 2, 3, 8, 0, '2020-04-30 05:48:45'),
(871, 7, 2, 3, 14, 1, '2020-04-30 05:48:45'),
(872, 7, 2, 3, 15, 0, '2020-04-30 05:48:45'),
(873, 7, 2, 3, 17, 1, '2020-04-30 05:48:45'),
(874, 7, 2, 3, 18, 0, '2020-04-30 05:48:45'),
(875, 7, 2, 4, 3, 0, '2020-04-30 05:48:45'),
(876, 7, 2, 4, 4, 1, '2020-04-30 05:48:45'),
(877, 7, 2, 4, 7, 1, '2020-04-30 05:48:45'),
(878, 7, 2, 4, 8, 1, '2020-04-30 05:48:45'),
(879, 7, 2, 4, 14, 1, '2020-04-30 05:48:45'),
(880, 7, 2, 4, 15, 1, '2020-04-30 05:48:45'),
(881, 7, 2, 4, 17, 0, '2020-04-30 05:48:45'),
(882, 7, 2, 4, 18, 0, '2020-04-30 05:48:45'),
(883, 7, 2, 7, 3, 0, '2020-04-30 05:48:45'),
(884, 7, 2, 7, 4, 1, '2020-04-30 05:48:45'),
(885, 7, 2, 7, 7, 1, '2020-04-30 05:48:45'),
(886, 7, 2, 7, 8, 0, '2020-04-30 05:48:45'),
(887, 7, 2, 7, 14, 0, '2020-04-30 05:48:45'),
(888, 7, 2, 7, 15, 0, '2020-04-30 05:48:45'),
(889, 7, 2, 7, 17, 0, '2020-04-30 05:48:45'),
(890, 7, 2, 7, 18, 0, '2020-04-30 05:48:45'),
(891, 7, 2, 8, 3, 0, '2020-04-30 05:48:45'),
(892, 7, 2, 8, 4, 0, '2020-04-30 05:48:45'),
(893, 7, 2, 8, 7, 1, '2020-04-30 05:48:45'),
(894, 7, 2, 8, 8, 0, '2020-04-30 05:48:45'),
(895, 7, 2, 8, 14, 1, '2020-04-30 05:48:45'),
(896, 7, 2, 8, 15, 0, '2020-04-30 05:48:45'),
(897, 7, 2, 8, 17, 0, '2020-04-30 05:48:45'),
(898, 7, 2, 8, 18, 1, '2020-04-30 05:48:45'),
(903, 8, 1, 3, 4, 2, '2020-04-30 05:50:42'),
(904, 8, 1, 3, 8, 2, '2020-04-30 05:50:42'),
(905, 8, 1, 3, 9, 2, '2020-04-30 05:50:42'),
(906, 8, 1, 3, 12, 2, '2020-04-30 05:50:42'),
(907, 8, 1, 3, 13, 2, '2020-04-30 05:50:42'),
(908, 8, 1, 3, 17, 2, '2020-04-30 05:50:42'),
(909, 8, 1, 4, 3, 2, '2020-04-30 05:50:42'),
(910, 8, 1, 4, 5, 2, '2020-04-30 05:50:42'),
(911, 8, 1, 4, 8, 2, '2020-04-30 05:50:42'),
(912, 8, 1, 4, 9, 2, '2020-04-30 05:50:42'),
(913, 8, 1, 4, 12, 2, '2020-04-30 05:50:42'),
(914, 8, 1, 4, 13, 2, '2020-04-30 05:50:42'),
(915, 8, 1, 4, 16, 2, '2020-04-30 05:50:42'),
(916, 8, 1, 4, 18, 2, '2020-04-30 05:50:42'),
(917, 8, 1, 5, 4, 2, '2020-04-30 05:50:42'),
(918, 8, 1, 5, 17, 2, '2020-04-30 05:50:42'),
(919, 8, 1, 8, 4, 2, '2020-04-30 05:50:42'),
(920, 8, 1, 8, 17, 2, '2020-04-30 05:50:42'),
(921, 8, 1, 9, 3, 2, '2020-04-30 05:50:42'),
(922, 8, 1, 9, 5, 2, '2020-04-30 05:50:42'),
(923, 8, 1, 9, 8, 2, '2020-04-30 05:50:42'),
(924, 8, 1, 9, 9, 2, '2020-04-30 05:50:42'),
(925, 8, 1, 9, 12, 2, '2020-04-30 05:50:42'),
(926, 8, 1, 9, 13, 2, '2020-04-30 05:50:42'),
(927, 8, 1, 9, 16, 2, '2020-04-30 05:50:42'),
(928, 8, 1, 9, 18, 2, '2020-04-30 05:50:42'),
(929, 8, 1, 10, 4, 2, '2020-04-30 05:50:42'),
(930, 8, 1, 10, 8, 2, '2020-04-30 05:50:42'),
(931, 8, 1, 10, 9, 2, '2020-04-30 05:50:42'),
(932, 8, 1, 10, 12, 2, '2020-04-30 05:50:42'),
(933, 8, 1, 10, 13, 2, '2020-04-30 05:50:42'),
(934, 8, 1, 10, 17, 2, '2020-04-30 05:50:42'),
(935, 9, 1, 4, 4, 0, '2020-04-30 05:52:10'),
(936, 9, 1, 4, 5, 0, '2020-04-30 05:52:10'),
(937, 9, 1, 4, 7, 0, '2020-04-30 05:52:10'),
(938, 9, 1, 4, 8, 0, '2020-04-30 05:52:10'),
(939, 9, 1, 4, 10, 1, '2020-04-30 05:52:10'),
(940, 9, 1, 4, 11, 1, '2020-04-30 05:52:10'),
(941, 9, 1, 4, 13, 0, '2020-04-30 05:52:10'),
(942, 9, 1, 4, 14, 0, '2020-04-30 05:52:10'),
(943, 9, 1, 4, 16, 1, '2020-04-30 05:52:10'),
(944, 9, 1, 4, 17, 0, '2020-04-30 05:52:10'),
(945, 9, 1, 5, 4, 0, '2020-04-30 05:52:10'),
(946, 9, 1, 5, 5, 0, '2020-04-30 05:52:10'),
(947, 9, 1, 5, 7, 0, '2020-04-30 05:52:10'),
(948, 9, 1, 5, 8, 0, '2020-04-30 05:52:10'),
(949, 9, 1, 5, 10, 0, '2020-04-30 05:52:10'),
(950, 9, 1, 5, 11, 0, '2020-04-30 05:52:10'),
(951, 9, 1, 5, 13, 0, '2020-04-30 05:52:10'),
(952, 9, 1, 5, 14, 0, '2020-04-30 05:52:10'),
(953, 9, 1, 5, 16, 1, '2020-04-30 05:52:10'),
(954, 9, 1, 5, 17, 0, '2020-04-30 05:52:10'),
(955, 9, 1, 8, 4, 0, '2020-04-30 05:52:10'),
(956, 9, 1, 8, 5, 0, '2020-04-30 05:52:10'),
(957, 9, 1, 8, 7, 1, '2020-04-30 05:52:10'),
(958, 9, 1, 8, 8, 1, '2020-04-30 05:52:10'),
(959, 9, 1, 8, 10, 0, '2020-04-30 05:52:10'),
(960, 9, 1, 8, 11, 0, '2020-04-30 05:52:10'),
(961, 9, 1, 8, 13, 1, '2020-04-30 05:52:10'),
(962, 9, 1, 8, 14, 0, '2020-04-30 05:52:10'),
(963, 9, 1, 8, 16, 0, '2020-04-30 05:52:10'),
(964, 9, 1, 8, 17, 0, '2020-04-30 05:52:10'),
(965, 9, 1, 9, 4, 0, '2020-04-30 05:52:10'),
(966, 9, 1, 9, 5, 0, '2020-04-30 05:52:10'),
(967, 9, 1, 9, 7, 1, '2020-04-30 05:52:10'),
(968, 9, 1, 9, 8, 1, '2020-04-30 05:52:10'),
(969, 9, 1, 9, 10, 0, '2020-04-30 05:52:10'),
(970, 9, 1, 9, 11, 0, '2020-04-30 05:52:10'),
(971, 9, 1, 9, 13, 1, '2020-04-30 05:52:10'),
(972, 9, 1, 9, 14, 1, '2020-04-30 05:52:10'),
(973, 9, 1, 9, 16, 2, '2020-04-30 05:52:10'),
(974, 9, 1, 9, 17, 2, '2020-04-30 05:52:10'),
(975, 10, 1, 3, 5, 1, '2020-04-30 05:54:27'),
(976, 10, 1, 3, 17, 1, '2020-04-30 05:54:27'),
(977, 10, 1, 4, 4, 1, '2020-04-30 05:54:27'),
(978, 10, 1, 4, 6, 1, '2020-04-30 05:54:27'),
(979, 10, 1, 4, 16, 1, '2020-04-30 05:54:27'),
(980, 10, 1, 4, 18, 1, '2020-04-30 05:54:27'),
(981, 10, 1, 5, 4, 1, '2020-04-30 05:54:27'),
(982, 10, 1, 5, 6, 1, '2020-04-30 05:54:27'),
(983, 10, 1, 5, 16, 1, '2020-04-30 05:54:27'),
(984, 10, 1, 5, 18, 1, '2020-04-30 05:54:27'),
(985, 10, 1, 6, 5, 1, '2020-04-30 05:54:27'),
(986, 10, 1, 6, 17, 1, '2020-04-30 05:54:27'),
(987, 10, 1, 9, 5, 1, '2020-04-30 05:54:27'),
(988, 10, 1, 9, 17, 1, '2020-04-30 05:54:27'),
(989, 10, 1, 10, 4, 1, '2020-04-30 05:54:27'),
(990, 10, 1, 10, 6, 1, '2020-04-30 05:54:27'),
(991, 10, 1, 10, 16, 1, '2020-04-30 05:54:27'),
(992, 10, 1, 10, 18, 1, '2020-04-30 05:54:27'),
(993, 10, 1, 11, 4, 1, '2020-04-30 05:54:27'),
(994, 10, 1, 11, 6, 1, '2020-04-30 05:54:27'),
(995, 10, 1, 11, 16, 1, '2020-04-30 05:54:27'),
(996, 10, 1, 11, 18, 1, '2020-04-30 05:54:27'),
(997, 10, 1, 12, 5, 1, '2020-04-30 05:54:27'),
(998, 10, 1, 12, 17, 1, '2020-04-30 05:54:27'),
(999, 10, 1, 15, 5, 1, '2020-04-30 05:54:27'),
(1000, 10, 1, 15, 17, 1, '2020-04-30 05:54:27'),
(1001, 10, 1, 16, 4, 1, '2020-04-30 05:54:27'),
(1002, 10, 1, 16, 6, 2, '2020-04-30 05:54:27'),
(1003, 10, 1, 16, 16, 1, '2020-04-30 05:54:27'),
(1004, 10, 1, 16, 18, 1, '2020-04-30 05:54:27'),
(1005, 10, 1, 17, 4, 1, '2020-04-30 05:54:27'),
(1006, 10, 1, 17, 6, 2, '2020-04-30 05:54:27'),
(1007, 10, 1, 17, 16, 1, '2020-04-30 05:54:27'),
(1008, 10, 1, 17, 18, 1, '2020-04-30 05:54:27'),
(1009, 10, 1, 18, 5, 2, '2020-04-30 05:54:27'),
(1010, 10, 1, 18, 17, 1, '2020-04-30 05:54:27'),
(1011, 11, 1, 3, 3, 1, '2020-04-30 05:56:44'),
(1012, 11, 1, 3, 4, 1, '2020-04-30 05:56:44'),
(1013, 11, 1, 3, 7, 1, '2020-04-30 05:56:44'),
(1014, 11, 1, 3, 8, 2, '2020-04-30 05:56:44'),
(1015, 11, 1, 3, 13, 1, '2020-04-30 05:56:44'),
(1016, 11, 1, 3, 14, 2, '2020-04-30 05:56:44'),
(1017, 11, 1, 3, 17, 1, '2020-04-30 05:56:44'),
(1018, 11, 1, 3, 18, 1, '2020-04-30 05:56:44'),
(1019, 11, 1, 4, 3, 1, '2020-04-30 05:56:44'),
(1020, 11, 1, 4, 4, 1, '2020-04-30 05:56:44'),
(1021, 11, 1, 4, 7, 2, '2020-04-30 05:56:44'),
(1022, 11, 1, 4, 8, 1, '2020-04-30 05:56:44'),
(1023, 11, 1, 4, 13, 2, '2020-04-30 05:56:44'),
(1024, 11, 1, 4, 14, 1, '2020-04-30 05:56:44'),
(1025, 11, 1, 4, 17, 1, '2020-04-30 05:56:44'),
(1026, 11, 1, 4, 18, 1, '2020-04-30 05:56:44'),
(1027, 11, 1, 7, 3, 0, '2020-04-30 05:56:44'),
(1028, 11, 1, 7, 4, 0, '2020-04-30 05:56:44'),
(1029, 11, 1, 7, 17, 0, '2020-04-30 05:56:44'),
(1030, 11, 1, 7, 18, 0, '2020-04-30 05:56:44'),
(1031, 11, 1, 8, 3, 0, '2020-04-30 05:56:44'),
(1032, 11, 1, 8, 4, 0, '2020-04-30 05:56:44'),
(1033, 11, 1, 8, 17, 0, '2020-04-30 05:56:44'),
(1034, 11, 1, 8, 18, 0, '2020-04-30 05:56:44'),
(1035, 11, 1, 11, 3, 0, '2020-04-30 05:56:44'),
(1036, 11, 1, 11, 4, 0, '2020-04-30 05:56:44'),
(1037, 11, 1, 11, 17, 0, '2020-04-30 05:56:44'),
(1038, 11, 1, 11, 18, 0, '2020-04-30 05:56:44'),
(1039, 11, 1, 12, 3, 0, '2020-04-30 05:56:44'),
(1040, 11, 1, 12, 4, 0, '2020-04-30 05:56:44'),
(1041, 11, 1, 12, 17, 0, '2020-04-30 05:56:44'),
(1042, 11, 1, 12, 18, 0, '2020-04-30 05:56:44'),
(1043, 11, 1, 14, 3, 0, '2020-04-30 05:56:44'),
(1044, 11, 1, 14, 4, 0, '2020-04-30 05:56:44'),
(1045, 11, 1, 14, 17, 0, '2020-04-30 05:56:44'),
(1046, 11, 1, 14, 18, 0, '2020-04-30 05:56:44'),
(1047, 11, 1, 15, 3, 0, '2020-04-30 05:56:44'),
(1048, 11, 1, 15, 4, 0, '2020-04-30 05:56:44'),
(1049, 11, 1, 15, 17, 0, '2020-04-30 05:56:44'),
(1050, 11, 1, 15, 18, 0, '2020-04-30 05:56:44'),
(1051, 11, 1, 18, 3, 0, '2020-04-30 05:56:44'),
(1052, 11, 1, 18, 4, 0, '2020-04-30 05:56:44'),
(1053, 11, 1, 18, 17, 0, '2020-04-30 05:56:44'),
(1054, 11, 1, 18, 18, 0, '2020-04-30 05:56:44'),
(1055, 11, 1, 19, 3, 0, '2020-04-30 05:56:44'),
(1056, 11, 1, 19, 4, 0, '2020-04-30 05:56:44'),
(1057, 11, 1, 19, 17, 0, '2020-04-30 05:56:44'),
(1058, 11, 1, 19, 18, 0, '2020-04-30 05:56:44'),
(1059, 11, 1, 22, 3, 0, '2020-04-30 05:56:44'),
(1060, 11, 1, 22, 4, 0, '2020-04-30 05:56:44'),
(1061, 11, 1, 22, 17, 0, '2020-04-30 05:56:44'),
(1062, 11, 1, 22, 18, 0, '2020-04-30 05:56:44'),
(1063, 11, 1, 23, 3, 0, '2020-04-30 05:56:44'),
(1064, 11, 1, 23, 4, 0, '2020-04-30 05:56:44'),
(1065, 11, 1, 23, 17, 0, '2020-04-30 05:56:44'),
(1066, 11, 1, 23, 18, 0, '2020-04-30 05:56:44'),
(1067, 11, 2, 3, 6, 0, '2020-04-30 05:56:44'),
(1068, 11, 2, 3, 7, 0, '2020-04-30 05:56:44'),
(1069, 11, 2, 3, 10, 1, '2020-04-30 05:56:44'),
(1070, 11, 2, 3, 11, 0, '2020-04-30 05:56:44'),
(1071, 11, 2, 3, 14, 0, '2020-04-30 05:56:44'),
(1072, 11, 2, 3, 15, 0, '2020-04-30 05:56:44'),
(1073, 11, 2, 4, 6, 0, '2020-04-30 05:56:44'),
(1074, 11, 2, 4, 7, 0, '2020-04-30 05:56:44'),
(1075, 11, 2, 4, 10, 1, '2020-04-30 05:56:44'),
(1076, 11, 2, 4, 11, 0, '2020-04-30 05:56:44'),
(1077, 11, 2, 4, 14, 0, '2020-04-30 05:56:44'),
(1078, 11, 2, 4, 15, 0, '2020-04-30 05:56:44'),
(1079, 11, 2, 7, 6, 0, '2020-04-30 05:56:44'),
(1080, 11, 2, 7, 7, 0, '2020-04-30 05:56:44'),
(1081, 11, 2, 7, 14, 0, '2020-04-30 05:56:44'),
(1082, 11, 2, 7, 15, 0, '2020-04-30 05:56:44'),
(1083, 11, 2, 8, 6, 0, '2020-04-30 05:56:44'),
(1084, 11, 2, 8, 7, 0, '2020-04-30 05:56:44'),
(1085, 11, 2, 8, 14, 0, '2020-04-30 05:56:44'),
(1086, 11, 2, 8, 15, 0, '2020-04-30 05:56:44'),
(1087, 12, 1, 7, 6, 0, '2020-04-30 05:58:22'),
(1088, 12, 1, 7, 7, 0, '2020-04-30 05:58:22'),
(1089, 12, 1, 7, 10, 1, '2020-04-30 05:58:22'),
(1090, 12, 1, 7, 11, 1, '2020-04-30 05:58:22'),
(1091, 12, 1, 7, 14, 0, '2020-04-30 05:58:22'),
(1092, 12, 1, 7, 15, 0, '2020-04-30 05:58:22'),
(1093, 12, 1, 8, 6, 0, '2020-04-30 05:58:22'),
(1094, 12, 1, 8, 7, 0, '2020-04-30 05:58:22'),
(1095, 12, 1, 8, 10, 1, '2020-04-30 05:58:22'),
(1096, 12, 1, 8, 11, 1, '2020-04-30 05:58:22'),
(1097, 12, 1, 8, 14, 0, '2020-04-30 05:58:22'),
(1098, 12, 1, 8, 15, 0, '2020-04-30 05:58:22'),
(1099, 12, 1, 11, 6, 1, '2020-04-30 05:58:22'),
(1100, 12, 1, 11, 7, 1, '2020-04-30 05:58:22'),
(1101, 12, 1, 11, 10, 0, '2020-04-30 05:58:22'),
(1102, 12, 1, 11, 11, 0, '2020-04-30 05:58:22'),
(1103, 12, 1, 11, 14, 1, '2020-04-30 05:58:22'),
(1104, 12, 1, 11, 15, 1, '2020-04-30 05:58:22'),
(1105, 12, 1, 12, 6, 1, '2020-04-30 05:58:22'),
(1106, 12, 1, 12, 7, 1, '2020-04-30 05:58:22'),
(1107, 12, 1, 12, 10, 0, '2020-04-30 05:58:22'),
(1108, 12, 1, 12, 11, 0, '2020-04-30 05:58:22'),
(1109, 12, 1, 12, 14, 1, '2020-04-30 05:58:22'),
(1110, 12, 1, 12, 15, 1, '2020-04-30 05:58:22'),
(1111, 12, 1, 15, 6, 0, '2020-04-30 05:58:22'),
(1112, 12, 1, 15, 7, 0, '2020-04-30 05:58:22'),
(1113, 12, 1, 15, 10, 1, '2020-04-30 05:58:22'),
(1114, 12, 1, 15, 11, 1, '2020-04-30 05:58:22'),
(1115, 12, 1, 15, 14, 0, '2020-04-30 05:58:22'),
(1116, 12, 1, 15, 15, 0, '2020-04-30 05:58:22'),
(1117, 12, 1, 16, 6, 0, '2020-04-30 05:58:22'),
(1118, 12, 1, 16, 7, 0, '2020-04-30 05:58:22'),
(1119, 12, 1, 16, 10, 1, '2020-04-30 05:58:22'),
(1120, 12, 1, 16, 11, 1, '2020-04-30 05:58:22'),
(1121, 12, 1, 16, 14, 0, '2020-04-30 05:58:22'),
(1122, 12, 1, 16, 15, 0, '2020-04-30 05:58:22'),
(1123, 13, 1, 3, 3, 0, '2020-04-30 05:59:38'),
(1124, 13, 1, 3, 4, 0, '2020-04-30 05:59:38'),
(1125, 13, 1, 3, 8, 2, '2020-04-30 05:59:38'),
(1126, 13, 1, 3, 9, 2, '2020-04-30 05:59:38'),
(1127, 13, 1, 3, 12, 2, '2020-04-30 05:59:38'),
(1128, 13, 1, 3, 13, 2, '2020-04-30 05:59:38'),
(1129, 13, 1, 3, 17, 0, '2020-04-30 05:59:38'),
(1130, 13, 1, 3, 18, 0, '2020-04-30 05:59:38'),
(1131, 13, 1, 4, 3, 0, '2020-04-30 05:59:38'),
(1132, 13, 1, 4, 4, 0, '2020-04-30 05:59:38'),
(1133, 13, 1, 4, 8, 0, '2020-04-30 05:59:38'),
(1134, 13, 1, 4, 9, 0, '2020-04-30 05:59:38'),
(1135, 13, 1, 4, 12, 0, '2020-04-30 05:59:38'),
(1136, 13, 1, 4, 13, 0, '2020-04-30 05:59:38'),
(1137, 13, 1, 4, 17, 0, '2020-04-30 05:59:38'),
(1138, 13, 1, 4, 18, 0, '2020-04-30 05:59:38'),
(1139, 13, 1, 5, 3, 0, '2020-04-30 05:59:38'),
(1140, 13, 1, 5, 4, 0, '2020-04-30 05:59:38'),
(1141, 13, 1, 5, 8, 0, '2020-04-30 05:59:38'),
(1142, 13, 1, 5, 9, 0, '2020-04-30 05:59:38'),
(1143, 13, 1, 5, 12, 0, '2020-04-30 05:59:38'),
(1144, 13, 1, 5, 13, 0, '2020-04-30 05:59:38'),
(1145, 13, 1, 5, 17, 0, '2020-04-30 05:59:38'),
(1146, 13, 1, 5, 18, 0, '2020-04-30 05:59:38'),
(1147, 13, 1, 8, 3, 0, '2020-04-30 05:59:38'),
(1148, 13, 1, 8, 4, 0, '2020-04-30 05:59:38'),
(1149, 13, 1, 8, 8, 1, '2020-04-30 05:59:38'),
(1150, 13, 1, 8, 9, 1, '2020-04-30 05:59:38'),
(1151, 13, 1, 8, 12, 1, '2020-04-30 05:59:38'),
(1152, 13, 1, 8, 13, 1, '2020-04-30 05:59:38'),
(1153, 13, 1, 8, 17, 0, '2020-04-30 05:59:38'),
(1154, 13, 1, 8, 18, 0, '2020-04-30 05:59:38'),
(1155, 13, 1, 9, 3, 1, '2020-04-30 05:59:38'),
(1156, 13, 1, 9, 4, 1, '2020-04-30 05:59:38'),
(1157, 13, 1, 9, 8, 1, '2020-04-30 05:59:38'),
(1158, 13, 1, 9, 9, 1, '2020-04-30 05:59:38'),
(1159, 13, 1, 9, 12, 1, '2020-04-30 05:59:38'),
(1160, 13, 1, 9, 13, 1, '2020-04-30 05:59:38'),
(1161, 13, 1, 9, 17, 1, '2020-04-30 05:59:38'),
(1162, 13, 1, 9, 18, 1, '2020-04-30 05:59:38'),
(1163, 14, 1, 2, 4, 1, '2020-04-30 06:01:13'),
(1164, 14, 1, 2, 9, 0, '2020-04-30 06:01:13'),
(1165, 14, 1, 2, 10, 0, '2020-04-30 06:01:13'),
(1166, 14, 1, 2, 11, 0, '2020-04-30 06:01:13'),
(1167, 14, 1, 2, 12, 0, '2020-04-30 06:01:13'),
(1168, 14, 1, 2, 17, 1, '2020-04-30 06:01:13'),
(1169, 14, 1, 3, 3, 2, '2020-04-30 06:01:13'),
(1170, 14, 1, 3, 5, 2, '2020-04-30 06:01:13'),
(1171, 14, 1, 3, 9, 0, '2020-04-30 06:01:13'),
(1172, 14, 1, 3, 10, 0, '2020-04-30 06:01:13'),
(1173, 14, 1, 3, 11, 0, '2020-04-30 06:01:13'),
(1174, 14, 1, 3, 12, 0, '2020-04-30 06:01:13'),
(1175, 14, 1, 3, 16, 2, '2020-04-30 06:01:13'),
(1176, 14, 1, 3, 18, 2, '2020-04-30 06:01:13'),
(1177, 14, 1, 4, 4, 1, '2020-04-30 06:01:13'),
(1178, 14, 1, 4, 17, 1, '2020-04-30 06:01:13'),
(1179, 14, 1, 6, 3, 0, '2020-04-30 06:01:13'),
(1180, 14, 1, 6, 4, 0, '2020-04-30 06:01:13'),
(1181, 14, 1, 6, 5, 0, '2020-04-30 06:01:13'),
(1182, 14, 1, 6, 9, 0, '2020-04-30 06:01:13'),
(1183, 14, 1, 6, 10, 1, '2020-04-30 06:01:13'),
(1184, 14, 1, 6, 11, 1, '2020-04-30 06:01:13'),
(1185, 14, 1, 6, 12, 0, '2020-04-30 06:01:13'),
(1186, 14, 1, 6, 16, 0, '2020-04-30 06:01:13'),
(1187, 14, 1, 6, 17, 0, '2020-04-30 06:01:13'),
(1188, 14, 1, 6, 18, 0, '2020-04-30 06:01:13'),
(1189, 14, 1, 7, 3, 0, '2020-04-30 06:01:13'),
(1190, 14, 1, 7, 4, 0, '2020-04-30 06:01:13'),
(1191, 14, 1, 7, 5, 0, '2020-04-30 06:01:13'),
(1192, 14, 1, 7, 9, 2, '2020-04-30 06:01:13'),
(1193, 14, 1, 7, 10, 1, '2020-04-30 06:01:13'),
(1194, 14, 1, 7, 11, 1, '2020-04-30 06:01:13'),
(1195, 14, 1, 7, 12, 2, '2020-04-30 06:01:13'),
(1196, 14, 1, 7, 16, 0, '2020-04-30 06:01:13'),
(1197, 14, 1, 7, 17, 0, '2020-04-30 06:01:13'),
(1198, 14, 1, 7, 18, 0, '2020-04-30 06:01:13'),
(1199, 14, 1, 9, 4, 1, '2020-04-30 06:01:13'),
(1200, 14, 1, 9, 17, 1, '2020-04-30 06:01:13'),
(1201, 14, 1, 10, 3, 1, '2020-04-30 06:01:13'),
(1202, 14, 1, 10, 5, 1, '2020-04-30 06:01:13'),
(1203, 14, 1, 10, 9, 0, '2020-04-30 06:01:13'),
(1204, 14, 1, 10, 10, 0, '2020-04-30 06:01:13'),
(1205, 14, 1, 10, 11, 0, '2020-04-30 06:01:13'),
(1206, 14, 1, 10, 12, 0, '2020-04-30 06:01:13'),
(1207, 14, 1, 10, 16, 1, '2020-04-30 06:01:13'),
(1208, 14, 1, 10, 18, 1, '2020-04-30 06:01:13'),
(1209, 14, 1, 11, 4, 1, '2020-04-30 06:01:13'),
(1210, 14, 1, 11, 9, 0, '2020-04-30 06:01:13'),
(1211, 14, 1, 11, 10, 0, '2020-04-30 06:01:13'),
(1212, 14, 1, 11, 11, 0, '2020-04-30 06:01:13'),
(1213, 14, 1, 11, 12, 0, '2020-04-30 06:01:13'),
(1214, 14, 1, 11, 17, 1, '2020-04-30 06:01:13'),
(1215, 15, 1, 3, 4, 0, '2020-04-30 06:02:41'),
(1216, 15, 1, 3, 10, 1, '2020-04-30 06:02:41'),
(1217, 15, 1, 3, 11, 1, '2020-04-30 06:02:41'),
(1218, 15, 1, 3, 17, 0, '2020-04-30 06:02:41'),
(1219, 15, 1, 4, 3, 0, '2020-04-30 06:02:41'),
(1220, 15, 1, 4, 5, 0, '2020-04-30 06:02:41'),
(1221, 15, 1, 4, 10, 1, '2020-04-30 06:02:41'),
(1222, 15, 1, 4, 11, 1, '2020-04-30 06:02:41'),
(1223, 15, 1, 4, 16, 0, '2020-04-30 06:02:41'),
(1224, 15, 1, 4, 18, 0, '2020-04-30 06:02:41'),
(1225, 15, 1, 5, 4, 0, '2020-04-30 06:02:41'),
(1226, 15, 1, 5, 17, 0, '2020-04-30 06:02:41'),
(1227, 15, 1, 8, 3, 0, '2020-04-30 06:02:41');
INSERT INTO `seat` (`seat_id`, `restaurant_id`, `floor_id`, `row_no`, `col_no`, `status_id`, `date_modified`) VALUES
(1228, 15, 1, 8, 4, 0, '2020-04-30 06:02:41'),
(1229, 15, 1, 8, 10, 1, '2020-04-30 06:02:41'),
(1230, 15, 1, 8, 11, 0, '2020-04-30 06:02:41'),
(1231, 15, 1, 8, 17, 0, '2020-04-30 06:02:41'),
(1232, 15, 1, 8, 18, 0, '2020-04-30 06:02:41'),
(1233, 15, 1, 9, 3, 0, '2020-04-30 06:02:41'),
(1234, 15, 1, 9, 4, 0, '2020-04-30 06:02:41'),
(1235, 15, 1, 9, 10, 0, '2020-04-30 06:02:41'),
(1236, 15, 1, 9, 11, 1, '2020-04-30 06:02:41'),
(1237, 15, 1, 9, 17, 0, '2020-04-30 06:02:41'),
(1238, 15, 1, 9, 18, 0, '2020-04-30 06:02:41'),
(1239, 15, 1, 12, 3, 2, '2020-04-30 06:02:41'),
(1240, 15, 1, 12, 4, 1, '2020-04-30 06:02:41'),
(1241, 15, 1, 12, 10, 0, '2020-04-30 06:02:41'),
(1242, 15, 1, 12, 11, 1, '2020-04-30 06:02:41'),
(1243, 15, 1, 12, 17, 2, '2020-04-30 06:02:41'),
(1244, 15, 1, 12, 18, 1, '2020-04-30 06:02:41'),
(1245, 15, 1, 13, 3, 1, '2020-04-30 06:02:41'),
(1246, 15, 1, 13, 4, 2, '2020-04-30 06:02:41'),
(1247, 15, 1, 13, 10, 1, '2020-04-30 06:02:41'),
(1248, 15, 1, 13, 11, 0, '2020-04-30 06:02:41'),
(1249, 15, 1, 13, 17, 1, '2020-04-30 06:02:41'),
(1250, 15, 1, 13, 18, 2, '2020-04-30 06:02:41'),
(1251, 16, 1, 3, 4, 2, '2020-04-30 06:04:30'),
(1252, 16, 1, 3, 5, 2, '2020-04-30 06:04:30'),
(1253, 16, 1, 3, 8, 1, '2020-04-30 06:04:30'),
(1254, 16, 1, 3, 9, 1, '2020-04-30 06:04:30'),
(1255, 16, 1, 3, 12, 1, '2020-04-30 06:04:30'),
(1256, 16, 1, 3, 13, 1, '2020-04-30 06:04:30'),
(1257, 16, 1, 3, 16, 2, '2020-04-30 06:04:30'),
(1258, 16, 1, 3, 17, 2, '2020-04-30 06:04:30'),
(1259, 16, 1, 4, 4, 1, '2020-04-30 06:04:30'),
(1260, 16, 1, 4, 5, 1, '2020-04-30 06:04:30'),
(1261, 16, 1, 4, 8, 0, '2020-04-30 06:04:30'),
(1262, 16, 1, 4, 9, 0, '2020-04-30 06:04:30'),
(1263, 16, 1, 4, 12, 0, '2020-04-30 06:04:30'),
(1264, 16, 1, 4, 13, 0, '2020-04-30 06:04:30'),
(1265, 16, 1, 4, 16, 1, '2020-04-30 06:04:30'),
(1266, 16, 1, 4, 17, 1, '2020-04-30 06:04:30'),
(1267, 16, 1, 7, 4, 0, '2020-04-30 06:04:30'),
(1268, 16, 1, 7, 5, 0, '2020-04-30 06:04:30'),
(1269, 16, 1, 7, 8, 0, '2020-04-30 06:04:30'),
(1270, 16, 1, 7, 9, 0, '2020-04-30 06:04:30'),
(1271, 16, 1, 7, 12, 0, '2020-04-30 06:04:30'),
(1272, 16, 1, 7, 13, 0, '2020-04-30 06:04:30'),
(1273, 16, 1, 7, 16, 0, '2020-04-30 06:04:30'),
(1274, 16, 1, 7, 17, 0, '2020-04-30 06:04:30'),
(1275, 16, 1, 8, 4, 0, '2020-04-30 06:04:30'),
(1276, 16, 1, 8, 5, 0, '2020-04-30 06:04:30'),
(1277, 16, 1, 8, 8, 0, '2020-04-30 06:04:30'),
(1278, 16, 1, 8, 9, 0, '2020-04-30 06:04:30'),
(1279, 16, 1, 8, 12, 0, '2020-04-30 06:04:30'),
(1280, 16, 1, 8, 13, 0, '2020-04-30 06:04:30'),
(1281, 16, 1, 8, 16, 0, '2020-04-30 06:04:30'),
(1282, 16, 1, 8, 17, 0, '2020-04-30 06:04:30'),
(1283, 16, 1, 11, 5, 1, '2020-04-30 06:04:30'),
(1284, 16, 1, 11, 10, 1, '2020-04-30 06:04:30'),
(1285, 16, 1, 11, 11, 1, '2020-04-30 06:04:30'),
(1286, 16, 1, 11, 16, 1, '2020-04-30 06:04:30'),
(1287, 16, 1, 12, 4, 1, '2020-04-30 06:04:30'),
(1288, 16, 1, 12, 6, 0, '2020-04-30 06:04:30'),
(1289, 16, 1, 12, 10, 1, '2020-04-30 06:04:30'),
(1290, 16, 1, 12, 11, 1, '2020-04-30 06:04:30'),
(1291, 16, 1, 12, 15, 0, '2020-04-30 06:04:30'),
(1292, 16, 1, 12, 17, 1, '2020-04-30 06:04:30'),
(1293, 16, 1, 13, 5, 0, '2020-04-30 06:04:30'),
(1294, 16, 1, 13, 10, 1, '2020-04-30 06:04:30'),
(1295, 16, 1, 13, 11, 1, '2020-04-30 06:04:30'),
(1296, 16, 1, 13, 16, 0, '2020-04-30 06:04:30'),
(1297, 17, 1, 3, 3, 2, '2020-04-30 06:07:41'),
(1298, 17, 1, 3, 4, 2, '2020-04-30 06:07:41'),
(1299, 17, 1, 3, 7, 0, '2020-04-30 06:07:41'),
(1300, 17, 1, 3, 8, 0, '2020-04-30 06:07:41'),
(1301, 17, 1, 3, 13, 0, '2020-04-30 06:07:41'),
(1302, 17, 1, 3, 14, 0, '2020-04-30 06:07:41'),
(1303, 17, 1, 3, 17, 0, '2020-04-30 06:07:41'),
(1304, 17, 1, 3, 18, 2, '2020-04-30 06:07:41'),
(1305, 17, 1, 4, 3, 2, '2020-04-30 06:07:41'),
(1306, 17, 1, 4, 4, 2, '2020-04-30 06:07:41'),
(1307, 17, 1, 4, 7, 0, '2020-04-30 06:07:41'),
(1308, 17, 1, 4, 8, 0, '2020-04-30 06:07:41'),
(1309, 17, 1, 4, 13, 0, '2020-04-30 06:07:41'),
(1310, 17, 1, 4, 14, 0, '2020-04-30 06:07:41'),
(1311, 17, 1, 4, 17, 0, '2020-04-30 06:07:41'),
(1312, 17, 1, 4, 18, 0, '2020-04-30 06:07:41'),
(1313, 17, 1, 7, 3, 0, '2020-04-30 06:07:41'),
(1314, 17, 1, 7, 4, 0, '2020-04-30 06:07:41'),
(1315, 17, 1, 7, 7, 0, '2020-04-30 06:07:41'),
(1316, 17, 1, 7, 8, 0, '2020-04-30 06:07:41'),
(1317, 17, 1, 7, 13, 0, '2020-04-30 06:07:41'),
(1318, 17, 1, 7, 14, 0, '2020-04-30 06:07:41'),
(1319, 17, 1, 7, 17, 0, '2020-04-30 06:07:41'),
(1320, 17, 1, 7, 18, 0, '2020-04-30 06:07:41'),
(1321, 17, 1, 8, 3, 0, '2020-04-30 06:07:41'),
(1322, 17, 1, 8, 4, 0, '2020-04-30 06:07:41'),
(1323, 17, 1, 8, 7, 0, '2020-04-30 06:07:41'),
(1324, 17, 1, 8, 8, 0, '2020-04-30 06:07:41'),
(1325, 17, 1, 8, 13, 0, '2020-04-30 06:07:41'),
(1326, 17, 1, 8, 14, 0, '2020-04-30 06:07:41'),
(1327, 17, 1, 8, 17, 0, '2020-04-30 06:07:41'),
(1328, 17, 1, 8, 18, 0, '2020-04-30 06:07:41'),
(1329, 17, 1, 11, 4, 1, '2020-04-30 06:07:41'),
(1330, 17, 1, 11, 17, 1, '2020-04-30 06:07:41'),
(1331, 17, 1, 12, 3, 0, '2020-04-30 06:07:41'),
(1332, 17, 1, 12, 5, 0, '2020-04-30 06:07:41'),
(1333, 17, 1, 12, 16, 0, '2020-04-30 06:07:41'),
(1334, 17, 1, 12, 18, 0, '2020-04-30 06:07:41'),
(1335, 17, 1, 13, 4, 1, '2020-04-30 06:07:41'),
(1336, 17, 1, 13, 17, 1, '2020-04-30 06:07:41'),
(1337, 17, 1, 16, 4, 0, '2020-04-30 06:07:41'),
(1338, 17, 1, 16, 17, 0, '2020-04-30 06:07:41'),
(1339, 17, 1, 17, 3, 1, '2020-04-30 06:07:41'),
(1340, 17, 1, 17, 5, 1, '2020-04-30 06:07:41'),
(1341, 17, 1, 17, 16, 1, '2020-04-30 06:07:41'),
(1342, 17, 1, 17, 18, 1, '2020-04-30 06:07:41'),
(1343, 17, 1, 18, 4, 0, '2020-04-30 06:07:41'),
(1344, 17, 1, 18, 17, 0, '2020-04-30 06:07:41'),
(1345, 18, 1, 3, 3, 1, '2020-04-30 06:09:06'),
(1346, 18, 1, 3, 4, 1, '2020-04-30 06:09:06'),
(1347, 18, 1, 3, 7, 0, '2020-04-30 06:09:06'),
(1348, 18, 1, 3, 8, 2, '2020-04-30 06:09:06'),
(1349, 18, 1, 3, 13, 0, '2020-04-30 06:09:06'),
(1350, 18, 1, 3, 14, 2, '2020-04-30 06:09:06'),
(1351, 18, 1, 3, 17, 1, '2020-04-30 06:09:06'),
(1352, 18, 1, 3, 18, 1, '2020-04-30 06:09:06'),
(1353, 18, 1, 4, 3, 1, '2020-04-30 06:09:06'),
(1354, 18, 1, 4, 4, 1, '2020-04-30 06:09:06'),
(1355, 18, 1, 4, 7, 2, '2020-04-30 06:09:06'),
(1356, 18, 1, 4, 8, 0, '2020-04-30 06:09:06'),
(1357, 18, 1, 4, 13, 2, '2020-04-30 06:09:06'),
(1358, 18, 1, 4, 14, 0, '2020-04-30 06:09:06'),
(1359, 18, 1, 4, 17, 1, '2020-04-30 06:09:06'),
(1360, 18, 1, 4, 18, 1, '2020-04-30 06:09:06'),
(1361, 18, 1, 7, 3, 0, '2020-04-30 06:09:06'),
(1362, 18, 1, 7, 4, 2, '2020-04-30 06:09:06'),
(1363, 18, 1, 7, 7, 0, '2020-04-30 06:09:06'),
(1364, 18, 1, 7, 8, 2, '2020-04-30 06:09:06'),
(1365, 18, 1, 7, 13, 0, '2020-04-30 06:09:06'),
(1366, 18, 1, 7, 14, 2, '2020-04-30 06:09:06'),
(1367, 18, 1, 7, 17, 0, '2020-04-30 06:09:06'),
(1368, 18, 1, 7, 18, 2, '2020-04-30 06:09:06'),
(1369, 18, 1, 8, 3, 2, '2020-04-30 06:09:06'),
(1370, 18, 1, 8, 4, 0, '2020-04-30 06:09:06'),
(1371, 18, 1, 8, 7, 2, '2020-04-30 06:09:06'),
(1372, 18, 1, 8, 8, 0, '2020-04-30 06:09:06'),
(1373, 18, 1, 8, 13, 0, '2020-04-30 06:09:06'),
(1374, 18, 1, 8, 14, 0, '2020-04-30 06:09:06'),
(1375, 18, 1, 8, 17, 2, '2020-04-30 06:09:06'),
(1376, 18, 1, 8, 18, 0, '2020-04-30 06:09:06'),
(1377, 18, 1, 11, 3, 0, '2020-04-30 06:09:06'),
(1378, 18, 1, 11, 4, 2, '2020-04-30 06:09:06'),
(1379, 18, 1, 11, 7, 0, '2020-04-30 06:09:06'),
(1380, 18, 1, 11, 8, 2, '2020-04-30 06:09:06'),
(1381, 18, 1, 11, 13, 0, '2020-04-30 06:09:06'),
(1382, 18, 1, 11, 14, 2, '2020-04-30 06:09:06'),
(1383, 18, 1, 11, 17, 0, '2020-04-30 06:09:06'),
(1384, 18, 1, 11, 18, 2, '2020-04-30 06:09:06'),
(1385, 18, 1, 12, 3, 2, '2020-04-30 06:09:06'),
(1386, 18, 1, 12, 4, 0, '2020-04-30 06:09:06'),
(1387, 18, 1, 12, 7, 2, '2020-04-30 06:09:06'),
(1388, 18, 1, 12, 8, 0, '2020-04-30 06:09:06'),
(1389, 18, 1, 12, 13, 2, '2020-04-30 06:09:06'),
(1390, 18, 1, 12, 14, 0, '2020-04-30 06:09:06'),
(1391, 18, 1, 12, 17, 2, '2020-04-30 06:09:06'),
(1392, 18, 1, 12, 18, 0, '2020-04-30 06:09:06'),
(1393, 18, 1, 15, 3, 1, '2020-04-30 06:09:06'),
(1394, 18, 1, 15, 4, 1, '2020-04-30 06:09:06'),
(1395, 18, 1, 15, 17, 1, '2020-04-30 06:09:06'),
(1396, 18, 1, 15, 18, 1, '2020-04-30 06:09:06'),
(1397, 18, 1, 16, 3, 1, '2020-04-30 06:09:06'),
(1398, 18, 1, 16, 4, 1, '2020-04-30 06:09:06'),
(1399, 18, 1, 16, 17, 1, '2020-04-30 06:09:06'),
(1400, 18, 1, 16, 18, 1, '2020-04-30 06:09:06'),
(1401, 18, 2, 4, 3, 0, '2020-04-30 06:09:29'),
(1402, 18, 2, 4, 4, 0, '2020-04-30 06:09:29'),
(1403, 18, 2, 4, 7, 0, '2020-04-30 06:09:29'),
(1404, 18, 2, 4, 8, 0, '2020-04-30 06:09:29'),
(1405, 18, 2, 4, 13, 0, '2020-04-30 06:09:29'),
(1406, 18, 2, 4, 14, 0, '2020-04-30 06:09:29'),
(1407, 18, 2, 4, 17, 0, '2020-04-30 06:09:29'),
(1408, 18, 2, 4, 18, 0, '2020-04-30 06:09:29'),
(1409, 18, 2, 5, 3, 0, '2020-04-30 06:09:29'),
(1410, 18, 2, 5, 4, 0, '2020-04-30 06:09:29'),
(1411, 18, 2, 5, 7, 0, '2020-04-30 06:09:29'),
(1412, 18, 2, 5, 8, 0, '2020-04-30 06:09:29'),
(1413, 18, 2, 5, 13, 0, '2020-04-30 06:09:29'),
(1414, 18, 2, 5, 14, 0, '2020-04-30 06:09:29'),
(1415, 18, 2, 5, 17, 0, '2020-04-30 06:09:29'),
(1416, 18, 2, 5, 18, 0, '2020-04-30 06:09:29'),
(1417, 18, 2, 6, 3, 0, '2020-04-30 06:09:29'),
(1418, 18, 2, 6, 4, 0, '2020-04-30 06:09:29'),
(1419, 18, 2, 6, 7, 0, '2020-04-30 06:09:29'),
(1420, 18, 2, 6, 8, 0, '2020-04-30 06:09:29'),
(1421, 18, 2, 6, 13, 0, '2020-04-30 06:09:29'),
(1422, 18, 2, 6, 14, 0, '2020-04-30 06:09:29'),
(1423, 18, 2, 6, 17, 0, '2020-04-30 06:09:29'),
(1424, 18, 2, 6, 18, 0, '2020-04-30 06:09:29'),
(1425, 6, 2, 3, 5, 0, '2020-04-30 09:07:21'),
(1426, 6, 2, 4, 5, 0, '2020-04-30 09:07:21'),
(1427, 6, 2, 6, 7, 0, '2020-04-30 09:07:21'),
(1428, 6, 2, 7, 8, 0, '2020-04-30 09:07:21'),
(1429, 6, 2, 8, 9, 0, '2020-04-30 09:07:21'),
(1430, 6, 3, 1, 13, 0, '2020-04-30 09:07:33'),
(1431, 6, 3, 1, 14, 0, '2020-04-30 09:07:33'),
(1432, 6, 3, 1, 15, 0, '2020-04-30 09:07:33'),
(1433, 4, 2, 3, 7, 0, '2020-04-30 11:18:51'),
(1434, 4, 2, 3, 8, 0, '2020-04-30 11:18:51'),
(1435, 4, 2, 4, 7, 0, '2020-04-30 11:18:51'),
(1436, 4, 2, 4, 8, 0, '2020-04-30 11:18:51'),
(1437, 2, 1, 3, 8, 0, '2020-04-30 22:18:58'),
(1438, 2, 1, 3, 9, 0, '2020-04-30 22:18:58'),
(1439, 2, 1, 3, 12, 0, '2020-04-30 22:18:58'),
(1440, 2, 1, 3, 13, 0, '2020-04-30 22:18:58'),
(1441, 2, 1, 4, 8, 0, '2020-04-30 22:18:58'),
(1442, 2, 1, 4, 9, 0, '2020-04-30 22:18:58'),
(1443, 2, 1, 4, 12, 0, '2020-04-30 22:18:58'),
(1444, 2, 1, 4, 13, 0, '2020-04-30 22:18:58'),
(1451, 2, 1, 22, 8, 0, '2020-04-30 22:18:58'),
(1452, 2, 1, 22, 9, 0, '2020-04-30 22:18:58'),
(1453, 2, 1, 22, 10, 0, '2020-04-30 22:18:58'),
(1454, 2, 1, 22, 11, 0, '2020-04-30 22:18:58'),
(1455, 2, 1, 22, 12, 0, '2020-04-30 22:18:58'),
(1456, 2, 1, 22, 13, 0, '2020-04-30 22:18:58'),
(1457, 2, 1, 3, 8, 0, '2020-04-30 22:19:17'),
(1458, 2, 1, 3, 9, 0, '2020-04-30 22:19:17'),
(1459, 2, 1, 3, 12, 0, '2020-04-30 22:19:17'),
(1460, 2, 1, 3, 13, 0, '2020-04-30 22:19:17'),
(1461, 2, 1, 4, 8, 0, '2020-04-30 22:19:17'),
(1462, 2, 1, 4, 9, 0, '2020-04-30 22:19:17'),
(1463, 2, 1, 4, 12, 0, '2020-04-30 22:19:17'),
(1464, 2, 1, 4, 13, 0, '2020-04-30 22:19:17'),
(1465, 2, 1, 22, 8, 0, '2020-04-30 22:19:17'),
(1466, 2, 1, 22, 9, 0, '2020-04-30 22:19:17'),
(1467, 2, 1, 22, 10, 0, '2020-04-30 22:19:17'),
(1468, 2, 1, 22, 11, 0, '2020-04-30 22:19:17'),
(1469, 2, 1, 22, 12, 0, '2020-04-30 22:19:17'),
(1470, 2, 1, 22, 13, 0, '2020-04-30 22:19:17'),
(1471, 2, 1, 23, 8, 0, '2020-04-30 22:19:17'),
(1472, 2, 1, 23, 9, 0, '2020-04-30 22:19:17'),
(1473, 2, 1, 23, 10, 0, '2020-04-30 22:19:17'),
(1474, 2, 1, 23, 11, 0, '2020-04-30 22:19:17'),
(1475, 2, 1, 23, 12, 0, '2020-04-30 22:19:17'),
(1476, 2, 1, 23, 13, 0, '2020-04-30 22:19:17');

-- --------------------------------------------------------

--
-- Table structure for table `seat_log`
--

CREATE TABLE `seat_log` (
  `seat_log_id` int(50) NOT NULL,
  `restaurant_id` int(10) NOT NULL,
  `floor_id` int(10) NOT NULL,
  `row_no` int(5) NOT NULL,
  `col_no` int(5) NOT NULL,
  `status_id` int(2) NOT NULL,
  `date_created` datetime NOT NULL DEFAULT CURRENT_TIMESTAMP
) ENGINE=InnoDB DEFAULT CHARSET=utf8 COLLATE=utf8_unicode_ci;

--
-- Dumping data for table `seat_log`
--

INSERT INTO `seat_log` (`seat_log_id`, `restaurant_id`, `floor_id`, `row_no`, `col_no`, `status_id`, `date_created`) VALUES
(1, 2, 1, 2, 2, 1, '2020-04-30 05:22:12'),
(2, 2, 1, 2, 2, 2, '2020-04-30 05:22:14'),
(3, 2, 1, 2, 2, 0, '2020-04-30 05:22:16'),
(4, 2, 1, 2, 2, 1, '2020-04-30 05:22:19'),
(5, 2, 1, 2, 3, 1, '2020-04-30 05:22:19'),
(6, 2, 1, 3, 3, 1, '2020-04-30 05:22:22'),
(7, 2, 1, 2, 19, 1, '2020-04-30 05:22:25'),
(8, 2, 1, 23, 3, 1, '2020-04-30 05:22:27'),
(9, 2, 1, 24, 18, 1, '2020-04-30 05:22:29'),
(10, 2, 1, 24, 19, 1, '2020-04-30 05:22:30'),
(11, 2, 1, 23, 19, 1, '2020-04-30 05:22:31'),
(12, 2, 1, 2, 10, 1, '2020-04-30 05:22:34'),
(13, 2, 1, 3, 10, 1, '2020-04-30 05:22:35'),
(14, 2, 1, 2, 11, 1, '2020-04-30 05:22:36'),
(15, 2, 1, 13, 3, 1, '2020-04-30 05:22:42'),
(16, 2, 1, 14, 2, 1, '2020-04-30 05:22:43'),
(17, 2, 1, 14, 19, 1, '2020-04-30 05:22:46'),
(18, 2, 1, 8, 10, 1, '2020-04-30 05:22:48'),
(19, 2, 1, 17, 7, 1, '2020-04-30 05:22:53'),
(20, 2, 1, 17, 14, 1, '2020-04-30 05:22:54'),
(21, 2, 1, 24, 7, 1, '2020-04-30 05:22:59'),
(22, 2, 1, 23, 7, 1, '2020-04-30 05:23:00'),
(23, 2, 1, 22, 7, 2, '2020-04-30 05:23:02'),
(24, 2, 1, 22, 14, 1, '2020-04-30 05:23:02'),
(25, 2, 1, 22, 14, 2, '2020-04-30 05:23:03'),
(26, 2, 1, 23, 14, 2, '2020-04-30 05:23:04'),
(27, 2, 1, 22, 15, 2, '2020-04-30 05:23:06'),
(28, 2, 1, 22, 6, 2, '2020-04-30 05:23:07'),
(29, 2, 1, 23, 6, 0, '2020-04-30 05:23:09'),
(30, 2, 1, 23, 6, 1, '2020-04-30 05:23:09'),
(31, 2, 1, 24, 6, 2, '2020-04-30 05:23:11'),
(32, 2, 1, 19, 7, 1, '2020-04-30 05:23:16'),
(33, 2, 1, 18, 14, 1, '2020-04-30 05:23:17'),
(34, 2, 1, 18, 14, 2, '2020-04-30 05:23:18'),
(35, 2, 1, 18, 7, 2, '2020-04-30 05:23:19'),
(36, 2, 1, 17, 6, 2, '2020-04-30 05:23:22'),
(37, 2, 1, 19, 6, 2, '2020-04-30 05:23:24'),
(38, 2, 1, 17, 15, 2, '2020-04-30 05:23:26'),
(39, 2, 1, 19, 15, 2, '2020-04-30 05:23:26'),
(40, 2, 1, 4, 6, 2, '2020-04-30 05:23:51'),
(41, 2, 1, 4, 6, 0, '2020-04-30 05:23:52'),
(42, 2, 1, 4, 6, 1, '2020-04-30 05:23:52'),
(43, 2, 1, 4, 7, 1, '2020-04-30 05:23:53'),
(44, 2, 1, 4, 14, 1, '2020-04-30 05:23:55'),
(45, 2, 1, 4, 15, 1, '2020-04-30 05:23:56'),
(46, 2, 1, 3, 6, 1, '2020-04-30 05:24:04'),
(47, 2, 1, 3, 7, 1, '2020-04-30 05:24:05'),
(48, 2, 1, 3, 15, 1, '2020-04-30 05:24:06'),
(49, 2, 1, 2, 7, 1, '2020-04-30 05:24:10'),
(50, 2, 1, 2, 15, 1, '2020-04-30 05:24:11'),
(51, 2, 1, 2, 15, 2, '2020-04-30 05:24:13'),
(52, 2, 1, 2, 15, 0, '2020-04-30 05:24:13'),
(53, 2, 1, 2, 6, 0, '2020-04-30 05:24:15'),
(54, 2, 1, 2, 14, 0, '2020-04-30 05:24:17'),
(55, 2, 1, 2, 7, 0, '2020-04-30 05:24:18'),
(56, 2, 2, 2, 10, 1, '2020-04-30 05:24:27'),
(57, 2, 2, 3, 11, 1, '2020-04-30 05:24:28'),
(58, 2, 2, 3, 9, 1, '2020-04-30 05:24:29'),
(59, 2, 2, 11, 4, 1, '2020-04-30 05:24:33'),
(60, 2, 2, 12, 4, 1, '2020-04-30 05:24:33'),
(61, 2, 2, 12, 17, 1, '2020-04-30 05:24:35'),
(62, 2, 2, 24, 3, 1, '2020-04-30 05:24:39'),
(63, 2, 2, 24, 4, 1, '2020-04-30 05:24:40'),
(64, 2, 2, 23, 17, 1, '2020-04-30 05:24:41'),
(65, 2, 2, 24, 17, 1, '2020-04-30 05:24:42'),
(66, 2, 2, 23, 18, 1, '2020-04-30 05:24:43'),
(67, 2, 2, 23, 9, 2, '2020-04-30 05:24:44'),
(68, 2, 2, 24, 10, 2, '2020-04-30 05:24:45'),
(69, 2, 2, 23, 11, 2, '2020-04-30 05:24:46'),
(70, 2, 2, 24, 12, 2, '2020-04-30 05:24:47'),
(71, 2, 3, 8, 10, 1, '2020-04-30 05:24:52'),
(72, 2, 3, 7, 11, 1, '2020-04-30 05:24:52'),
(73, 2, 3, 6, 11, 1, '2020-04-30 05:24:54'),
(74, 2, 3, 5, 18, 1, '2020-04-30 05:24:57'),
(75, 2, 3, 6, 3, 1, '2020-04-30 05:24:58'),
(76, 2, 3, 5, 4, 1, '2020-04-30 05:24:59'),
(77, 2, 3, 23, 3, 2, '2020-04-30 05:25:02'),
(78, 2, 3, 22, 4, 1, '2020-04-30 05:25:02'),
(79, 2, 3, 23, 4, 2, '2020-04-30 05:25:05'),
(80, 2, 3, 23, 17, 2, '2020-04-30 05:25:07'),
(81, 2, 3, 23, 18, 2, '2020-04-30 05:25:08'),
(82, 2, 3, 22, 17, 1, '2020-04-30 05:25:09'),
(83, 2, 3, 22, 18, 1, '2020-04-30 05:25:09'),
(84, 2, 3, 20, 10, 1, '2020-04-30 05:25:11'),
(85, 2, 3, 19, 11, 1, '2020-04-30 05:25:12'),
(86, 2, 3, 18, 18, 1, '2020-04-30 05:25:14'),
(87, 2, 3, 18, 3, 1, '2020-04-30 05:25:15'),
(88, 2, 4, 8, 3, 1, '2020-04-30 05:25:19'),
(89, 2, 4, 10, 3, 1, '2020-04-30 05:25:19'),
(90, 2, 4, 10, 18, 1, '2020-04-30 05:25:21'),
(91, 2, 4, 14, 4, 1, '2020-04-30 05:25:22'),
(92, 2, 4, 14, 17, 1, '2020-04-30 05:25:25'),
(93, 2, 4, 19, 9, 1, '2020-04-30 05:25:27'),
(94, 2, 4, 19, 12, 1, '2020-04-30 05:25:27'),
(95, 2, 4, 18, 13, 1, '2020-04-30 05:25:28'),
(96, 2, 4, 4, 9, 1, '2020-04-30 05:25:30'),
(97, 2, 4, 4, 12, 1, '2020-04-30 05:25:31'),
(98, 2, 4, 24, 3, 2, '2020-04-30 05:25:33'),
(99, 2, 4, 24, 19, 2, '2020-04-30 05:25:36'),
(100, 2, 4, 3, 3, 1, '2020-04-30 05:25:38'),
(101, 2, 4, 4, 2, 1, '2020-04-30 05:25:39'),
(102, 2, 4, 3, 18, 1, '2020-04-30 05:25:40'),
(103, 2, 4, 4, 19, 1, '2020-04-30 05:25:41'),
(104, 2, 1, 24, 7, 2, '2020-04-30 05:27:05'),
(105, 2, 1, 23, 14, 0, '2020-04-30 05:27:05'),
(106, 2, 1, 24, 14, 2, '2020-04-30 05:27:05'),
(107, 2, 1, 24, 15, 2, '2020-04-30 05:27:05'),
(108, 2, 1, 23, 15, 1, '2020-04-30 05:27:05'),
(109, 1, 1, 2, 3, 1, '2020-04-30 05:37:44'),
(110, 1, 1, 2, 18, 1, '2020-04-30 05:37:45'),
(111, 1, 1, 2, 19, 1, '2020-04-30 05:37:46'),
(112, 1, 1, 3, 7, 1, '2020-04-30 05:37:51'),
(113, 1, 1, 2, 8, 1, '2020-04-30 05:37:52'),
(114, 1, 1, 2, 14, 2, '2020-04-30 05:37:54'),
(115, 1, 1, 2, 8, 2, '2020-04-30 05:37:55'),
(116, 1, 1, 6, 7, 2, '2020-04-30 05:37:57'),
(117, 1, 1, 7, 8, 2, '2020-04-30 05:37:57'),
(118, 1, 1, 7, 14, 2, '2020-04-30 05:37:59'),
(119, 1, 1, 10, 8, 2, '2020-04-30 05:38:00'),
(120, 1, 1, 11, 7, 2, '2020-04-30 05:38:01'),
(121, 1, 1, 6, 7, 0, '2020-04-30 05:38:09'),
(122, 1, 1, 6, 8, 2, '2020-04-30 05:38:11'),
(123, 1, 1, 6, 13, 1, '2020-04-30 05:38:12'),
(124, 1, 1, 7, 14, 1, '2020-04-30 05:38:13'),
(125, 1, 1, 6, 13, 2, '2020-04-30 05:38:14'),
(126, 1, 1, 7, 14, 2, '2020-04-30 05:38:15'),
(127, 1, 1, 7, 14, 0, '2020-04-30 05:38:15'),
(128, 1, 1, 6, 13, 1, '2020-04-30 05:38:16'),
(129, 1, 1, 6, 13, 2, '2020-04-30 05:38:17'),
(130, 1, 1, 6, 13, 0, '2020-04-30 05:38:18'),
(131, 1, 1, 6, 14, 1, '2020-04-30 05:38:19'),
(132, 1, 1, 6, 14, 0, '2020-04-30 05:38:21'),
(133, 1, 1, 6, 14, 2, '2020-04-30 05:38:21'),
(134, 1, 1, 10, 14, 2, '2020-04-30 05:38:23'),
(135, 1, 1, 11, 13, 2, '2020-04-30 05:38:24'),
(136, 1, 1, 15, 8, 2, '2020-04-30 05:38:29'),
(137, 1, 1, 16, 7, 2, '2020-04-30 05:38:30'),
(138, 1, 1, 15, 14, 2, '2020-04-30 05:38:31'),
(139, 1, 1, 16, 13, 2, '2020-04-30 05:38:32'),
(140, 1, 1, 19, 8, 2, '2020-04-30 05:38:33'),
(141, 1, 1, 20, 7, 2, '2020-04-30 05:38:34'),
(142, 1, 1, 19, 14, 2, '2020-04-30 05:38:35'),
(143, 1, 1, 20, 13, 2, '2020-04-30 05:38:36'),
(144, 1, 1, 20, 2, 1, '2020-04-30 05:38:40'),
(145, 1, 1, 19, 2, 1, '2020-04-30 05:38:41'),
(146, 1, 1, 19, 19, 1, '2020-04-30 05:38:43'),
(147, 1, 1, 19, 18, 1, '2020-04-30 05:38:43'),
(148, 1, 1, 19, 7, 1, '2020-04-30 05:38:45'),
(149, 1, 1, 20, 8, 1, '2020-04-30 05:38:45'),
(150, 1, 1, 19, 13, 1, '2020-04-30 05:38:46'),
(151, 1, 1, 20, 14, 1, '2020-04-30 05:38:49'),
(152, 1, 2, 8, 3, 1, '2020-04-30 05:38:52'),
(153, 1, 2, 10, 3, 1, '2020-04-30 05:38:53'),
(154, 1, 2, 10, 18, 1, '2020-04-30 05:38:54'),
(155, 1, 2, 4, 4, 1, '2020-04-30 05:38:55'),
(156, 1, 2, 4, 19, 1, '2020-04-30 05:38:57'),
(157, 1, 2, 18, 3, 1, '2020-04-30 05:38:59'),
(158, 1, 2, 18, 18, 1, '2020-04-30 05:39:01'),
(159, 1, 2, 22, 2, 1, '2020-04-30 05:39:02'),
(160, 1, 2, 22, 4, 1, '2020-04-30 05:39:02'),
(161, 1, 2, 22, 19, 1, '2020-04-30 05:39:04'),
(162, 3, 1, 19, 4, 1, '2020-04-30 05:41:59'),
(163, 3, 1, 21, 4, 1, '2020-04-30 05:42:00'),
(164, 3, 1, 19, 17, 1, '2020-04-30 05:42:01'),
(165, 3, 1, 21, 17, 1, '2020-04-30 05:42:02'),
(166, 3, 1, 16, 4, 2, '2020-04-30 05:42:05'),
(167, 3, 1, 14, 4, 2, '2020-04-30 05:42:07'),
(168, 3, 1, 14, 17, 2, '2020-04-30 05:42:09'),
(169, 3, 1, 16, 17, 2, '2020-04-30 05:42:10'),
(170, 3, 1, 15, 4, 1, '2020-04-30 05:42:11'),
(171, 3, 1, 15, 17, 1, '2020-04-30 05:42:12'),
(172, 3, 1, 11, 3, 2, '2020-04-30 05:42:20'),
(173, 3, 1, 10, 4, 2, '2020-04-30 05:42:21'),
(174, 3, 1, 9, 3, 2, '2020-04-30 05:42:22'),
(175, 3, 1, 11, 18, 2, '2020-04-30 05:42:23'),
(176, 3, 1, 9, 18, 2, '2020-04-30 05:42:25'),
(177, 3, 1, 3, 4, 2, '2020-04-30 05:42:31'),
(178, 3, 1, 4, 18, 2, '2020-04-30 05:42:32'),
(179, 3, 1, 3, 17, 2, '2020-04-30 05:42:33'),
(180, 3, 1, 4, 4, 1, '2020-04-30 05:42:35'),
(181, 3, 1, 3, 3, 1, '2020-04-30 05:42:36'),
(182, 3, 1, 3, 18, 1, '2020-04-30 05:42:37'),
(183, 3, 1, 5, 18, 1, '2020-04-30 05:42:38'),
(184, 3, 1, 4, 10, 1, '2020-04-30 05:42:40'),
(185, 3, 1, 4, 11, 1, '2020-04-30 05:42:41'),
(186, 3, 2, 4, 10, 1, '2020-04-30 05:42:49'),
(187, 3, 2, 4, 12, 1, '2020-04-30 05:42:50'),
(188, 3, 2, 9, 9, 1, '2020-04-30 05:42:51'),
(189, 3, 2, 8, 10, 1, '2020-04-30 05:42:52'),
(190, 3, 2, 8, 12, 1, '2020-04-30 05:42:53'),
(191, 3, 2, 8, 9, 2, '2020-04-30 05:42:56'),
(192, 3, 2, 8, 11, 2, '2020-04-30 05:42:57'),
(193, 3, 2, 9, 10, 2, '2020-04-30 05:42:59'),
(194, 3, 2, 9, 12, 2, '2020-04-30 05:43:00'),
(195, 3, 2, 20, 12, 1, '2020-04-30 05:43:04'),
(196, 4, 1, 5, 3, 1, '2020-04-30 05:44:34'),
(197, 4, 1, 4, 4, 1, '2020-04-30 05:44:34'),
(198, 4, 1, 3, 3, 1, '2020-04-30 05:44:35'),
(199, 4, 1, 5, 4, 1, '2020-04-30 05:44:37'),
(200, 4, 1, 3, 18, 1, '2020-04-30 05:44:40'),
(201, 4, 1, 10, 4, 1, '2020-04-30 05:44:41'),
(202, 4, 1, 10, 17, 1, '2020-04-30 05:44:43'),
(203, 5, 1, 5, 8, 1, '2020-04-30 05:45:48'),
(204, 5, 1, 5, 13, 1, '2020-04-30 05:45:49'),
(205, 5, 1, 17, 12, 2, '2020-04-30 05:45:50'),
(206, 5, 1, 17, 9, 2, '2020-04-30 05:45:51'),
(207, 5, 1, 17, 8, 1, '2020-04-30 05:45:53'),
(208, 5, 1, 16, 9, 1, '2020-04-30 05:45:54'),
(209, 5, 1, 16, 12, 2, '2020-04-30 05:45:55'),
(210, 5, 1, 16, 12, 1, '2020-04-30 05:45:57'),
(211, 5, 1, 12, 9, 1, '2020-04-30 05:46:00'),
(212, 5, 1, 13, 13, 1, '2020-04-30 05:46:01'),
(213, 5, 1, 13, 9, 1, '2020-04-30 05:46:03'),
(214, 5, 1, 13, 12, 1, '2020-04-30 05:46:03'),
(215, 6, 1, 5, 5, 1, '2020-04-30 05:47:04'),
(216, 6, 1, 5, 6, 1, '2020-04-30 05:47:05'),
(217, 6, 1, 3, 11, 1, '2020-04-30 05:47:06'),
(218, 6, 1, 5, 16, 1, '2020-04-30 05:47:07'),
(219, 6, 1, 15, 6, 1, '2020-04-30 05:47:09'),
(220, 6, 1, 15, 15, 1, '2020-04-30 05:47:11'),
(221, 6, 1, 15, 16, 1, '2020-04-30 05:47:12'),
(222, 6, 1, 8, 10, 2, '2020-04-30 05:47:15'),
(223, 6, 1, 8, 11, 2, '2020-04-30 05:47:18'),
(224, 7, 1, 13, 3, 1, '2020-04-30 05:48:49'),
(225, 7, 1, 13, 18, 1, '2020-04-30 05:48:51'),
(226, 7, 1, 9, 4, 1, '2020-04-30 05:48:52'),
(227, 7, 1, 9, 17, 1, '2020-04-30 05:48:54'),
(228, 7, 1, 9, 19, 1, '2020-04-30 05:48:54'),
(229, 7, 1, 10, 8, 2, '2020-04-30 05:48:58'),
(230, 7, 1, 9, 9, 2, '2020-04-30 05:48:59'),
(231, 7, 1, 10, 13, 2, '2020-04-30 05:49:01'),
(232, 7, 1, 9, 7, 1, '2020-04-30 05:49:02'),
(233, 7, 1, 9, 14, 1, '2020-04-30 05:49:03'),
(234, 7, 1, 3, 3, 1, '2020-04-30 05:49:04'),
(235, 7, 1, 3, 8, 1, '2020-04-30 05:49:05'),
(236, 7, 1, 3, 13, 1, '2020-04-30 05:49:06'),
(237, 7, 1, 4, 17, 1, '2020-04-30 05:49:07'),
(238, 7, 1, 5, 18, 1, '2020-04-30 05:49:08'),
(239, 7, 1, 4, 2, 1, '2020-04-30 05:49:09'),
(240, 7, 1, 4, 4, 1, '2020-04-30 05:49:10'),
(241, 7, 1, 4, 7, 1, '2020-04-30 05:49:12'),
(242, 7, 1, 4, 7, 2, '2020-04-30 05:49:13'),
(243, 7, 1, 4, 7, 0, '2020-04-30 05:49:14'),
(244, 8, 1, 4, 8, 1, '2020-04-30 05:50:46'),
(245, 8, 1, 3, 9, 1, '2020-04-30 05:50:47'),
(246, 8, 1, 4, 13, 1, '2020-04-30 05:50:48'),
(247, 8, 1, 9, 9, 1, '2020-04-30 05:50:49'),
(248, 8, 1, 10, 8, 1, '2020-04-30 05:50:49'),
(249, 8, 1, 9, 12, 1, '2020-04-30 05:50:52'),
(250, 8, 1, 10, 13, 1, '2020-04-30 05:50:53'),
(251, 8, 1, 9, 3, 1, '2020-04-30 05:50:54'),
(252, 8, 1, 9, 5, 1, '2020-04-30 05:50:56'),
(253, 8, 1, 9, 16, 1, '2020-04-30 05:51:01'),
(254, 8, 1, 9, 18, 1, '2020-04-30 05:51:02'),
(255, 9, 1, 9, 5, 2, '2020-04-30 05:52:17'),
(256, 9, 1, 9, 16, 2, '2020-04-30 05:52:17'),
(257, 9, 1, 9, 17, 2, '2020-04-30 05:52:19'),
(258, 9, 1, 8, 4, 1, '2020-04-30 05:52:21'),
(259, 9, 1, 8, 17, 1, '2020-04-30 05:52:22'),
(260, 9, 1, 8, 8, 1, '2020-04-30 05:52:24'),
(261, 9, 1, 9, 13, 1, '2020-04-30 05:52:25'),
(262, 9, 1, 4, 5, 1, '2020-04-30 05:52:26'),
(263, 9, 1, 5, 16, 1, '2020-04-30 05:52:28'),
(264, 9, 1, 5, 5, 1, '2020-04-30 05:52:30'),
(265, 9, 1, 5, 11, 1, '2020-04-30 05:52:32'),
(266, 9, 1, 9, 4, 1, '2020-04-30 05:52:53'),
(267, 9, 1, 9, 4, 2, '2020-04-30 05:52:55'),
(268, 9, 1, 8, 5, 1, '2020-04-30 05:52:57'),
(269, 9, 1, 8, 16, 1, '2020-04-30 05:52:58'),
(270, 9, 1, 8, 7, 1, '2020-04-30 05:53:00'),
(271, 9, 1, 9, 14, 1, '2020-04-30 05:53:00'),
(272, 9, 1, 9, 8, 1, '2020-04-30 05:53:04'),
(273, 9, 1, 8, 14, 1, '2020-04-30 05:53:04'),
(274, 9, 1, 4, 10, 1, '2020-04-30 05:53:06'),
(275, 9, 1, 4, 16, 1, '2020-04-30 05:53:08'),
(276, 9, 1, 4, 11, 1, '2020-04-30 05:53:13'),
(277, 9, 1, 5, 11, 0, '2020-04-30 05:53:13'),
(278, 9, 1, 9, 7, 1, '2020-04-30 05:53:19'),
(279, 9, 1, 8, 13, 1, '2020-04-30 05:53:20'),
(280, 10, 1, 5, 4, 1, '2020-04-30 05:54:31'),
(281, 10, 1, 4, 6, 1, '2020-04-30 05:54:32'),
(282, 10, 1, 4, 18, 1, '2020-04-30 05:54:34'),
(283, 10, 1, 11, 4, 1, '2020-04-30 05:54:36'),
(284, 10, 1, 10, 6, 1, '2020-04-30 05:54:38'),
(285, 10, 1, 11, 16, 1, '2020-04-30 05:54:39'),
(286, 10, 1, 10, 18, 1, '2020-04-30 05:54:40'),
(287, 10, 1, 4, 4, 1, '2020-04-30 05:54:44'),
(288, 10, 1, 10, 4, 1, '2020-04-30 05:54:45'),
(289, 10, 1, 11, 6, 1, '2020-04-30 05:54:46'),
(290, 10, 1, 10, 16, 1, '2020-04-30 05:54:48'),
(291, 10, 1, 11, 18, 1, '2020-04-30 05:54:49'),
(292, 10, 1, 5, 6, 1, '2020-04-30 05:54:53'),
(293, 10, 1, 5, 18, 1, '2020-04-30 05:54:55'),
(294, 10, 1, 5, 16, 1, '2020-04-30 05:54:56'),
(295, 10, 1, 4, 16, 1, '2020-04-30 05:54:58'),
(296, 10, 1, 15, 5, 1, '2020-04-30 05:55:02'),
(297, 10, 1, 18, 5, 1, '2020-04-30 05:55:03'),
(298, 10, 1, 15, 17, 1, '2020-04-30 05:55:04'),
(299, 10, 1, 18, 17, 1, '2020-04-30 05:55:05'),
(300, 10, 1, 12, 5, 2, '2020-04-30 05:55:08'),
(301, 10, 1, 9, 5, 2, '2020-04-30 05:55:09'),
(302, 10, 1, 9, 17, 2, '2020-04-30 05:55:10'),
(303, 10, 1, 12, 17, 2, '2020-04-30 05:55:11'),
(304, 11, 1, 3, 4, 1, '2020-04-30 05:56:49'),
(305, 11, 1, 3, 18, 1, '2020-04-30 05:56:51'),
(306, 11, 1, 4, 7, 1, '2020-04-30 05:56:53'),
(307, 11, 1, 4, 7, 2, '2020-04-30 05:56:53'),
(308, 11, 1, 3, 8, 2, '2020-04-30 05:56:54'),
(309, 11, 1, 4, 13, 1, '2020-04-30 05:56:56'),
(310, 11, 1, 3, 14, 2, '2020-04-30 05:56:58'),
(311, 11, 1, 3, 7, 1, '2020-04-30 05:56:59'),
(312, 11, 1, 4, 8, 1, '2020-04-30 05:57:00'),
(313, 11, 1, 3, 13, 1, '2020-04-30 05:57:01'),
(314, 11, 1, 4, 14, 1, '2020-04-30 05:57:02'),
(315, 11, 2, 4, 10, 1, '2020-04-30 05:57:07'),
(316, 11, 2, 3, 10, 1, '2020-04-30 05:57:09'),
(317, 11, 1, 4, 13, 2, '2020-04-30 05:57:14'),
(318, 11, 1, 4, 3, 1, '2020-04-30 05:57:20'),
(319, 11, 1, 3, 3, 1, '2020-04-30 05:57:20'),
(320, 11, 1, 4, 4, 1, '2020-04-30 05:57:21'),
(321, 11, 1, 3, 17, 1, '2020-04-30 05:57:23'),
(322, 11, 1, 4, 17, 1, '2020-04-30 05:57:24'),
(323, 11, 1, 4, 18, 1, '2020-04-30 05:57:25'),
(324, 12, 1, 11, 6, 1, '2020-04-30 05:58:27'),
(325, 12, 1, 12, 6, 1, '2020-04-30 05:58:28'),
(326, 12, 1, 12, 7, 1, '2020-04-30 05:58:28'),
(327, 12, 1, 11, 7, 1, '2020-04-30 05:58:30'),
(328, 12, 1, 11, 14, 1, '2020-04-30 05:58:31'),
(329, 12, 1, 12, 14, 1, '2020-04-30 05:58:32'),
(330, 12, 1, 12, 15, 1, '2020-04-30 05:58:33'),
(331, 12, 1, 11, 15, 1, '2020-04-30 05:58:35'),
(332, 12, 1, 7, 10, 1, '2020-04-30 05:58:38'),
(333, 12, 1, 7, 11, 1, '2020-04-30 05:58:39'),
(334, 12, 1, 16, 10, 1, '2020-04-30 05:58:40'),
(335, 12, 1, 16, 11, 1, '2020-04-30 05:58:41'),
(336, 12, 1, 8, 10, 1, '2020-04-30 05:58:43'),
(337, 12, 1, 8, 11, 1, '2020-04-30 05:58:44'),
(338, 12, 1, 15, 10, 1, '2020-04-30 05:58:45'),
(339, 12, 1, 15, 11, 1, '2020-04-30 05:58:45'),
(340, 13, 1, 9, 3, 1, '2020-04-30 05:59:44'),
(341, 13, 1, 9, 4, 1, '2020-04-30 05:59:45'),
(342, 13, 1, 9, 8, 1, '2020-04-30 05:59:46'),
(343, 13, 1, 8, 9, 1, '2020-04-30 05:59:47'),
(344, 13, 1, 9, 9, 1, '2020-04-30 05:59:47'),
(345, 13, 1, 8, 12, 1, '2020-04-30 05:59:49'),
(346, 13, 1, 8, 13, 1, '2020-04-30 05:59:49'),
(347, 13, 1, 9, 12, 1, '2020-04-30 05:59:50'),
(348, 13, 1, 9, 13, 1, '2020-04-30 05:59:51'),
(349, 13, 1, 9, 17, 1, '2020-04-30 05:59:52'),
(350, 13, 1, 9, 18, 1, '2020-04-30 05:59:53'),
(351, 13, 1, 8, 8, 1, '2020-04-30 05:59:56'),
(352, 13, 1, 3, 9, 2, '2020-04-30 05:59:59'),
(353, 13, 1, 3, 8, 2, '2020-04-30 06:00:00'),
(354, 13, 1, 3, 12, 2, '2020-04-30 06:00:01'),
(355, 13, 1, 3, 13, 2, '2020-04-30 06:00:02'),
(356, 14, 1, 10, 3, 1, '2020-04-30 06:01:20'),
(357, 14, 1, 9, 4, 1, '2020-04-30 06:01:20'),
(358, 14, 1, 10, 5, 1, '2020-04-30 06:01:21'),
(359, 14, 1, 10, 16, 1, '2020-04-30 06:01:23'),
(360, 14, 1, 11, 17, 1, '2020-04-30 06:01:24'),
(361, 14, 1, 10, 18, 1, '2020-04-30 06:01:24'),
(362, 14, 1, 11, 4, 1, '2020-04-30 06:01:27'),
(363, 14, 1, 9, 17, 1, '2020-04-30 06:01:28'),
(364, 14, 1, 2, 4, 1, '2020-04-30 06:01:29'),
(365, 14, 1, 2, 17, 1, '2020-04-30 06:01:30'),
(366, 14, 1, 4, 4, 1, '2020-04-30 06:01:32'),
(367, 14, 1, 4, 17, 1, '2020-04-30 06:01:33'),
(368, 14, 1, 3, 3, 2, '2020-04-30 06:01:37'),
(369, 14, 1, 3, 5, 2, '2020-04-30 06:01:37'),
(370, 14, 1, 3, 16, 2, '2020-04-30 06:01:38'),
(371, 14, 1, 3, 18, 2, '2020-04-30 06:01:39'),
(372, 14, 1, 6, 10, 1, '2020-04-30 06:01:41'),
(373, 14, 1, 7, 10, 1, '2020-04-30 06:01:42'),
(374, 14, 1, 7, 11, 1, '2020-04-30 06:01:42'),
(375, 14, 1, 6, 11, 1, '2020-04-30 06:01:43'),
(376, 14, 1, 7, 9, 2, '2020-04-30 06:01:45'),
(377, 14, 1, 7, 12, 2, '2020-04-30 06:01:47'),
(378, 15, 1, 4, 10, 1, '2020-04-30 06:02:45'),
(379, 15, 1, 3, 11, 1, '2020-04-30 06:02:46'),
(380, 15, 1, 8, 10, 1, '2020-04-30 06:02:47'),
(381, 15, 1, 9, 11, 1, '2020-04-30 06:02:48'),
(382, 15, 1, 12, 11, 1, '2020-04-30 06:02:49'),
(383, 15, 1, 13, 10, 1, '2020-04-30 06:02:50'),
(384, 15, 1, 12, 3, 2, '2020-04-30 06:02:55'),
(385, 15, 1, 13, 4, 2, '2020-04-30 06:02:56'),
(386, 15, 1, 12, 17, 2, '2020-04-30 06:02:57'),
(387, 15, 1, 13, 18, 2, '2020-04-30 06:02:57'),
(388, 15, 1, 12, 4, 1, '2020-04-30 06:02:59'),
(389, 15, 1, 12, 18, 1, '2020-04-30 06:03:00'),
(390, 15, 1, 3, 10, 1, '2020-04-30 06:03:03'),
(391, 15, 1, 4, 11, 1, '2020-04-30 06:03:03'),
(392, 15, 1, 13, 3, 1, '2020-04-30 06:03:08'),
(393, 15, 1, 13, 17, 2, '2020-04-30 06:03:09'),
(394, 15, 1, 13, 17, 1, '2020-04-30 06:03:12'),
(395, 16, 1, 13, 10, 1, '2020-04-30 06:04:33'),
(396, 16, 1, 12, 11, 1, '2020-04-30 06:04:34'),
(397, 16, 1, 11, 10, 1, '2020-04-30 06:04:35'),
(398, 16, 1, 11, 11, 1, '2020-04-30 06:04:37'),
(399, 16, 1, 12, 4, 1, '2020-04-30 06:04:39'),
(400, 16, 1, 11, 16, 1, '2020-04-30 06:04:40'),
(401, 16, 1, 12, 17, 1, '2020-04-30 06:04:41'),
(402, 16, 1, 3, 4, 2, '2020-04-30 06:04:43'),
(403, 16, 1, 3, 5, 2, '2020-04-30 06:04:44'),
(404, 16, 1, 3, 17, 2, '2020-04-30 06:04:46'),
(405, 16, 1, 4, 4, 1, '2020-04-30 06:04:48'),
(406, 16, 1, 4, 5, 1, '2020-04-30 06:04:49'),
(407, 16, 1, 4, 16, 1, '2020-04-30 06:04:49'),
(408, 16, 1, 4, 17, 1, '2020-04-30 06:04:50'),
(409, 16, 1, 3, 9, 1, '2020-04-30 06:04:52'),
(410, 16, 1, 3, 8, 1, '2020-04-30 06:04:52'),
(411, 16, 1, 3, 12, 1, '2020-04-30 06:04:53'),
(412, 16, 1, 3, 13, 1, '2020-04-30 06:04:54'),
(413, 16, 1, 11, 5, 2, '2020-04-30 06:04:59'),
(414, 16, 1, 11, 5, 0, '2020-04-30 06:04:59'),
(415, 16, 1, 11, 5, 1, '2020-04-30 06:05:00'),
(416, 16, 1, 3, 16, 2, '2020-04-30 06:05:02'),
(417, 16, 1, 12, 10, 1, '2020-04-30 06:05:08'),
(418, 16, 1, 13, 11, 1, '2020-04-30 06:05:08'),
(419, 17, 1, 17, 3, 1, '2020-04-30 06:07:45'),
(420, 17, 1, 17, 5, 1, '2020-04-30 06:07:46'),
(421, 17, 1, 17, 16, 1, '2020-04-30 06:07:47'),
(422, 17, 1, 17, 18, 1, '2020-04-30 06:07:48'),
(423, 17, 1, 11, 4, 1, '2020-04-30 06:07:50'),
(424, 17, 1, 13, 4, 1, '2020-04-30 06:07:51'),
(425, 17, 1, 11, 17, 1, '2020-04-30 06:07:52'),
(426, 17, 1, 13, 17, 1, '2020-04-30 06:07:52'),
(427, 17, 1, 3, 3, 2, '2020-04-30 06:07:54'),
(428, 17, 1, 4, 3, 2, '2020-04-30 06:07:55'),
(429, 17, 1, 3, 4, 2, '2020-04-30 06:07:56'),
(430, 17, 1, 4, 4, 2, '2020-04-30 06:07:56'),
(431, 17, 1, 3, 18, 2, '2020-04-30 06:07:59'),
(432, 18, 1, 15, 3, 1, '2020-04-30 06:09:34'),
(433, 18, 1, 15, 4, 1, '2020-04-30 06:09:34'),
(434, 18, 1, 16, 4, 1, '2020-04-30 06:09:35'),
(435, 18, 1, 16, 17, 1, '2020-04-30 06:09:36'),
(436, 18, 1, 15, 17, 1, '2020-04-30 06:09:36'),
(437, 18, 1, 15, 18, 1, '2020-04-30 06:09:37'),
(438, 18, 1, 16, 18, 1, '2020-04-30 06:09:38'),
(439, 18, 1, 4, 3, 1, '2020-04-30 06:09:40'),
(440, 18, 1, 4, 4, 1, '2020-04-30 06:09:40'),
(441, 18, 1, 3, 4, 1, '2020-04-30 06:09:41'),
(442, 18, 1, 3, 17, 1, '2020-04-30 06:09:42'),
(443, 18, 1, 4, 17, 1, '2020-04-30 06:09:42'),
(444, 18, 1, 3, 18, 1, '2020-04-30 06:09:43'),
(445, 18, 1, 16, 3, 1, '2020-04-30 06:09:47'),
(446, 18, 1, 3, 3, 1, '2020-04-30 06:09:48'),
(447, 18, 1, 4, 18, 1, '2020-04-30 06:09:49'),
(448, 18, 1, 12, 7, 1, '2020-04-30 06:09:52'),
(449, 18, 1, 12, 7, 2, '2020-04-30 06:09:53'),
(450, 18, 1, 11, 8, 2, '2020-04-30 06:09:54'),
(451, 18, 1, 12, 13, 2, '2020-04-30 06:09:54'),
(452, 18, 1, 11, 14, 2, '2020-04-30 06:09:55'),
(453, 18, 1, 12, 3, 2, '2020-04-30 06:09:56'),
(454, 18, 1, 11, 4, 2, '2020-04-30 06:09:57'),
(455, 18, 1, 7, 8, 2, '2020-04-30 06:09:59'),
(456, 18, 1, 7, 4, 2, '2020-04-30 06:10:00'),
(457, 18, 1, 8, 3, 2, '2020-04-30 06:10:01'),
(458, 18, 1, 8, 7, 2, '2020-04-30 06:10:05'),
(459, 18, 1, 7, 14, 2, '2020-04-30 06:10:06'),
(460, 18, 1, 3, 8, 2, '2020-04-30 06:10:08'),
(461, 18, 1, 3, 14, 2, '2020-04-30 06:10:09'),
(462, 18, 1, 7, 18, 2, '2020-04-30 06:10:11'),
(463, 18, 1, 11, 18, 2, '2020-04-30 06:10:13'),
(464, 18, 1, 4, 13, 2, '2020-04-30 06:10:16'),
(465, 18, 1, 4, 7, 2, '2020-04-30 06:10:17'),
(466, 18, 1, 8, 17, 2, '2020-04-30 06:10:18'),
(467, 18, 1, 12, 17, 2, '2020-04-30 06:10:19'),
(468, 1, 1, 2, 2, 0, '2020-04-30 06:40:09'),
(469, 1, 1, 2, 3, 0, '2020-04-30 06:40:09'),
(470, 1, 1, 2, 7, 0, '2020-04-30 06:40:09'),
(471, 1, 1, 2, 8, 0, '2020-04-30 06:40:09'),
(472, 1, 1, 2, 13, 0, '2020-04-30 06:40:09'),
(473, 1, 1, 2, 14, 0, '2020-04-30 06:40:09'),
(474, 1, 1, 2, 18, 0, '2020-04-30 06:40:09'),
(475, 1, 1, 2, 19, 0, '2020-04-30 06:40:09'),
(476, 1, 1, 3, 2, 0, '2020-04-30 06:40:09'),
(477, 1, 1, 3, 3, 0, '2020-04-30 06:40:09'),
(478, 1, 1, 3, 7, 0, '2020-04-30 06:40:09'),
(479, 1, 1, 3, 8, 0, '2020-04-30 06:40:09'),
(480, 1, 1, 3, 13, 0, '2020-04-30 06:40:09'),
(481, 1, 1, 3, 14, 0, '2020-04-30 06:40:09'),
(482, 1, 1, 3, 18, 0, '2020-04-30 06:40:09'),
(483, 1, 1, 3, 19, 0, '2020-04-30 06:40:09'),
(484, 1, 1, 6, 2, 0, '2020-04-30 06:40:10'),
(485, 1, 1, 6, 3, 0, '2020-04-30 06:40:10'),
(486, 1, 1, 6, 7, 0, '2020-04-30 06:40:10'),
(487, 1, 1, 6, 8, 0, '2020-04-30 06:40:10'),
(488, 1, 1, 6, 13, 0, '2020-04-30 06:40:10'),
(489, 1, 1, 6, 14, 0, '2020-04-30 06:40:10'),
(490, 1, 1, 6, 18, 0, '2020-04-30 06:40:10'),
(491, 1, 1, 6, 19, 0, '2020-04-30 06:40:10'),
(492, 1, 1, 7, 2, 0, '2020-04-30 06:40:10'),
(493, 1, 1, 7, 3, 0, '2020-04-30 06:40:10'),
(494, 1, 1, 7, 7, 0, '2020-04-30 06:40:10'),
(495, 1, 1, 7, 8, 0, '2020-04-30 06:40:10'),
(496, 1, 1, 7, 13, 0, '2020-04-30 06:40:10'),
(497, 1, 1, 7, 14, 0, '2020-04-30 06:40:10'),
(498, 1, 1, 7, 18, 0, '2020-04-30 06:40:10'),
(499, 1, 1, 7, 19, 0, '2020-04-30 06:40:10'),
(500, 1, 1, 10, 2, 0, '2020-04-30 06:40:10'),
(501, 1, 1, 10, 3, 0, '2020-04-30 06:40:10'),
(502, 1, 1, 10, 7, 0, '2020-04-30 06:40:10'),
(503, 1, 1, 10, 8, 0, '2020-04-30 06:40:10'),
(504, 1, 1, 10, 13, 0, '2020-04-30 06:40:10'),
(505, 1, 1, 10, 14, 0, '2020-04-30 06:40:10'),
(506, 1, 1, 10, 18, 0, '2020-04-30 06:40:10'),
(507, 1, 1, 10, 19, 0, '2020-04-30 06:40:10'),
(508, 1, 1, 11, 2, 0, '2020-04-30 06:40:10'),
(509, 1, 1, 11, 3, 0, '2020-04-30 06:40:10'),
(510, 1, 1, 11, 7, 0, '2020-04-30 06:40:10'),
(511, 1, 1, 11, 8, 0, '2020-04-30 06:40:10'),
(512, 1, 1, 11, 13, 0, '2020-04-30 06:40:10'),
(513, 1, 1, 11, 14, 0, '2020-04-30 06:40:10'),
(514, 1, 1, 11, 18, 0, '2020-04-30 06:40:10'),
(515, 1, 1, 11, 19, 0, '2020-04-30 06:40:10'),
(516, 1, 1, 15, 2, 0, '2020-04-30 06:40:10'),
(517, 1, 1, 15, 3, 0, '2020-04-30 06:40:10'),
(518, 1, 1, 15, 7, 0, '2020-04-30 06:40:10'),
(519, 1, 1, 15, 8, 0, '2020-04-30 06:40:10'),
(520, 1, 1, 15, 13, 0, '2020-04-30 06:40:10'),
(521, 1, 1, 15, 14, 0, '2020-04-30 06:40:10'),
(522, 1, 1, 15, 18, 0, '2020-04-30 06:40:10'),
(523, 1, 1, 15, 19, 0, '2020-04-30 06:40:10'),
(524, 1, 1, 16, 2, 0, '2020-04-30 06:40:10'),
(525, 1, 1, 16, 3, 0, '2020-04-30 06:40:10'),
(526, 1, 1, 16, 7, 0, '2020-04-30 06:40:10'),
(527, 1, 1, 16, 8, 0, '2020-04-30 06:40:10'),
(528, 1, 1, 16, 13, 0, '2020-04-30 06:40:10'),
(529, 1, 1, 16, 14, 0, '2020-04-30 06:40:10'),
(530, 1, 1, 16, 18, 0, '2020-04-30 06:40:10'),
(531, 1, 1, 16, 19, 0, '2020-04-30 06:40:10'),
(532, 1, 1, 19, 2, 0, '2020-04-30 06:40:10'),
(533, 1, 1, 19, 3, 0, '2020-04-30 06:40:10'),
(534, 1, 1, 19, 7, 0, '2020-04-30 06:40:10'),
(535, 1, 1, 19, 8, 0, '2020-04-30 06:40:10'),
(536, 1, 1, 19, 13, 0, '2020-04-30 06:40:10'),
(537, 1, 1, 19, 14, 0, '2020-04-30 06:40:10'),
(538, 1, 1, 19, 18, 0, '2020-04-30 06:40:10'),
(539, 1, 1, 19, 19, 0, '2020-04-30 06:40:10'),
(540, 1, 1, 20, 2, 0, '2020-04-30 06:40:10'),
(541, 1, 1, 20, 3, 0, '2020-04-30 06:40:10'),
(542, 1, 1, 20, 7, 0, '2020-04-30 06:40:10'),
(543, 1, 1, 20, 8, 0, '2020-04-30 06:40:10'),
(544, 1, 1, 20, 13, 0, '2020-04-30 06:40:10'),
(545, 1, 1, 20, 14, 0, '2020-04-30 06:40:10'),
(546, 1, 1, 20, 18, 0, '2020-04-30 06:40:10'),
(547, 1, 1, 20, 19, 0, '2020-04-30 06:40:10'),
(548, 1, 1, 23, 2, 0, '2020-04-30 06:40:10'),
(549, 1, 1, 23, 3, 0, '2020-04-30 06:40:10'),
(550, 1, 1, 23, 18, 0, '2020-04-30 06:40:10'),
(551, 1, 1, 23, 19, 0, '2020-04-30 06:40:10'),
(552, 1, 1, 24, 2, 0, '2020-04-30 06:40:10'),
(553, 1, 1, 24, 3, 0, '2020-04-30 06:40:10'),
(554, 1, 1, 24, 18, 0, '2020-04-30 06:40:10'),
(555, 1, 1, 24, 19, 0, '2020-04-30 06:40:10'),
(556, 1, 2, 3, 3, 1, '2020-04-30 06:40:20'),
(557, 1, 2, 3, 18, 1, '2020-04-30 06:40:20'),
(558, 1, 2, 4, 2, 1, '2020-04-30 06:40:20'),
(559, 1, 2, 4, 4, 1, '2020-04-30 06:40:20'),
(560, 1, 2, 4, 17, 1, '2020-04-30 06:40:20'),
(561, 1, 2, 4, 19, 1, '2020-04-30 06:40:20'),
(562, 1, 2, 5, 3, 1, '2020-04-30 06:40:20'),
(563, 1, 2, 5, 18, 1, '2020-04-30 06:40:20'),
(564, 1, 2, 8, 3, 1, '2020-04-30 06:40:20'),
(565, 1, 2, 8, 18, 1, '2020-04-30 06:40:20'),
(566, 1, 2, 9, 2, 1, '2020-04-30 06:40:20'),
(567, 1, 2, 9, 4, 1, '2020-04-30 06:40:20'),
(568, 1, 2, 9, 17, 1, '2020-04-30 06:40:20'),
(569, 1, 2, 9, 19, 1, '2020-04-30 06:40:20'),
(570, 1, 2, 10, 3, 1, '2020-04-30 06:40:20'),
(571, 1, 2, 10, 18, 1, '2020-04-30 06:40:20'),
(572, 1, 2, 16, 3, 1, '2020-04-30 06:40:21'),
(573, 1, 2, 16, 18, 1, '2020-04-30 06:40:21'),
(574, 1, 2, 17, 2, 1, '2020-04-30 06:40:21'),
(575, 1, 2, 17, 4, 1, '2020-04-30 06:40:21'),
(576, 1, 2, 17, 17, 1, '2020-04-30 06:40:21'),
(577, 1, 2, 17, 19, 1, '2020-04-30 06:40:21'),
(578, 1, 2, 18, 3, 1, '2020-04-30 06:40:21'),
(579, 1, 2, 18, 18, 1, '2020-04-30 06:40:21'),
(580, 1, 2, 21, 3, 1, '2020-04-30 06:40:21'),
(581, 1, 2, 21, 18, 1, '2020-04-30 06:40:21'),
(582, 1, 2, 22, 2, 1, '2020-04-30 06:40:21'),
(583, 1, 2, 22, 4, 1, '2020-04-30 06:40:21'),
(584, 1, 2, 22, 17, 1, '2020-04-30 06:40:21'),
(585, 1, 2, 22, 19, 1, '2020-04-30 06:40:21'),
(586, 1, 2, 23, 3, 1, '2020-04-30 06:40:21'),
(587, 1, 2, 23, 18, 1, '2020-04-30 06:40:21'),
(588, 1, 2, 3, 3, 1, '2020-04-30 06:40:21'),
(589, 1, 2, 3, 18, 1, '2020-04-30 06:40:21'),
(590, 1, 2, 4, 2, 1, '2020-04-30 06:40:21'),
(591, 1, 2, 4, 4, 1, '2020-04-30 06:40:21'),
(592, 1, 2, 4, 17, 1, '2020-04-30 06:40:21'),
(593, 1, 2, 4, 19, 1, '2020-04-30 06:40:21'),
(594, 1, 2, 5, 3, 1, '2020-04-30 06:40:21'),
(595, 1, 2, 5, 18, 1, '2020-04-30 06:40:21'),
(596, 1, 2, 8, 3, 1, '2020-04-30 06:40:21'),
(597, 1, 2, 8, 18, 1, '2020-04-30 06:40:21'),
(598, 1, 2, 9, 2, 1, '2020-04-30 06:40:21'),
(599, 1, 2, 9, 4, 1, '2020-04-30 06:40:21'),
(600, 1, 2, 9, 17, 1, '2020-04-30 06:40:21'),
(601, 1, 2, 9, 19, 1, '2020-04-30 06:40:21'),
(602, 1, 2, 10, 3, 1, '2020-04-30 06:40:21'),
(603, 1, 2, 10, 18, 1, '2020-04-30 06:40:21'),
(604, 1, 2, 16, 3, 1, '2020-04-30 06:40:21'),
(605, 1, 2, 16, 18, 1, '2020-04-30 06:40:21'),
(606, 1, 2, 17, 2, 1, '2020-04-30 06:40:21'),
(607, 1, 2, 17, 4, 1, '2020-04-30 06:40:21'),
(608, 1, 2, 17, 17, 1, '2020-04-30 06:40:21'),
(609, 1, 2, 17, 19, 1, '2020-04-30 06:40:21'),
(610, 1, 2, 18, 3, 1, '2020-04-30 06:40:22'),
(611, 1, 2, 18, 18, 1, '2020-04-30 06:40:22'),
(612, 1, 2, 21, 3, 1, '2020-04-30 06:40:22'),
(613, 1, 2, 21, 18, 1, '2020-04-30 06:40:22'),
(614, 1, 2, 22, 2, 1, '2020-04-30 06:40:22'),
(615, 1, 2, 22, 4, 1, '2020-04-30 06:40:22'),
(616, 1, 2, 22, 17, 1, '2020-04-30 06:40:22'),
(617, 1, 2, 22, 19, 1, '2020-04-30 06:40:22'),
(618, 1, 2, 23, 3, 1, '2020-04-30 06:40:22'),
(619, 1, 2, 23, 18, 1, '2020-04-30 06:40:22'),
(620, 1, 2, 3, 3, 1, '2020-04-30 06:40:22'),
(621, 1, 2, 3, 18, 1, '2020-04-30 06:40:22'),
(622, 1, 2, 4, 2, 1, '2020-04-30 06:40:22'),
(623, 1, 2, 4, 4, 1, '2020-04-30 06:40:22'),
(624, 1, 2, 4, 17, 1, '2020-04-30 06:40:22'),
(625, 1, 2, 4, 19, 1, '2020-04-30 06:40:22'),
(626, 1, 2, 5, 3, 1, '2020-04-30 06:40:22'),
(627, 1, 2, 5, 18, 1, '2020-04-30 06:40:22'),
(628, 1, 2, 8, 3, 1, '2020-04-30 06:40:22'),
(629, 1, 2, 8, 18, 1, '2020-04-30 06:40:22'),
(630, 1, 2, 9, 2, 1, '2020-04-30 06:40:22'),
(631, 1, 2, 9, 4, 1, '2020-04-30 06:40:23'),
(632, 1, 2, 9, 17, 1, '2020-04-30 06:40:23'),
(633, 1, 2, 9, 19, 1, '2020-04-30 06:40:23'),
(634, 1, 2, 10, 3, 1, '2020-04-30 06:40:23'),
(635, 1, 2, 10, 18, 1, '2020-04-30 06:40:23'),
(636, 1, 2, 16, 3, 1, '2020-04-30 06:40:23'),
(637, 1, 2, 16, 18, 1, '2020-04-30 06:40:23'),
(638, 1, 2, 17, 2, 1, '2020-04-30 06:40:23'),
(639, 1, 2, 17, 4, 1, '2020-04-30 06:40:23'),
(640, 1, 2, 17, 17, 1, '2020-04-30 06:40:23'),
(641, 1, 2, 17, 19, 1, '2020-04-30 06:40:23'),
(642, 1, 2, 18, 3, 1, '2020-04-30 06:40:23'),
(643, 1, 2, 18, 18, 1, '2020-04-30 06:40:23'),
(644, 1, 2, 21, 3, 1, '2020-04-30 06:40:23'),
(645, 1, 2, 21, 18, 1, '2020-04-30 06:40:23'),
(646, 1, 2, 22, 2, 1, '2020-04-30 06:40:23'),
(647, 1, 2, 22, 4, 1, '2020-04-30 06:40:23'),
(648, 1, 2, 22, 17, 1, '2020-04-30 06:40:23'),
(649, 1, 2, 22, 19, 1, '2020-04-30 06:40:23'),
(650, 1, 2, 23, 3, 1, '2020-04-30 06:40:23'),
(651, 1, 2, 23, 18, 1, '2020-04-30 06:40:23'),
(652, 1, 2, 3, 3, 0, '2020-04-30 06:40:23'),
(653, 1, 2, 3, 18, 0, '2020-04-30 06:40:23'),
(654, 1, 2, 4, 2, 0, '2020-04-30 06:40:23'),
(655, 1, 2, 4, 4, 0, '2020-04-30 06:40:23'),
(656, 1, 2, 4, 17, 0, '2020-04-30 06:40:23'),
(657, 1, 2, 4, 19, 0, '2020-04-30 06:40:23'),
(658, 1, 2, 5, 3, 0, '2020-04-30 06:40:23'),
(659, 1, 2, 5, 18, 0, '2020-04-30 06:40:23'),
(660, 1, 2, 8, 3, 0, '2020-04-30 06:40:23'),
(661, 1, 2, 8, 18, 0, '2020-04-30 06:40:23'),
(662, 1, 2, 9, 2, 0, '2020-04-30 06:40:23'),
(663, 1, 2, 9, 4, 0, '2020-04-30 06:40:23'),
(664, 1, 2, 9, 17, 0, '2020-04-30 06:40:23'),
(665, 1, 2, 9, 19, 0, '2020-04-30 06:40:23'),
(666, 1, 2, 10, 3, 0, '2020-04-30 06:40:23'),
(667, 1, 2, 10, 18, 0, '2020-04-30 06:40:23'),
(668, 1, 2, 16, 3, 0, '2020-04-30 06:40:23'),
(669, 1, 2, 16, 18, 0, '2020-04-30 06:40:23'),
(670, 1, 2, 17, 2, 0, '2020-04-30 06:40:23'),
(671, 1, 2, 17, 4, 0, '2020-04-30 06:40:23'),
(672, 1, 2, 17, 17, 0, '2020-04-30 06:40:23'),
(673, 1, 2, 17, 19, 0, '2020-04-30 06:40:23'),
(674, 1, 2, 18, 3, 0, '2020-04-30 06:40:23'),
(675, 1, 2, 18, 18, 0, '2020-04-30 06:40:23'),
(676, 1, 2, 21, 3, 0, '2020-04-30 06:40:23'),
(677, 1, 2, 21, 18, 0, '2020-04-30 06:40:23'),
(678, 1, 2, 22, 2, 0, '2020-04-30 06:40:23'),
(679, 1, 2, 22, 4, 0, '2020-04-30 06:40:23'),
(680, 1, 2, 22, 17, 0, '2020-04-30 06:40:23'),
(681, 1, 2, 22, 19, 0, '2020-04-30 06:40:23'),
(682, 1, 2, 23, 3, 0, '2020-04-30 06:40:23'),
(683, 1, 2, 23, 18, 0, '2020-04-30 06:40:23'),
(684, 1, 2, 3, 3, 0, '2020-04-30 06:40:23'),
(685, 1, 2, 3, 18, 0, '2020-04-30 06:40:23'),
(686, 1, 2, 4, 2, 0, '2020-04-30 06:40:23'),
(687, 1, 2, 4, 4, 0, '2020-04-30 06:40:23'),
(688, 1, 2, 4, 17, 0, '2020-04-30 06:40:23'),
(689, 1, 2, 4, 19, 0, '2020-04-30 06:40:23'),
(690, 1, 2, 5, 3, 0, '2020-04-30 06:40:23'),
(691, 1, 2, 5, 18, 0, '2020-04-30 06:40:23'),
(692, 1, 2, 8, 3, 0, '2020-04-30 06:40:23'),
(693, 1, 2, 8, 18, 0, '2020-04-30 06:40:23'),
(694, 1, 2, 9, 2, 0, '2020-04-30 06:40:23'),
(695, 1, 2, 9, 4, 0, '2020-04-30 06:40:23'),
(696, 1, 2, 9, 17, 0, '2020-04-30 06:40:23'),
(697, 1, 2, 9, 19, 0, '2020-04-30 06:40:23'),
(698, 1, 2, 10, 3, 0, '2020-04-30 06:40:23'),
(699, 1, 2, 10, 18, 0, '2020-04-30 06:40:23'),
(700, 1, 2, 16, 3, 0, '2020-04-30 06:40:24'),
(701, 1, 2, 16, 18, 0, '2020-04-30 06:40:24'),
(702, 1, 2, 17, 2, 0, '2020-04-30 06:40:24'),
(703, 1, 2, 17, 4, 0, '2020-04-30 06:40:24'),
(704, 1, 2, 17, 17, 0, '2020-04-30 06:40:24'),
(705, 1, 2, 17, 19, 0, '2020-04-30 06:40:24'),
(706, 1, 2, 18, 3, 0, '2020-04-30 06:40:24'),
(707, 1, 2, 18, 18, 0, '2020-04-30 06:40:24'),
(708, 1, 2, 21, 3, 0, '2020-04-30 06:40:24'),
(709, 1, 2, 21, 18, 0, '2020-04-30 06:40:24'),
(710, 1, 2, 22, 2, 0, '2020-04-30 06:40:24'),
(711, 1, 2, 22, 4, 0, '2020-04-30 06:40:24'),
(712, 1, 2, 22, 17, 0, '2020-04-30 06:40:24'),
(713, 1, 2, 22, 19, 0, '2020-04-30 06:40:24'),
(714, 1, 2, 23, 3, 0, '2020-04-30 06:40:24'),
(715, 1, 2, 23, 18, 0, '2020-04-30 06:40:24'),
(716, 1, 2, 3, 3, 1, '2020-04-30 06:40:24'),
(717, 1, 2, 3, 18, 1, '2020-04-30 06:40:24'),
(718, 1, 2, 4, 2, 1, '2020-04-30 06:40:24'),
(719, 1, 2, 4, 4, 1, '2020-04-30 06:40:24'),
(720, 1, 2, 4, 17, 1, '2020-04-30 06:40:24'),
(721, 1, 2, 4, 19, 1, '2020-04-30 06:40:24'),
(722, 1, 2, 5, 3, 1, '2020-04-30 06:40:24'),
(723, 1, 2, 5, 18, 1, '2020-04-30 06:40:24'),
(724, 1, 2, 8, 3, 1, '2020-04-30 06:40:24'),
(725, 1, 2, 8, 18, 1, '2020-04-30 06:40:24'),
(726, 1, 2, 9, 2, 1, '2020-04-30 06:40:24'),
(727, 1, 2, 9, 4, 1, '2020-04-30 06:40:24'),
(728, 1, 2, 9, 17, 1, '2020-04-30 06:40:24'),
(729, 1, 2, 9, 19, 1, '2020-04-30 06:40:24'),
(730, 1, 2, 10, 3, 1, '2020-04-30 06:40:24'),
(731, 1, 2, 10, 18, 1, '2020-04-30 06:40:24'),
(732, 1, 2, 16, 3, 1, '2020-04-30 06:40:24'),
(733, 1, 2, 16, 18, 1, '2020-04-30 06:40:24'),
(734, 1, 2, 17, 2, 1, '2020-04-30 06:40:24'),
(735, 1, 2, 17, 4, 1, '2020-04-30 06:40:24'),
(736, 1, 2, 17, 17, 1, '2020-04-30 06:40:24'),
(737, 1, 2, 17, 19, 1, '2020-04-30 06:40:24'),
(738, 1, 2, 18, 3, 1, '2020-04-30 06:40:24'),
(739, 1, 2, 18, 18, 1, '2020-04-30 06:40:24'),
(740, 1, 2, 21, 3, 1, '2020-04-30 06:40:24'),
(741, 1, 2, 21, 18, 1, '2020-04-30 06:40:24'),
(742, 1, 2, 22, 2, 1, '2020-04-30 06:40:24'),
(743, 1, 2, 22, 4, 1, '2020-04-30 06:40:24'),
(744, 1, 2, 22, 17, 1, '2020-04-30 06:40:24'),
(745, 1, 2, 22, 19, 1, '2020-04-30 06:40:24'),
(746, 1, 2, 23, 3, 1, '2020-04-30 06:40:24'),
(747, 1, 2, 23, 18, 1, '2020-04-30 06:40:24'),
(748, 1, 2, 3, 3, 2, '2020-04-30 06:40:25'),
(749, 1, 2, 3, 18, 2, '2020-04-30 06:40:25'),
(750, 1, 2, 4, 2, 2, '2020-04-30 06:40:25'),
(751, 1, 2, 4, 4, 2, '2020-04-30 06:40:25'),
(752, 1, 2, 4, 17, 2, '2020-04-30 06:40:25'),
(753, 1, 2, 4, 19, 2, '2020-04-30 06:40:25'),
(754, 1, 2, 5, 3, 2, '2020-04-30 06:40:25'),
(755, 1, 2, 5, 18, 2, '2020-04-30 06:40:25'),
(756, 1, 2, 8, 3, 2, '2020-04-30 06:40:25'),
(757, 1, 2, 8, 18, 2, '2020-04-30 06:40:25'),
(758, 1, 2, 9, 2, 2, '2020-04-30 06:40:25'),
(759, 1, 2, 9, 4, 2, '2020-04-30 06:40:25'),
(760, 1, 2, 9, 17, 2, '2020-04-30 06:40:25'),
(761, 1, 2, 9, 19, 2, '2020-04-30 06:40:25'),
(762, 1, 2, 10, 3, 2, '2020-04-30 06:40:25'),
(763, 1, 2, 10, 18, 2, '2020-04-30 06:40:25'),
(764, 1, 2, 16, 3, 2, '2020-04-30 06:40:25'),
(765, 1, 2, 16, 18, 2, '2020-04-30 06:40:25'),
(766, 1, 2, 17, 2, 2, '2020-04-30 06:40:25'),
(767, 1, 2, 17, 4, 2, '2020-04-30 06:40:25'),
(768, 1, 2, 17, 17, 2, '2020-04-30 06:40:25'),
(769, 1, 2, 17, 19, 2, '2020-04-30 06:40:25'),
(770, 1, 2, 18, 3, 2, '2020-04-30 06:40:25'),
(771, 1, 2, 18, 18, 2, '2020-04-30 06:40:25'),
(772, 1, 2, 21, 3, 2, '2020-04-30 06:40:25'),
(773, 1, 2, 21, 18, 2, '2020-04-30 06:40:25'),
(774, 1, 2, 22, 2, 2, '2020-04-30 06:40:25'),
(775, 1, 2, 22, 4, 2, '2020-04-30 06:40:25'),
(776, 1, 2, 22, 17, 2, '2020-04-30 06:40:25'),
(777, 1, 2, 22, 19, 2, '2020-04-30 06:40:25'),
(778, 1, 2, 23, 3, 2, '2020-04-30 06:40:25'),
(779, 1, 2, 23, 18, 2, '2020-04-30 06:40:25'),
(780, 1, 1, 2, 2, 0, '2020-04-30 06:40:29'),
(781, 1, 1, 2, 3, 0, '2020-04-30 06:40:29'),
(782, 1, 1, 2, 7, 0, '2020-04-30 06:40:29'),
(783, 1, 1, 2, 8, 0, '2020-04-30 06:40:29'),
(784, 1, 1, 2, 13, 0, '2020-04-30 06:40:29'),
(785, 1, 1, 2, 14, 0, '2020-04-30 06:40:29'),
(786, 1, 1, 2, 18, 0, '2020-04-30 06:40:29'),
(787, 1, 1, 2, 19, 0, '2020-04-30 06:40:29'),
(788, 1, 1, 3, 2, 0, '2020-04-30 06:40:29'),
(789, 1, 1, 3, 3, 0, '2020-04-30 06:40:29'),
(790, 1, 1, 3, 7, 0, '2020-04-30 06:40:29'),
(791, 1, 1, 3, 8, 0, '2020-04-30 06:40:29'),
(792, 1, 1, 3, 13, 0, '2020-04-30 06:40:29'),
(793, 1, 1, 3, 14, 0, '2020-04-30 06:40:29'),
(794, 1, 1, 3, 18, 0, '2020-04-30 06:40:29'),
(795, 1, 1, 3, 19, 0, '2020-04-30 06:40:29'),
(796, 1, 1, 6, 2, 0, '2020-04-30 06:40:29'),
(797, 1, 1, 6, 3, 0, '2020-04-30 06:40:29'),
(798, 1, 1, 6, 7, 0, '2020-04-30 06:40:29'),
(799, 1, 1, 6, 8, 0, '2020-04-30 06:40:29'),
(800, 1, 1, 6, 13, 0, '2020-04-30 06:40:29'),
(801, 1, 1, 6, 14, 0, '2020-04-30 06:40:29'),
(802, 1, 1, 6, 18, 0, '2020-04-30 06:40:29'),
(803, 1, 1, 6, 19, 0, '2020-04-30 06:40:29'),
(804, 1, 1, 7, 2, 0, '2020-04-30 06:40:29'),
(805, 1, 1, 7, 3, 0, '2020-04-30 06:40:29'),
(806, 1, 1, 7, 7, 0, '2020-04-30 06:40:29'),
(807, 1, 1, 7, 8, 0, '2020-04-30 06:40:29'),
(808, 1, 1, 7, 13, 0, '2020-04-30 06:40:29'),
(809, 1, 1, 7, 14, 0, '2020-04-30 06:40:29'),
(810, 1, 1, 7, 18, 0, '2020-04-30 06:40:29'),
(811, 1, 1, 7, 19, 0, '2020-04-30 06:40:29'),
(812, 1, 1, 10, 2, 0, '2020-04-30 06:40:29'),
(813, 1, 1, 10, 3, 0, '2020-04-30 06:40:29'),
(814, 1, 1, 10, 7, 0, '2020-04-30 06:40:29'),
(815, 1, 1, 10, 8, 0, '2020-04-30 06:40:29'),
(816, 1, 1, 10, 13, 0, '2020-04-30 06:40:29'),
(817, 1, 1, 10, 14, 0, '2020-04-30 06:40:29'),
(818, 1, 1, 10, 18, 0, '2020-04-30 06:40:29'),
(819, 1, 1, 10, 19, 0, '2020-04-30 06:40:29'),
(820, 1, 1, 11, 2, 0, '2020-04-30 06:40:29'),
(821, 1, 1, 11, 3, 0, '2020-04-30 06:40:29'),
(822, 1, 1, 11, 7, 0, '2020-04-30 06:40:29'),
(823, 1, 1, 11, 8, 0, '2020-04-30 06:40:29'),
(824, 1, 1, 11, 13, 0, '2020-04-30 06:40:29'),
(825, 1, 1, 11, 14, 0, '2020-04-30 06:40:29'),
(826, 1, 1, 11, 18, 0, '2020-04-30 06:40:29'),
(827, 1, 1, 11, 19, 0, '2020-04-30 06:40:29'),
(828, 1, 1, 15, 2, 0, '2020-04-30 06:40:29'),
(829, 1, 1, 15, 3, 0, '2020-04-30 06:40:29'),
(830, 1, 1, 15, 7, 0, '2020-04-30 06:40:29'),
(831, 1, 1, 15, 8, 0, '2020-04-30 06:40:29'),
(832, 1, 1, 15, 13, 0, '2020-04-30 06:40:29'),
(833, 1, 1, 15, 14, 0, '2020-04-30 06:40:29'),
(834, 1, 1, 15, 18, 0, '2020-04-30 06:40:29'),
(835, 1, 1, 15, 19, 0, '2020-04-30 06:40:29'),
(836, 1, 1, 16, 2, 0, '2020-04-30 06:40:29'),
(837, 1, 1, 16, 3, 0, '2020-04-30 06:40:29'),
(838, 1, 1, 16, 7, 0, '2020-04-30 06:40:29'),
(839, 1, 1, 16, 8, 0, '2020-04-30 06:40:29'),
(840, 1, 1, 16, 13, 0, '2020-04-30 06:40:30'),
(841, 1, 1, 16, 14, 0, '2020-04-30 06:40:30'),
(842, 1, 1, 16, 18, 0, '2020-04-30 06:40:30'),
(843, 1, 1, 16, 19, 0, '2020-04-30 06:40:30'),
(844, 1, 1, 19, 2, 0, '2020-04-30 06:40:30'),
(845, 1, 1, 19, 3, 0, '2020-04-30 06:40:30'),
(846, 1, 1, 19, 7, 0, '2020-04-30 06:40:30'),
(847, 1, 1, 19, 8, 0, '2020-04-30 06:40:30'),
(848, 1, 1, 19, 13, 0, '2020-04-30 06:40:30'),
(849, 1, 1, 19, 14, 0, '2020-04-30 06:40:30'),
(850, 1, 1, 19, 18, 0, '2020-04-30 06:40:30'),
(851, 1, 1, 19, 19, 0, '2020-04-30 06:40:30'),
(852, 1, 1, 20, 2, 0, '2020-04-30 06:40:30'),
(853, 1, 1, 20, 3, 0, '2020-04-30 06:40:30'),
(854, 1, 1, 20, 7, 0, '2020-04-30 06:40:30'),
(855, 1, 1, 20, 8, 0, '2020-04-30 06:40:30'),
(856, 1, 1, 20, 13, 0, '2020-04-30 06:40:30'),
(857, 1, 1, 20, 14, 0, '2020-04-30 06:40:30'),
(858, 1, 1, 20, 18, 0, '2020-04-30 06:40:30'),
(859, 1, 1, 20, 19, 0, '2020-04-30 06:40:30'),
(860, 1, 1, 23, 2, 0, '2020-04-30 06:40:30'),
(861, 1, 1, 23, 3, 0, '2020-04-30 06:40:30'),
(862, 1, 1, 23, 18, 0, '2020-04-30 06:40:30'),
(863, 1, 1, 23, 19, 0, '2020-04-30 06:40:30'),
(864, 1, 1, 24, 2, 0, '2020-04-30 06:40:30'),
(865, 1, 1, 24, 3, 0, '2020-04-30 06:40:30'),
(866, 1, 1, 24, 18, 0, '2020-04-30 06:40:30'),
(867, 1, 1, 24, 19, 0, '2020-04-30 06:40:30'),
(868, 1, 1, 2, 2, 1, '2020-04-30 06:40:30'),
(869, 1, 1, 2, 3, 1, '2020-04-30 06:40:30'),
(870, 1, 1, 2, 7, 1, '2020-04-30 06:40:30'),
(871, 1, 1, 2, 8, 1, '2020-04-30 06:40:30'),
(872, 1, 1, 2, 13, 1, '2020-04-30 06:40:30'),
(873, 1, 1, 2, 14, 1, '2020-04-30 06:40:30'),
(874, 1, 1, 2, 18, 1, '2020-04-30 06:40:30'),
(875, 1, 1, 2, 19, 1, '2020-04-30 06:40:30'),
(876, 1, 1, 3, 2, 1, '2020-04-30 06:40:30'),
(877, 1, 1, 3, 3, 1, '2020-04-30 06:40:30'),
(878, 1, 1, 3, 7, 1, '2020-04-30 06:40:30'),
(879, 1, 1, 3, 8, 1, '2020-04-30 06:40:30'),
(880, 1, 1, 3, 13, 1, '2020-04-30 06:40:30'),
(881, 1, 1, 3, 14, 1, '2020-04-30 06:40:30'),
(882, 1, 1, 3, 18, 1, '2020-04-30 06:40:30'),
(883, 1, 1, 3, 19, 1, '2020-04-30 06:40:30'),
(884, 1, 1, 6, 2, 1, '2020-04-30 06:40:30'),
(885, 1, 1, 6, 3, 1, '2020-04-30 06:40:30'),
(886, 1, 1, 6, 7, 1, '2020-04-30 06:40:30'),
(887, 1, 1, 6, 8, 1, '2020-04-30 06:40:30'),
(888, 1, 1, 6, 13, 1, '2020-04-30 06:40:30'),
(889, 1, 1, 6, 14, 1, '2020-04-30 06:40:30'),
(890, 1, 1, 6, 18, 1, '2020-04-30 06:40:30'),
(891, 1, 1, 6, 19, 1, '2020-04-30 06:40:30'),
(892, 1, 1, 7, 2, 1, '2020-04-30 06:40:30'),
(893, 1, 1, 7, 3, 1, '2020-04-30 06:40:30'),
(894, 1, 1, 7, 7, 1, '2020-04-30 06:40:30'),
(895, 1, 1, 7, 8, 1, '2020-04-30 06:40:30'),
(896, 1, 1, 7, 13, 1, '2020-04-30 06:40:30'),
(897, 1, 1, 7, 14, 1, '2020-04-30 06:40:30'),
(898, 1, 1, 7, 18, 1, '2020-04-30 06:40:30'),
(899, 1, 1, 7, 19, 1, '2020-04-30 06:40:30'),
(900, 1, 1, 10, 2, 1, '2020-04-30 06:40:30'),
(901, 1, 1, 10, 3, 1, '2020-04-30 06:40:30'),
(902, 1, 1, 10, 7, 1, '2020-04-30 06:40:30'),
(903, 1, 1, 10, 8, 1, '2020-04-30 06:40:30'),
(904, 1, 1, 10, 13, 1, '2020-04-30 06:40:30'),
(905, 1, 1, 10, 14, 1, '2020-04-30 06:40:30'),
(906, 1, 1, 10, 18, 1, '2020-04-30 06:40:30'),
(907, 1, 1, 10, 19, 1, '2020-04-30 06:40:30'),
(908, 1, 1, 11, 2, 1, '2020-04-30 06:40:30'),
(909, 1, 1, 11, 3, 1, '2020-04-30 06:40:30'),
(910, 1, 1, 11, 7, 1, '2020-04-30 06:40:30'),
(911, 1, 1, 11, 8, 1, '2020-04-30 06:40:30'),
(912, 1, 1, 11, 13, 1, '2020-04-30 06:40:30'),
(913, 1, 1, 11, 14, 1, '2020-04-30 06:40:30'),
(914, 1, 1, 11, 18, 1, '2020-04-30 06:40:30'),
(915, 1, 1, 11, 19, 1, '2020-04-30 06:40:30'),
(916, 1, 1, 15, 2, 1, '2020-04-30 06:40:30'),
(917, 1, 1, 15, 3, 1, '2020-04-30 06:40:30'),
(918, 1, 1, 15, 7, 1, '2020-04-30 06:40:30'),
(919, 1, 1, 15, 8, 1, '2020-04-30 06:40:30'),
(920, 1, 1, 15, 13, 1, '2020-04-30 06:40:30'),
(921, 1, 1, 15, 14, 1, '2020-04-30 06:40:30'),
(922, 1, 1, 15, 18, 1, '2020-04-30 06:40:30'),
(923, 1, 1, 15, 19, 1, '2020-04-30 06:40:30'),
(924, 1, 1, 16, 2, 1, '2020-04-30 06:40:30'),
(925, 1, 1, 16, 3, 1, '2020-04-30 06:40:30'),
(926, 1, 1, 16, 7, 1, '2020-04-30 06:40:30'),
(927, 1, 1, 16, 8, 1, '2020-04-30 06:40:30'),
(928, 1, 1, 16, 13, 1, '2020-04-30 06:40:30'),
(929, 1, 1, 16, 14, 1, '2020-04-30 06:40:30'),
(930, 1, 1, 16, 18, 1, '2020-04-30 06:40:30'),
(931, 1, 1, 16, 19, 1, '2020-04-30 06:40:30'),
(932, 1, 1, 19, 2, 1, '2020-04-30 06:40:30'),
(933, 1, 1, 19, 3, 1, '2020-04-30 06:40:30'),
(934, 1, 1, 19, 7, 1, '2020-04-30 06:40:30'),
(935, 1, 1, 19, 8, 1, '2020-04-30 06:40:30'),
(936, 1, 1, 19, 13, 1, '2020-04-30 06:40:30'),
(937, 1, 1, 19, 14, 1, '2020-04-30 06:40:30'),
(938, 1, 1, 19, 18, 1, '2020-04-30 06:40:30'),
(939, 1, 1, 19, 19, 1, '2020-04-30 06:40:30'),
(940, 1, 1, 20, 2, 1, '2020-04-30 06:40:30'),
(941, 1, 1, 20, 3, 1, '2020-04-30 06:40:30'),
(942, 1, 1, 20, 7, 1, '2020-04-30 06:40:30'),
(943, 1, 1, 20, 8, 1, '2020-04-30 06:40:30'),
(944, 1, 1, 20, 13, 1, '2020-04-30 06:40:30'),
(945, 1, 1, 20, 14, 1, '2020-04-30 06:40:30'),
(946, 1, 1, 20, 18, 1, '2020-04-30 06:40:30'),
(947, 1, 1, 20, 19, 1, '2020-04-30 06:40:30'),
(948, 1, 1, 23, 2, 1, '2020-04-30 06:40:30'),
(949, 1, 1, 23, 3, 1, '2020-04-30 06:40:30'),
(950, 1, 1, 23, 18, 1, '2020-04-30 06:40:30'),
(951, 1, 1, 23, 19, 1, '2020-04-30 06:40:30'),
(952, 1, 1, 24, 2, 1, '2020-04-30 06:40:31'),
(953, 1, 1, 24, 3, 1, '2020-04-30 06:40:31'),
(954, 1, 1, 24, 18, 1, '2020-04-30 06:40:31'),
(955, 1, 1, 24, 19, 1, '2020-04-30 06:40:31'),
(956, 1, 1, 2, 2, 2, '2020-04-30 06:40:33'),
(957, 1, 1, 2, 3, 2, '2020-04-30 06:40:33'),
(958, 1, 1, 2, 7, 2, '2020-04-30 06:40:33'),
(959, 1, 1, 2, 8, 2, '2020-04-30 06:40:33'),
(960, 1, 1, 2, 13, 2, '2020-04-30 06:40:33'),
(961, 1, 1, 2, 14, 2, '2020-04-30 06:40:33'),
(962, 1, 1, 2, 18, 2, '2020-04-30 06:40:33'),
(963, 1, 1, 2, 19, 2, '2020-04-30 06:40:33'),
(964, 1, 1, 3, 2, 2, '2020-04-30 06:40:33'),
(965, 1, 1, 3, 3, 2, '2020-04-30 06:40:33'),
(966, 1, 1, 3, 7, 2, '2020-04-30 06:40:33'),
(967, 1, 1, 3, 8, 2, '2020-04-30 06:40:33'),
(968, 1, 1, 3, 13, 2, '2020-04-30 06:40:33'),
(969, 1, 1, 3, 14, 2, '2020-04-30 06:40:33'),
(970, 1, 1, 3, 18, 2, '2020-04-30 06:40:33'),
(971, 1, 1, 3, 19, 2, '2020-04-30 06:40:33'),
(972, 1, 1, 6, 2, 2, '2020-04-30 06:40:33'),
(973, 1, 1, 6, 3, 2, '2020-04-30 06:40:33'),
(974, 1, 1, 6, 7, 2, '2020-04-30 06:40:33'),
(975, 1, 1, 6, 8, 2, '2020-04-30 06:40:33'),
(976, 1, 1, 6, 13, 2, '2020-04-30 06:40:33'),
(977, 1, 1, 6, 14, 2, '2020-04-30 06:40:33'),
(978, 1, 1, 6, 18, 2, '2020-04-30 06:40:33'),
(979, 1, 1, 6, 19, 2, '2020-04-30 06:40:33'),
(980, 1, 1, 7, 2, 2, '2020-04-30 06:40:33'),
(981, 1, 1, 7, 3, 2, '2020-04-30 06:40:33'),
(982, 1, 1, 7, 7, 2, '2020-04-30 06:40:33'),
(983, 1, 1, 7, 8, 2, '2020-04-30 06:40:33'),
(984, 1, 1, 7, 13, 2, '2020-04-30 06:40:33'),
(985, 1, 1, 7, 14, 2, '2020-04-30 06:40:33'),
(986, 1, 1, 7, 18, 2, '2020-04-30 06:40:33'),
(987, 1, 1, 7, 19, 2, '2020-04-30 06:40:33'),
(988, 1, 1, 10, 2, 2, '2020-04-30 06:40:33'),
(989, 1, 1, 10, 3, 2, '2020-04-30 06:40:33'),
(990, 1, 1, 10, 7, 2, '2020-04-30 06:40:33'),
(991, 1, 1, 10, 8, 2, '2020-04-30 06:40:33'),
(992, 1, 1, 10, 13, 2, '2020-04-30 06:40:33'),
(993, 1, 1, 10, 14, 2, '2020-04-30 06:40:33'),
(994, 1, 1, 10, 18, 2, '2020-04-30 06:40:33'),
(995, 1, 1, 10, 19, 2, '2020-04-30 06:40:33'),
(996, 1, 1, 11, 2, 2, '2020-04-30 06:40:33'),
(997, 1, 1, 11, 3, 2, '2020-04-30 06:40:33'),
(998, 1, 1, 11, 7, 2, '2020-04-30 06:40:33'),
(999, 1, 1, 11, 8, 2, '2020-04-30 06:40:33'),
(1000, 1, 1, 11, 13, 2, '2020-04-30 06:40:33'),
(1001, 1, 1, 11, 14, 2, '2020-04-30 06:40:33'),
(1002, 1, 1, 11, 18, 2, '2020-04-30 06:40:33'),
(1003, 1, 1, 11, 19, 2, '2020-04-30 06:40:33'),
(1004, 1, 1, 15, 2, 2, '2020-04-30 06:40:33'),
(1005, 1, 1, 15, 3, 2, '2020-04-30 06:40:33'),
(1006, 1, 1, 15, 7, 2, '2020-04-30 06:40:33'),
(1007, 1, 1, 15, 8, 2, '2020-04-30 06:40:33'),
(1008, 1, 1, 15, 13, 2, '2020-04-30 06:40:33'),
(1009, 1, 1, 15, 14, 2, '2020-04-30 06:40:33'),
(1010, 1, 1, 15, 18, 2, '2020-04-30 06:40:33'),
(1011, 1, 1, 15, 19, 2, '2020-04-30 06:40:33'),
(1012, 1, 1, 16, 2, 2, '2020-04-30 06:40:33'),
(1013, 1, 1, 16, 3, 2, '2020-04-30 06:40:33'),
(1014, 1, 1, 16, 7, 2, '2020-04-30 06:40:33'),
(1015, 1, 1, 16, 8, 2, '2020-04-30 06:40:33'),
(1016, 1, 1, 16, 13, 2, '2020-04-30 06:40:33'),
(1017, 1, 1, 16, 14, 2, '2020-04-30 06:40:33'),
(1018, 1, 1, 16, 18, 2, '2020-04-30 06:40:33'),
(1019, 1, 1, 16, 19, 2, '2020-04-30 06:40:33'),
(1020, 1, 1, 19, 2, 2, '2020-04-30 06:40:33'),
(1021, 1, 1, 19, 3, 2, '2020-04-30 06:40:33'),
(1022, 1, 1, 19, 7, 2, '2020-04-30 06:40:33'),
(1023, 1, 1, 19, 8, 2, '2020-04-30 06:40:33'),
(1024, 1, 1, 19, 13, 2, '2020-04-30 06:40:33'),
(1025, 1, 1, 19, 14, 2, '2020-04-30 06:40:33'),
(1026, 1, 1, 19, 18, 2, '2020-04-30 06:40:33'),
(1027, 1, 1, 19, 19, 2, '2020-04-30 06:40:33'),
(1028, 1, 1, 20, 2, 2, '2020-04-30 06:40:33'),
(1029, 1, 1, 20, 3, 2, '2020-04-30 06:40:33'),
(1030, 1, 1, 20, 7, 2, '2020-04-30 06:40:33'),
(1031, 1, 1, 20, 8, 2, '2020-04-30 06:40:33'),
(1032, 1, 1, 20, 13, 2, '2020-04-30 06:40:33'),
(1033, 1, 1, 20, 14, 2, '2020-04-30 06:40:33'),
(1034, 1, 1, 20, 18, 2, '2020-04-30 06:40:33'),
(1035, 1, 1, 20, 19, 2, '2020-04-30 06:40:33'),
(1036, 1, 1, 23, 2, 2, '2020-04-30 06:40:33'),
(1037, 1, 1, 23, 3, 2, '2020-04-30 06:40:33'),
(1038, 1, 1, 23, 18, 2, '2020-04-30 06:40:33'),
(1039, 1, 1, 23, 19, 2, '2020-04-30 06:40:33'),
(1040, 1, 1, 24, 2, 2, '2020-04-30 06:40:33'),
(1041, 1, 1, 24, 3, 2, '2020-04-30 06:40:33'),
(1042, 1, 1, 24, 18, 2, '2020-04-30 06:40:33'),
(1043, 1, 1, 24, 19, 2, '2020-04-30 06:40:33'),
(1044, 1, 1, 2, 2, 0, '2020-04-30 06:40:35'),
(1045, 1, 1, 2, 3, 0, '2020-04-30 06:40:35'),
(1046, 1, 1, 2, 7, 0, '2020-04-30 06:40:35'),
(1047, 1, 1, 2, 8, 0, '2020-04-30 06:40:35'),
(1048, 1, 1, 2, 13, 0, '2020-04-30 06:40:35'),
(1049, 1, 1, 2, 14, 0, '2020-04-30 06:40:35'),
(1050, 1, 1, 2, 18, 0, '2020-04-30 06:40:35'),
(1051, 1, 1, 2, 19, 0, '2020-04-30 06:40:35'),
(1052, 1, 1, 3, 2, 0, '2020-04-30 06:40:35'),
(1053, 1, 1, 3, 3, 0, '2020-04-30 06:40:35'),
(1054, 1, 1, 3, 7, 0, '2020-04-30 06:40:35'),
(1055, 1, 1, 3, 8, 0, '2020-04-30 06:40:35'),
(1056, 1, 1, 3, 13, 0, '2020-04-30 06:40:35'),
(1057, 1, 1, 3, 14, 0, '2020-04-30 06:40:35'),
(1058, 1, 1, 3, 18, 0, '2020-04-30 06:40:35'),
(1059, 1, 1, 3, 19, 0, '2020-04-30 06:40:35'),
(1060, 1, 1, 6, 2, 0, '2020-04-30 06:40:35'),
(1061, 1, 1, 6, 3, 0, '2020-04-30 06:40:35'),
(1062, 1, 1, 6, 7, 0, '2020-04-30 06:40:35'),
(1063, 1, 1, 6, 8, 0, '2020-04-30 06:40:35'),
(1064, 1, 1, 6, 13, 0, '2020-04-30 06:40:35'),
(1065, 1, 1, 6, 14, 0, '2020-04-30 06:40:35'),
(1066, 1, 1, 6, 18, 0, '2020-04-30 06:40:35'),
(1067, 1, 1, 6, 19, 0, '2020-04-30 06:40:35'),
(1068, 1, 1, 7, 2, 0, '2020-04-30 06:40:35'),
(1069, 1, 1, 7, 3, 0, '2020-04-30 06:40:35'),
(1070, 1, 1, 7, 7, 0, '2020-04-30 06:40:35'),
(1071, 1, 1, 7, 8, 0, '2020-04-30 06:40:35'),
(1072, 1, 1, 7, 13, 0, '2020-04-30 06:40:35'),
(1073, 1, 1, 7, 14, 0, '2020-04-30 06:40:35'),
(1074, 1, 1, 7, 18, 0, '2020-04-30 06:40:35'),
(1075, 1, 1, 7, 19, 0, '2020-04-30 06:40:35'),
(1076, 1, 1, 10, 2, 0, '2020-04-30 06:40:35'),
(1077, 1, 1, 10, 3, 0, '2020-04-30 06:40:35'),
(1078, 1, 1, 10, 7, 0, '2020-04-30 06:40:35'),
(1079, 1, 1, 10, 8, 0, '2020-04-30 06:40:35'),
(1080, 1, 1, 10, 13, 0, '2020-04-30 06:40:35'),
(1081, 1, 1, 10, 14, 0, '2020-04-30 06:40:35'),
(1082, 1, 1, 10, 18, 0, '2020-04-30 06:40:35'),
(1083, 1, 1, 10, 19, 0, '2020-04-30 06:40:35'),
(1084, 1, 1, 11, 2, 0, '2020-04-30 06:40:35'),
(1085, 1, 1, 11, 3, 0, '2020-04-30 06:40:35'),
(1086, 1, 1, 11, 7, 0, '2020-04-30 06:40:35'),
(1087, 1, 1, 11, 8, 0, '2020-04-30 06:40:35'),
(1088, 1, 1, 11, 13, 0, '2020-04-30 06:40:35'),
(1089, 1, 1, 11, 14, 0, '2020-04-30 06:40:35'),
(1090, 1, 1, 11, 18, 0, '2020-04-30 06:40:35'),
(1091, 1, 1, 11, 19, 0, '2020-04-30 06:40:35'),
(1092, 1, 1, 15, 2, 0, '2020-04-30 06:40:35'),
(1093, 1, 1, 15, 3, 0, '2020-04-30 06:40:35'),
(1094, 1, 1, 15, 7, 0, '2020-04-30 06:40:35'),
(1095, 1, 1, 15, 8, 0, '2020-04-30 06:40:35'),
(1096, 1, 1, 15, 13, 0, '2020-04-30 06:40:35'),
(1097, 1, 1, 15, 14, 0, '2020-04-30 06:40:35'),
(1098, 1, 1, 15, 18, 0, '2020-04-30 06:40:35'),
(1099, 1, 1, 15, 19, 0, '2020-04-30 06:40:35'),
(1100, 1, 1, 16, 2, 0, '2020-04-30 06:40:35'),
(1101, 1, 1, 16, 3, 0, '2020-04-30 06:40:35'),
(1102, 1, 1, 16, 7, 0, '2020-04-30 06:40:35'),
(1103, 1, 1, 16, 8, 0, '2020-04-30 06:40:35'),
(1104, 1, 1, 16, 13, 0, '2020-04-30 06:40:35'),
(1105, 1, 1, 16, 14, 0, '2020-04-30 06:40:35'),
(1106, 1, 1, 16, 18, 0, '2020-04-30 06:40:35'),
(1107, 1, 1, 16, 19, 0, '2020-04-30 06:40:35'),
(1108, 1, 1, 19, 2, 0, '2020-04-30 06:40:35'),
(1109, 1, 1, 19, 3, 0, '2020-04-30 06:40:35'),
(1110, 1, 1, 19, 7, 0, '2020-04-30 06:40:35'),
(1111, 1, 1, 19, 8, 0, '2020-04-30 06:40:35'),
(1112, 1, 1, 19, 13, 0, '2020-04-30 06:40:35'),
(1113, 1, 1, 19, 14, 0, '2020-04-30 06:40:35'),
(1114, 1, 1, 19, 18, 0, '2020-04-30 06:40:35'),
(1115, 1, 1, 19, 19, 0, '2020-04-30 06:40:35'),
(1116, 1, 1, 20, 2, 0, '2020-04-30 06:40:35'),
(1117, 1, 1, 20, 3, 0, '2020-04-30 06:40:35'),
(1118, 1, 1, 20, 7, 0, '2020-04-30 06:40:35'),
(1119, 1, 1, 20, 8, 0, '2020-04-30 06:40:35'),
(1120, 1, 1, 20, 13, 0, '2020-04-30 06:40:35'),
(1121, 1, 1, 20, 14, 0, '2020-04-30 06:40:35'),
(1122, 1, 1, 20, 18, 0, '2020-04-30 06:40:35'),
(1123, 1, 1, 20, 19, 0, '2020-04-30 06:40:35'),
(1124, 1, 1, 23, 2, 0, '2020-04-30 06:40:35'),
(1125, 1, 1, 23, 3, 0, '2020-04-30 06:40:35'),
(1126, 1, 1, 23, 18, 0, '2020-04-30 06:40:35'),
(1127, 1, 1, 23, 19, 0, '2020-04-30 06:40:35');
INSERT INTO `seat_log` (`seat_log_id`, `restaurant_id`, `floor_id`, `row_no`, `col_no`, `status_id`, `date_created`) VALUES
(1128, 1, 1, 24, 2, 0, '2020-04-30 06:40:35'),
(1129, 1, 1, 24, 3, 0, '2020-04-30 06:40:35'),
(1130, 1, 1, 24, 18, 0, '2020-04-30 06:40:35'),
(1131, 1, 1, 24, 19, 0, '2020-04-30 06:40:35'),
(1132, 1, 2, 3, 3, 1, '2020-04-30 06:40:39'),
(1133, 1, 2, 3, 18, 1, '2020-04-30 06:40:39'),
(1134, 1, 2, 4, 2, 1, '2020-04-30 06:40:39'),
(1135, 1, 2, 4, 4, 1, '2020-04-30 06:40:39'),
(1136, 1, 2, 4, 17, 1, '2020-04-30 06:40:39'),
(1137, 1, 2, 4, 19, 1, '2020-04-30 06:40:39'),
(1138, 1, 2, 5, 3, 1, '2020-04-30 06:40:39'),
(1139, 1, 2, 5, 18, 1, '2020-04-30 06:40:39'),
(1140, 1, 2, 8, 3, 1, '2020-04-30 06:40:39'),
(1141, 1, 2, 8, 18, 1, '2020-04-30 06:40:39'),
(1142, 1, 2, 9, 2, 1, '2020-04-30 06:40:39'),
(1143, 1, 2, 9, 4, 1, '2020-04-30 06:40:39'),
(1144, 1, 2, 9, 17, 1, '2020-04-30 06:40:39'),
(1145, 1, 2, 9, 19, 1, '2020-04-30 06:40:39'),
(1146, 1, 2, 10, 3, 1, '2020-04-30 06:40:39'),
(1147, 1, 2, 10, 18, 1, '2020-04-30 06:40:39'),
(1148, 1, 2, 16, 3, 1, '2020-04-30 06:40:39'),
(1149, 1, 2, 16, 18, 1, '2020-04-30 06:40:39'),
(1150, 1, 2, 17, 2, 1, '2020-04-30 06:40:39'),
(1151, 1, 2, 17, 4, 1, '2020-04-30 06:40:39'),
(1152, 1, 2, 17, 17, 1, '2020-04-30 06:40:39'),
(1153, 1, 2, 17, 19, 1, '2020-04-30 06:40:39'),
(1154, 1, 2, 18, 3, 1, '2020-04-30 06:40:39'),
(1155, 1, 2, 18, 18, 1, '2020-04-30 06:40:39'),
(1156, 1, 2, 21, 3, 1, '2020-04-30 06:40:39'),
(1157, 1, 2, 21, 18, 1, '2020-04-30 06:40:39'),
(1158, 1, 2, 22, 2, 1, '2020-04-30 06:40:39'),
(1159, 1, 2, 22, 4, 1, '2020-04-30 06:40:39'),
(1160, 1, 2, 22, 17, 1, '2020-04-30 06:40:39'),
(1161, 1, 2, 22, 19, 1, '2020-04-30 06:40:39'),
(1162, 1, 2, 23, 3, 1, '2020-04-30 06:40:39'),
(1163, 1, 2, 23, 18, 1, '2020-04-30 06:40:39'),
(1164, 1, 2, 4, 17, 2, '2020-04-30 06:40:41'),
(1165, 1, 2, 4, 17, 0, '2020-04-30 06:40:43'),
(1166, 1, 2, 4, 17, 1, '2020-04-30 06:40:44'),
(1167, 1, 2, 4, 17, 2, '2020-04-30 06:40:44'),
(1168, 1, 2, 4, 17, 0, '2020-04-30 06:40:45'),
(1169, 1, 2, 4, 17, 2, '2020-04-30 06:40:46'),
(1170, 1, 2, 17, 17, 0, '2020-04-30 06:40:50'),
(1171, 1, 2, 3, 3, 0, '2020-04-30 06:41:23'),
(1172, 1, 2, 3, 18, 0, '2020-04-30 06:41:23'),
(1173, 1, 2, 4, 2, 0, '2020-04-30 06:41:23'),
(1174, 1, 2, 4, 4, 0, '2020-04-30 06:41:23'),
(1175, 1, 2, 4, 17, 0, '2020-04-30 06:41:23'),
(1176, 1, 2, 4, 19, 0, '2020-04-30 06:41:23'),
(1177, 1, 2, 5, 3, 0, '2020-04-30 06:41:23'),
(1178, 1, 2, 5, 18, 0, '2020-04-30 06:41:23'),
(1179, 1, 2, 8, 3, 0, '2020-04-30 06:41:23'),
(1180, 1, 2, 8, 18, 0, '2020-04-30 06:41:23'),
(1181, 1, 2, 9, 2, 0, '2020-04-30 06:41:23'),
(1182, 1, 2, 9, 4, 0, '2020-04-30 06:41:23'),
(1183, 1, 2, 9, 17, 0, '2020-04-30 06:41:23'),
(1184, 1, 2, 9, 19, 0, '2020-04-30 06:41:23'),
(1185, 1, 2, 10, 3, 0, '2020-04-30 06:41:23'),
(1186, 1, 2, 10, 18, 0, '2020-04-30 06:41:23'),
(1187, 1, 2, 16, 3, 0, '2020-04-30 06:41:23'),
(1188, 1, 2, 16, 18, 0, '2020-04-30 06:41:24'),
(1189, 1, 2, 17, 2, 0, '2020-04-30 06:41:24'),
(1190, 1, 2, 17, 4, 0, '2020-04-30 06:41:24'),
(1191, 1, 2, 17, 17, 0, '2020-04-30 06:41:24'),
(1192, 1, 2, 17, 19, 0, '2020-04-30 06:41:24'),
(1193, 1, 2, 18, 3, 0, '2020-04-30 06:41:24'),
(1194, 1, 2, 18, 18, 0, '2020-04-30 06:41:24'),
(1195, 1, 2, 21, 3, 0, '2020-04-30 06:41:24'),
(1196, 1, 2, 21, 18, 0, '2020-04-30 06:41:24'),
(1197, 1, 2, 22, 2, 0, '2020-04-30 06:41:24'),
(1198, 1, 2, 22, 4, 0, '2020-04-30 06:41:24'),
(1199, 1, 2, 22, 17, 0, '2020-04-30 06:41:24'),
(1200, 1, 2, 22, 19, 0, '2020-04-30 06:41:24'),
(1201, 1, 2, 23, 3, 0, '2020-04-30 06:41:24'),
(1202, 1, 2, 23, 18, 0, '2020-04-30 06:41:24'),
(1203, 1, 2, 3, 3, 2, '2020-04-30 06:53:35'),
(1204, 1, 2, 3, 18, 2, '2020-04-30 06:53:35'),
(1205, 1, 2, 4, 2, 2, '2020-04-30 06:53:35'),
(1206, 1, 2, 4, 4, 2, '2020-04-30 06:53:35'),
(1207, 1, 2, 4, 17, 2, '2020-04-30 06:53:35'),
(1208, 1, 2, 4, 19, 2, '2020-04-30 06:53:35'),
(1209, 1, 2, 5, 3, 2, '2020-04-30 06:53:35'),
(1210, 1, 2, 5, 18, 2, '2020-04-30 06:53:35'),
(1211, 1, 2, 8, 3, 2, '2020-04-30 06:53:35'),
(1212, 1, 2, 8, 18, 2, '2020-04-30 06:53:35'),
(1213, 1, 2, 9, 2, 2, '2020-04-30 06:53:35'),
(1214, 1, 2, 9, 4, 2, '2020-04-30 06:53:35'),
(1215, 1, 2, 9, 17, 2, '2020-04-30 06:53:35'),
(1216, 1, 2, 9, 19, 2, '2020-04-30 06:53:35'),
(1217, 1, 2, 10, 3, 2, '2020-04-30 06:53:35'),
(1218, 1, 2, 10, 18, 2, '2020-04-30 06:53:35'),
(1219, 1, 2, 16, 3, 2, '2020-04-30 06:53:35'),
(1220, 1, 2, 16, 18, 2, '2020-04-30 06:53:35'),
(1221, 1, 2, 17, 2, 2, '2020-04-30 06:53:35'),
(1222, 1, 2, 17, 4, 2, '2020-04-30 06:53:35'),
(1223, 1, 2, 17, 17, 2, '2020-04-30 06:53:35'),
(1224, 1, 2, 17, 19, 2, '2020-04-30 06:53:35'),
(1225, 1, 2, 18, 3, 2, '2020-04-30 06:53:35'),
(1226, 1, 2, 18, 18, 2, '2020-04-30 06:53:35'),
(1227, 1, 2, 21, 3, 2, '2020-04-30 06:53:35'),
(1228, 1, 2, 21, 18, 2, '2020-04-30 06:53:35'),
(1229, 1, 2, 22, 2, 2, '2020-04-30 06:53:35'),
(1230, 1, 2, 22, 4, 2, '2020-04-30 06:53:35'),
(1231, 1, 2, 22, 17, 2, '2020-04-30 06:53:35'),
(1232, 1, 2, 22, 19, 2, '2020-04-30 06:53:35'),
(1233, 1, 2, 23, 3, 2, '2020-04-30 06:53:35'),
(1234, 1, 2, 23, 18, 2, '2020-04-30 06:53:35'),
(1235, 1, 2, 3, 3, 1, '2020-04-30 06:53:37'),
(1236, 1, 2, 3, 18, 1, '2020-04-30 06:53:37'),
(1237, 1, 2, 4, 2, 1, '2020-04-30 06:53:37'),
(1238, 1, 2, 4, 4, 1, '2020-04-30 06:53:37'),
(1239, 1, 2, 4, 17, 1, '2020-04-30 06:53:37'),
(1240, 1, 2, 4, 19, 1, '2020-04-30 06:53:37'),
(1241, 1, 2, 5, 3, 1, '2020-04-30 06:53:37'),
(1242, 1, 2, 5, 18, 1, '2020-04-30 06:53:37'),
(1243, 1, 2, 8, 3, 1, '2020-04-30 06:53:37'),
(1244, 1, 2, 8, 18, 1, '2020-04-30 06:53:37'),
(1245, 1, 2, 9, 2, 1, '2020-04-30 06:53:37'),
(1246, 1, 2, 9, 4, 1, '2020-04-30 06:53:37'),
(1247, 1, 2, 9, 17, 1, '2020-04-30 06:53:37'),
(1248, 1, 2, 9, 19, 1, '2020-04-30 06:53:37'),
(1249, 1, 2, 10, 3, 1, '2020-04-30 06:53:37'),
(1250, 1, 2, 10, 18, 1, '2020-04-30 06:53:37'),
(1251, 1, 2, 16, 3, 1, '2020-04-30 06:53:37'),
(1252, 1, 2, 16, 18, 1, '2020-04-30 06:53:37'),
(1253, 1, 2, 17, 2, 1, '2020-04-30 06:53:37'),
(1254, 1, 2, 17, 4, 1, '2020-04-30 06:53:37'),
(1255, 1, 2, 17, 17, 1, '2020-04-30 06:53:37'),
(1256, 1, 2, 17, 19, 1, '2020-04-30 06:53:37'),
(1257, 1, 2, 18, 3, 1, '2020-04-30 06:53:37'),
(1258, 1, 2, 18, 18, 1, '2020-04-30 06:53:37'),
(1259, 1, 2, 21, 3, 1, '2020-04-30 06:53:37'),
(1260, 1, 2, 21, 18, 1, '2020-04-30 06:53:37'),
(1261, 1, 2, 22, 2, 1, '2020-04-30 06:53:37'),
(1262, 1, 2, 22, 4, 1, '2020-04-30 06:53:37'),
(1263, 1, 2, 22, 17, 1, '2020-04-30 06:53:37'),
(1264, 1, 2, 22, 19, 1, '2020-04-30 06:53:37'),
(1265, 1, 2, 23, 3, 1, '2020-04-30 06:53:37'),
(1266, 1, 2, 23, 18, 1, '2020-04-30 06:53:37'),
(1267, 1, 2, 22, 17, 2, '2020-04-30 06:53:39'),
(1268, 1, 2, 17, 19, 2, '2020-04-30 06:53:42'),
(1269, 1, 2, 3, 3, 2, '2020-04-30 06:53:55'),
(1270, 1, 2, 3, 18, 2, '2020-04-30 06:53:55'),
(1271, 1, 2, 4, 2, 2, '2020-04-30 06:53:55'),
(1272, 1, 2, 4, 4, 2, '2020-04-30 06:53:55'),
(1273, 1, 2, 4, 17, 2, '2020-04-30 06:53:55'),
(1274, 1, 2, 4, 19, 2, '2020-04-30 06:53:55'),
(1275, 1, 2, 5, 3, 2, '2020-04-30 06:53:55'),
(1276, 1, 2, 5, 18, 2, '2020-04-30 06:53:55'),
(1277, 1, 2, 8, 3, 2, '2020-04-30 06:53:55'),
(1278, 1, 2, 8, 18, 2, '2020-04-30 06:53:55'),
(1279, 1, 2, 9, 2, 2, '2020-04-30 06:53:55'),
(1280, 1, 2, 9, 4, 2, '2020-04-30 06:53:55'),
(1281, 1, 2, 9, 17, 2, '2020-04-30 06:53:55'),
(1282, 1, 2, 9, 19, 2, '2020-04-30 06:53:55'),
(1283, 1, 2, 10, 3, 2, '2020-04-30 06:53:55'),
(1284, 1, 2, 10, 18, 2, '2020-04-30 06:53:55'),
(1285, 1, 2, 16, 3, 2, '2020-04-30 06:53:55'),
(1286, 1, 2, 16, 18, 2, '2020-04-30 06:53:55'),
(1287, 1, 2, 17, 2, 2, '2020-04-30 06:53:55'),
(1288, 1, 2, 17, 4, 2, '2020-04-30 06:53:55'),
(1289, 1, 2, 17, 17, 2, '2020-04-30 06:53:55'),
(1290, 1, 2, 17, 19, 2, '2020-04-30 06:53:55'),
(1291, 1, 2, 18, 3, 2, '2020-04-30 06:53:55'),
(1292, 1, 2, 18, 18, 2, '2020-04-30 06:53:55'),
(1293, 1, 2, 21, 3, 2, '2020-04-30 06:53:55'),
(1294, 1, 2, 21, 18, 2, '2020-04-30 06:53:55'),
(1295, 1, 2, 22, 2, 2, '2020-04-30 06:53:55'),
(1296, 1, 2, 22, 4, 2, '2020-04-30 06:53:55'),
(1297, 1, 2, 22, 17, 2, '2020-04-30 06:53:55'),
(1298, 1, 2, 22, 19, 2, '2020-04-30 06:53:55'),
(1299, 1, 2, 23, 3, 2, '2020-04-30 06:53:55'),
(1300, 1, 2, 23, 18, 2, '2020-04-30 06:53:55'),
(1301, 1, 2, 3, 3, 0, '2020-04-30 06:54:58'),
(1302, 1, 2, 3, 18, 0, '2020-04-30 06:54:58'),
(1303, 1, 2, 4, 2, 0, '2020-04-30 06:54:58'),
(1304, 1, 2, 4, 4, 0, '2020-04-30 06:54:58'),
(1305, 1, 2, 4, 17, 0, '2020-04-30 06:54:58'),
(1306, 1, 2, 4, 19, 0, '2020-04-30 06:54:58'),
(1307, 1, 2, 5, 3, 0, '2020-04-30 06:54:58'),
(1308, 1, 2, 5, 18, 0, '2020-04-30 06:54:58'),
(1309, 1, 2, 8, 3, 0, '2020-04-30 06:54:58'),
(1310, 1, 2, 8, 18, 0, '2020-04-30 06:54:58'),
(1311, 1, 2, 9, 2, 0, '2020-04-30 06:54:58'),
(1312, 1, 2, 9, 4, 0, '2020-04-30 06:54:58'),
(1313, 1, 2, 9, 17, 0, '2020-04-30 06:54:58'),
(1314, 1, 2, 9, 19, 0, '2020-04-30 06:54:58'),
(1315, 1, 2, 10, 3, 0, '2020-04-30 06:54:58'),
(1316, 1, 2, 10, 18, 0, '2020-04-30 06:54:58'),
(1317, 1, 2, 16, 3, 0, '2020-04-30 06:54:58'),
(1318, 1, 2, 16, 18, 0, '2020-04-30 06:54:58'),
(1319, 1, 2, 17, 2, 0, '2020-04-30 06:54:58'),
(1320, 1, 2, 17, 4, 0, '2020-04-30 06:54:58'),
(1321, 1, 2, 17, 17, 0, '2020-04-30 06:54:58'),
(1322, 1, 2, 17, 19, 0, '2020-04-30 06:54:58'),
(1323, 1, 2, 18, 3, 0, '2020-04-30 06:54:58'),
(1324, 1, 2, 18, 18, 0, '2020-04-30 06:54:58'),
(1325, 1, 2, 21, 3, 0, '2020-04-30 06:54:58'),
(1326, 1, 2, 21, 18, 0, '2020-04-30 06:54:58'),
(1327, 1, 2, 22, 2, 0, '2020-04-30 06:54:58'),
(1328, 1, 2, 22, 4, 0, '2020-04-30 06:54:58'),
(1329, 1, 2, 22, 17, 0, '2020-04-30 06:54:58'),
(1330, 1, 2, 22, 19, 0, '2020-04-30 06:54:58'),
(1331, 1, 2, 23, 3, 0, '2020-04-30 06:54:58'),
(1332, 1, 2, 23, 18, 0, '2020-04-30 06:54:58'),
(1333, 1, 2, 3, 3, 2, '2020-04-30 06:55:01'),
(1334, 1, 2, 3, 18, 2, '2020-04-30 06:55:01'),
(1335, 1, 2, 4, 2, 2, '2020-04-30 06:55:01'),
(1336, 1, 2, 4, 4, 2, '2020-04-30 06:55:01'),
(1337, 1, 2, 4, 17, 2, '2020-04-30 06:55:01'),
(1338, 1, 2, 4, 19, 2, '2020-04-30 06:55:01'),
(1339, 1, 2, 5, 3, 2, '2020-04-30 06:55:01'),
(1340, 1, 2, 5, 18, 2, '2020-04-30 06:55:01'),
(1341, 1, 2, 8, 3, 2, '2020-04-30 06:55:01'),
(1342, 1, 2, 8, 18, 2, '2020-04-30 06:55:01'),
(1343, 1, 2, 9, 2, 2, '2020-04-30 06:55:01'),
(1344, 1, 2, 9, 4, 2, '2020-04-30 06:55:01'),
(1345, 1, 2, 9, 17, 2, '2020-04-30 06:55:01'),
(1346, 1, 2, 9, 19, 2, '2020-04-30 06:55:01'),
(1347, 1, 2, 10, 3, 2, '2020-04-30 06:55:01'),
(1348, 1, 2, 10, 18, 2, '2020-04-30 06:55:01'),
(1349, 1, 2, 16, 3, 2, '2020-04-30 06:55:01'),
(1350, 1, 2, 16, 18, 2, '2020-04-30 06:55:01'),
(1351, 1, 2, 17, 2, 2, '2020-04-30 06:55:01'),
(1352, 1, 2, 17, 4, 2, '2020-04-30 06:55:01'),
(1353, 1, 2, 17, 17, 2, '2020-04-30 06:55:01'),
(1354, 1, 2, 17, 19, 2, '2020-04-30 06:55:01'),
(1355, 1, 2, 18, 3, 2, '2020-04-30 06:55:01'),
(1356, 1, 2, 18, 18, 2, '2020-04-30 06:55:01'),
(1357, 1, 2, 21, 3, 2, '2020-04-30 06:55:01'),
(1358, 1, 2, 21, 18, 2, '2020-04-30 06:55:01'),
(1359, 1, 2, 22, 2, 2, '2020-04-30 06:55:01'),
(1360, 1, 2, 22, 4, 2, '2020-04-30 06:55:01'),
(1361, 1, 2, 22, 17, 2, '2020-04-30 06:55:01'),
(1362, 1, 2, 22, 19, 2, '2020-04-30 06:55:01'),
(1363, 1, 2, 23, 3, 2, '2020-04-30 06:55:01'),
(1364, 1, 2, 23, 18, 2, '2020-04-30 06:55:01'),
(1365, 1, 2, 3, 3, 1, '2020-04-30 06:55:03'),
(1366, 1, 2, 3, 18, 1, '2020-04-30 06:55:03'),
(1367, 1, 2, 4, 2, 1, '2020-04-30 06:55:03'),
(1368, 1, 2, 4, 4, 1, '2020-04-30 06:55:03'),
(1369, 1, 2, 4, 17, 1, '2020-04-30 06:55:03'),
(1370, 1, 2, 4, 19, 1, '2020-04-30 06:55:03'),
(1371, 1, 2, 5, 3, 1, '2020-04-30 06:55:03'),
(1372, 1, 2, 5, 18, 1, '2020-04-30 06:55:03'),
(1373, 1, 2, 8, 3, 1, '2020-04-30 06:55:03'),
(1374, 1, 2, 8, 18, 1, '2020-04-30 06:55:03'),
(1375, 1, 2, 9, 2, 1, '2020-04-30 06:55:03'),
(1376, 1, 2, 9, 4, 1, '2020-04-30 06:55:03'),
(1377, 1, 2, 9, 17, 1, '2020-04-30 06:55:03'),
(1378, 1, 2, 9, 19, 1, '2020-04-30 06:55:03'),
(1379, 1, 2, 10, 3, 1, '2020-04-30 06:55:03'),
(1380, 1, 2, 10, 18, 1, '2020-04-30 06:55:03'),
(1381, 1, 2, 16, 3, 1, '2020-04-30 06:55:03'),
(1382, 1, 2, 16, 18, 1, '2020-04-30 06:55:03'),
(1383, 1, 2, 17, 2, 1, '2020-04-30 06:55:03'),
(1384, 1, 2, 17, 4, 1, '2020-04-30 06:55:03'),
(1385, 1, 2, 17, 17, 1, '2020-04-30 06:55:03'),
(1386, 1, 2, 17, 19, 1, '2020-04-30 06:55:03'),
(1387, 1, 2, 18, 3, 1, '2020-04-30 06:55:03'),
(1388, 1, 2, 18, 18, 1, '2020-04-30 06:55:03'),
(1389, 1, 2, 21, 3, 1, '2020-04-30 06:55:03'),
(1390, 1, 2, 21, 18, 1, '2020-04-30 06:55:03'),
(1391, 1, 2, 22, 2, 1, '2020-04-30 06:55:03'),
(1392, 1, 2, 22, 4, 1, '2020-04-30 06:55:03'),
(1393, 1, 2, 22, 17, 1, '2020-04-30 06:55:03'),
(1394, 1, 2, 22, 19, 1, '2020-04-30 06:55:03'),
(1395, 1, 2, 23, 3, 1, '2020-04-30 06:55:03'),
(1396, 1, 2, 23, 18, 1, '2020-04-30 06:55:03'),
(1397, 1, 2, 3, 3, 0, '2020-04-30 06:55:04'),
(1398, 1, 2, 3, 18, 0, '2020-04-30 06:55:04'),
(1399, 1, 2, 4, 2, 0, '2020-04-30 06:55:04'),
(1400, 1, 2, 4, 4, 0, '2020-04-30 06:55:04'),
(1401, 1, 2, 4, 17, 0, '2020-04-30 06:55:04'),
(1402, 1, 2, 4, 19, 0, '2020-04-30 06:55:04'),
(1403, 1, 2, 5, 3, 0, '2020-04-30 06:55:04'),
(1404, 1, 2, 5, 18, 0, '2020-04-30 06:55:04'),
(1405, 1, 2, 8, 3, 0, '2020-04-30 06:55:04'),
(1406, 1, 2, 8, 18, 0, '2020-04-30 06:55:04'),
(1407, 1, 2, 9, 2, 0, '2020-04-30 06:55:04'),
(1408, 1, 2, 9, 4, 0, '2020-04-30 06:55:04'),
(1409, 1, 2, 9, 17, 0, '2020-04-30 06:55:04'),
(1410, 1, 2, 9, 19, 0, '2020-04-30 06:55:04'),
(1411, 1, 2, 10, 3, 0, '2020-04-30 06:55:04'),
(1412, 1, 2, 10, 18, 0, '2020-04-30 06:55:04'),
(1413, 1, 2, 16, 3, 0, '2020-04-30 06:55:04'),
(1414, 1, 2, 16, 18, 0, '2020-04-30 06:55:04'),
(1415, 1, 2, 17, 2, 0, '2020-04-30 06:55:04'),
(1416, 1, 2, 17, 4, 0, '2020-04-30 06:55:04'),
(1417, 1, 2, 17, 17, 0, '2020-04-30 06:55:04'),
(1418, 1, 2, 17, 19, 0, '2020-04-30 06:55:04'),
(1419, 1, 2, 18, 3, 0, '2020-04-30 06:55:04'),
(1420, 1, 2, 18, 18, 0, '2020-04-30 06:55:04'),
(1421, 1, 2, 21, 3, 0, '2020-04-30 06:55:04'),
(1422, 1, 2, 21, 18, 0, '2020-04-30 06:55:04'),
(1423, 1, 2, 22, 2, 0, '2020-04-30 06:55:04'),
(1424, 1, 2, 22, 4, 0, '2020-04-30 06:55:04'),
(1425, 1, 2, 22, 17, 0, '2020-04-30 06:55:04'),
(1426, 1, 2, 22, 19, 0, '2020-04-30 06:55:04'),
(1427, 1, 2, 23, 3, 0, '2020-04-30 06:55:04'),
(1428, 1, 2, 23, 18, 0, '2020-04-30 06:55:04'),
(1429, 1, 2, 3, 3, 2, '2020-04-30 06:55:05'),
(1430, 1, 2, 3, 18, 2, '2020-04-30 06:55:05'),
(1431, 1, 2, 4, 2, 2, '2020-04-30 06:55:05'),
(1432, 1, 2, 4, 4, 2, '2020-04-30 06:55:05'),
(1433, 1, 2, 4, 17, 2, '2020-04-30 06:55:05'),
(1434, 1, 2, 4, 19, 2, '2020-04-30 06:55:05'),
(1435, 1, 2, 5, 3, 2, '2020-04-30 06:55:05'),
(1436, 1, 2, 5, 18, 2, '2020-04-30 06:55:05'),
(1437, 1, 2, 8, 3, 2, '2020-04-30 06:55:05'),
(1438, 1, 2, 8, 18, 2, '2020-04-30 06:55:05'),
(1439, 1, 2, 9, 2, 2, '2020-04-30 06:55:05'),
(1440, 1, 2, 9, 4, 2, '2020-04-30 06:55:05'),
(1441, 1, 2, 9, 17, 2, '2020-04-30 06:55:05'),
(1442, 1, 2, 9, 19, 2, '2020-04-30 06:55:05'),
(1443, 1, 2, 10, 3, 2, '2020-04-30 06:55:05'),
(1444, 1, 2, 10, 18, 2, '2020-04-30 06:55:05'),
(1445, 1, 2, 16, 3, 2, '2020-04-30 06:55:05'),
(1446, 1, 2, 16, 18, 2, '2020-04-30 06:55:05'),
(1447, 1, 2, 17, 2, 2, '2020-04-30 06:55:05'),
(1448, 1, 2, 17, 4, 2, '2020-04-30 06:55:05'),
(1449, 1, 2, 17, 17, 2, '2020-04-30 06:55:05'),
(1450, 1, 2, 17, 19, 2, '2020-04-30 06:55:05'),
(1451, 1, 2, 18, 3, 2, '2020-04-30 06:55:05'),
(1452, 1, 2, 18, 18, 2, '2020-04-30 06:55:05'),
(1453, 1, 2, 21, 3, 2, '2020-04-30 06:55:05'),
(1454, 1, 2, 21, 18, 2, '2020-04-30 06:55:05'),
(1455, 1, 2, 22, 2, 2, '2020-04-30 06:55:05'),
(1456, 1, 2, 22, 4, 2, '2020-04-30 06:55:05'),
(1457, 1, 2, 22, 17, 2, '2020-04-30 06:55:05'),
(1458, 1, 2, 22, 19, 2, '2020-04-30 06:55:05'),
(1459, 1, 2, 23, 3, 2, '2020-04-30 06:55:05'),
(1460, 1, 2, 23, 18, 2, '2020-04-30 06:55:05'),
(1461, 1, 1, 23, 18, 1, '2020-04-30 06:55:33'),
(1462, 1, 1, 23, 18, 2, '2020-04-30 06:55:33'),
(1463, 1, 1, 23, 18, 0, '2020-04-30 06:55:38'),
(1464, 1, 1, 2, 2, 2, '2020-04-30 06:57:19'),
(1465, 1, 1, 2, 3, 2, '2020-04-30 06:57:19'),
(1466, 1, 1, 2, 7, 2, '2020-04-30 06:57:19'),
(1467, 1, 1, 2, 8, 2, '2020-04-30 06:57:19'),
(1468, 1, 1, 2, 13, 2, '2020-04-30 06:57:19'),
(1469, 1, 1, 2, 14, 2, '2020-04-30 06:57:20'),
(1470, 1, 1, 2, 18, 2, '2020-04-30 06:57:20'),
(1471, 1, 1, 2, 19, 2, '2020-04-30 06:57:20'),
(1472, 1, 1, 3, 2, 2, '2020-04-30 06:57:20'),
(1473, 1, 1, 3, 3, 2, '2020-04-30 06:57:20'),
(1474, 1, 1, 3, 7, 2, '2020-04-30 06:57:20'),
(1475, 1, 1, 3, 8, 2, '2020-04-30 06:57:20'),
(1476, 1, 1, 3, 13, 2, '2020-04-30 06:57:20'),
(1477, 1, 1, 3, 14, 2, '2020-04-30 06:57:20'),
(1478, 1, 1, 3, 18, 2, '2020-04-30 06:57:20'),
(1479, 1, 1, 3, 19, 2, '2020-04-30 06:57:20'),
(1480, 1, 1, 6, 2, 2, '2020-04-30 06:57:20'),
(1481, 1, 1, 6, 3, 2, '2020-04-30 06:57:20'),
(1482, 1, 1, 6, 7, 2, '2020-04-30 06:57:20'),
(1483, 1, 1, 6, 8, 2, '2020-04-30 06:57:20'),
(1484, 1, 1, 6, 13, 2, '2020-04-30 06:57:20'),
(1485, 1, 1, 6, 14, 2, '2020-04-30 06:57:20'),
(1486, 1, 1, 6, 18, 2, '2020-04-30 06:57:20'),
(1487, 1, 1, 6, 19, 2, '2020-04-30 06:57:20'),
(1488, 1, 1, 7, 2, 2, '2020-04-30 06:57:20'),
(1489, 1, 1, 7, 3, 2, '2020-04-30 06:57:20'),
(1490, 1, 1, 7, 7, 2, '2020-04-30 06:57:20'),
(1491, 1, 1, 7, 8, 2, '2020-04-30 06:57:20'),
(1492, 1, 1, 7, 13, 2, '2020-04-30 06:57:20'),
(1493, 1, 1, 7, 14, 2, '2020-04-30 06:57:20'),
(1494, 1, 1, 7, 18, 2, '2020-04-30 06:57:20'),
(1495, 1, 1, 7, 19, 2, '2020-04-30 06:57:20'),
(1496, 1, 1, 10, 2, 2, '2020-04-30 06:57:20'),
(1497, 1, 1, 10, 3, 2, '2020-04-30 06:57:20'),
(1498, 1, 1, 10, 7, 2, '2020-04-30 06:57:20'),
(1499, 1, 1, 10, 8, 2, '2020-04-30 06:57:20'),
(1500, 1, 1, 10, 13, 2, '2020-04-30 06:57:20'),
(1501, 1, 1, 10, 14, 2, '2020-04-30 06:57:20'),
(1502, 1, 1, 10, 18, 2, '2020-04-30 06:57:20'),
(1503, 1, 1, 10, 19, 2, '2020-04-30 06:57:20'),
(1504, 1, 1, 11, 2, 2, '2020-04-30 06:57:20'),
(1505, 1, 1, 11, 3, 2, '2020-04-30 06:57:20'),
(1506, 1, 1, 11, 7, 2, '2020-04-30 06:57:20'),
(1507, 1, 1, 11, 8, 2, '2020-04-30 06:57:20'),
(1508, 1, 1, 11, 13, 2, '2020-04-30 06:57:20'),
(1509, 1, 1, 11, 14, 2, '2020-04-30 06:57:20'),
(1510, 1, 1, 11, 18, 2, '2020-04-30 06:57:20'),
(1511, 1, 1, 11, 19, 2, '2020-04-30 06:57:20'),
(1512, 1, 1, 15, 2, 2, '2020-04-30 06:57:20'),
(1513, 1, 1, 15, 3, 2, '2020-04-30 06:57:20'),
(1514, 1, 1, 15, 7, 2, '2020-04-30 06:57:20'),
(1515, 1, 1, 15, 8, 2, '2020-04-30 06:57:20'),
(1516, 1, 1, 15, 13, 2, '2020-04-30 06:57:20'),
(1517, 1, 1, 15, 14, 2, '2020-04-30 06:57:20'),
(1518, 1, 1, 15, 18, 2, '2020-04-30 06:57:20'),
(1519, 1, 1, 15, 19, 2, '2020-04-30 06:57:20'),
(1520, 1, 1, 16, 2, 2, '2020-04-30 06:57:20'),
(1521, 1, 1, 16, 3, 2, '2020-04-30 06:57:20'),
(1522, 1, 1, 16, 7, 2, '2020-04-30 06:57:20'),
(1523, 1, 1, 16, 8, 2, '2020-04-30 06:57:20'),
(1524, 1, 1, 16, 13, 2, '2020-04-30 06:57:20'),
(1525, 1, 1, 16, 14, 2, '2020-04-30 06:57:20'),
(1526, 1, 1, 16, 18, 2, '2020-04-30 06:57:20'),
(1527, 1, 1, 16, 19, 2, '2020-04-30 06:57:20'),
(1528, 1, 1, 19, 2, 2, '2020-04-30 06:57:20'),
(1529, 1, 1, 19, 3, 2, '2020-04-30 06:57:20'),
(1530, 1, 1, 19, 7, 2, '2020-04-30 06:57:20'),
(1531, 1, 1, 19, 8, 2, '2020-04-30 06:57:20'),
(1532, 1, 1, 19, 13, 2, '2020-04-30 06:57:20'),
(1533, 1, 1, 19, 14, 2, '2020-04-30 06:57:20'),
(1534, 1, 1, 19, 18, 2, '2020-04-30 06:57:20'),
(1535, 1, 1, 19, 19, 2, '2020-04-30 06:57:20'),
(1536, 1, 1, 20, 2, 2, '2020-04-30 06:57:20'),
(1537, 1, 1, 20, 3, 2, '2020-04-30 06:57:20'),
(1538, 1, 1, 20, 7, 2, '2020-04-30 06:57:20'),
(1539, 1, 1, 20, 8, 2, '2020-04-30 06:57:20'),
(1540, 1, 1, 20, 13, 2, '2020-04-30 06:57:20'),
(1541, 1, 1, 20, 14, 2, '2020-04-30 06:57:20'),
(1542, 1, 1, 20, 18, 2, '2020-04-30 06:57:20'),
(1543, 1, 1, 20, 19, 2, '2020-04-30 06:57:20'),
(1544, 1, 1, 23, 2, 2, '2020-04-30 06:57:20'),
(1545, 1, 1, 23, 3, 2, '2020-04-30 06:57:20'),
(1546, 1, 1, 23, 18, 2, '2020-04-30 06:57:20'),
(1547, 1, 1, 23, 19, 2, '2020-04-30 06:57:20'),
(1548, 1, 1, 24, 2, 2, '2020-04-30 06:57:20'),
(1549, 1, 1, 24, 3, 2, '2020-04-30 06:57:20'),
(1550, 1, 1, 24, 18, 2, '2020-04-30 06:57:20'),
(1551, 1, 1, 24, 19, 2, '2020-04-30 06:57:20'),
(1552, 1, 1, 2, 2, 0, '2020-04-30 06:57:45'),
(1553, 1, 1, 2, 3, 0, '2020-04-30 06:57:45'),
(1554, 1, 1, 2, 7, 0, '2020-04-30 06:57:45'),
(1555, 1, 1, 2, 8, 0, '2020-04-30 06:57:45'),
(1556, 1, 1, 2, 13, 0, '2020-04-30 06:57:45'),
(1557, 1, 1, 2, 14, 0, '2020-04-30 06:57:45'),
(1558, 1, 1, 2, 18, 0, '2020-04-30 06:57:45'),
(1559, 1, 1, 2, 19, 0, '2020-04-30 06:57:45'),
(1560, 1, 1, 3, 2, 0, '2020-04-30 06:57:45'),
(1561, 1, 1, 3, 3, 0, '2020-04-30 06:57:45'),
(1562, 1, 1, 3, 7, 0, '2020-04-30 06:57:45'),
(1563, 1, 1, 3, 8, 0, '2020-04-30 06:57:45'),
(1564, 1, 1, 3, 13, 0, '2020-04-30 06:57:45'),
(1565, 1, 1, 3, 14, 0, '2020-04-30 06:57:45'),
(1566, 1, 1, 3, 18, 0, '2020-04-30 06:57:45'),
(1567, 1, 1, 3, 19, 0, '2020-04-30 06:57:45'),
(1568, 1, 1, 6, 2, 0, '2020-04-30 06:57:45'),
(1569, 1, 1, 6, 3, 0, '2020-04-30 06:57:45'),
(1570, 1, 1, 6, 7, 0, '2020-04-30 06:57:45'),
(1571, 1, 1, 6, 8, 0, '2020-04-30 06:57:45'),
(1572, 1, 1, 6, 13, 0, '2020-04-30 06:57:45'),
(1573, 1, 1, 6, 14, 0, '2020-04-30 06:57:45'),
(1574, 1, 1, 6, 18, 0, '2020-04-30 06:57:45'),
(1575, 1, 1, 6, 19, 0, '2020-04-30 06:57:45'),
(1576, 1, 1, 7, 2, 0, '2020-04-30 06:57:45'),
(1577, 1, 1, 7, 3, 0, '2020-04-30 06:57:45'),
(1578, 1, 1, 7, 7, 0, '2020-04-30 06:57:45'),
(1579, 1, 1, 7, 8, 0, '2020-04-30 06:57:45'),
(1580, 1, 1, 7, 13, 0, '2020-04-30 06:57:45'),
(1581, 1, 1, 7, 14, 0, '2020-04-30 06:57:45'),
(1582, 1, 1, 7, 18, 0, '2020-04-30 06:57:45'),
(1583, 1, 1, 7, 19, 0, '2020-04-30 06:57:45'),
(1584, 1, 1, 10, 2, 0, '2020-04-30 06:57:45'),
(1585, 1, 1, 10, 3, 0, '2020-04-30 06:57:45'),
(1586, 1, 1, 10, 7, 0, '2020-04-30 06:57:45'),
(1587, 1, 1, 10, 8, 0, '2020-04-30 06:57:45'),
(1588, 1, 1, 10, 13, 0, '2020-04-30 06:57:45'),
(1589, 1, 1, 10, 14, 0, '2020-04-30 06:57:45'),
(1590, 1, 1, 10, 18, 0, '2020-04-30 06:57:45'),
(1591, 1, 1, 10, 19, 0, '2020-04-30 06:57:45'),
(1592, 1, 1, 11, 2, 0, '2020-04-30 06:57:45'),
(1593, 1, 1, 11, 3, 0, '2020-04-30 06:57:45'),
(1594, 1, 1, 11, 7, 0, '2020-04-30 06:57:45'),
(1595, 1, 1, 11, 8, 0, '2020-04-30 06:57:45'),
(1596, 1, 1, 11, 13, 0, '2020-04-30 06:57:45'),
(1597, 1, 1, 11, 14, 0, '2020-04-30 06:57:45'),
(1598, 1, 1, 11, 18, 0, '2020-04-30 06:57:45'),
(1599, 1, 1, 11, 19, 0, '2020-04-30 06:57:45'),
(1600, 1, 1, 15, 2, 0, '2020-04-30 06:57:45'),
(1601, 1, 1, 15, 3, 0, '2020-04-30 06:57:45'),
(1602, 1, 1, 15, 7, 0, '2020-04-30 06:57:45'),
(1603, 1, 1, 15, 8, 0, '2020-04-30 06:57:45'),
(1604, 1, 1, 15, 13, 0, '2020-04-30 06:57:45'),
(1605, 1, 1, 15, 14, 0, '2020-04-30 06:57:45'),
(1606, 1, 1, 15, 18, 0, '2020-04-30 06:57:45'),
(1607, 1, 1, 15, 19, 0, '2020-04-30 06:57:45'),
(1608, 1, 1, 16, 2, 0, '2020-04-30 06:57:45'),
(1609, 1, 1, 16, 3, 0, '2020-04-30 06:57:45'),
(1610, 1, 1, 16, 7, 0, '2020-04-30 06:57:45'),
(1611, 1, 1, 16, 8, 0, '2020-04-30 06:57:45'),
(1612, 1, 1, 16, 13, 0, '2020-04-30 06:57:45'),
(1613, 1, 1, 16, 14, 0, '2020-04-30 06:57:45'),
(1614, 1, 1, 16, 18, 0, '2020-04-30 06:57:45'),
(1615, 1, 1, 16, 19, 0, '2020-04-30 06:57:45'),
(1616, 1, 1, 19, 2, 0, '2020-04-30 06:57:45'),
(1617, 1, 1, 19, 3, 0, '2020-04-30 06:57:45'),
(1618, 1, 1, 19, 7, 0, '2020-04-30 06:57:45'),
(1619, 1, 1, 19, 8, 0, '2020-04-30 06:57:45'),
(1620, 1, 1, 19, 13, 0, '2020-04-30 06:57:45'),
(1621, 1, 1, 19, 14, 0, '2020-04-30 06:57:45'),
(1622, 1, 1, 19, 18, 0, '2020-04-30 06:57:45'),
(1623, 1, 1, 19, 19, 0, '2020-04-30 06:57:45'),
(1624, 1, 1, 20, 2, 0, '2020-04-30 06:57:45'),
(1625, 1, 1, 20, 3, 0, '2020-04-30 06:57:45'),
(1626, 1, 1, 20, 7, 0, '2020-04-30 06:57:45'),
(1627, 1, 1, 20, 8, 0, '2020-04-30 06:57:45'),
(1628, 1, 1, 20, 13, 0, '2020-04-30 06:57:45'),
(1629, 1, 1, 20, 14, 0, '2020-04-30 06:57:45'),
(1630, 1, 1, 20, 18, 0, '2020-04-30 06:57:45'),
(1631, 1, 1, 20, 19, 0, '2020-04-30 06:57:45'),
(1632, 1, 1, 23, 2, 0, '2020-04-30 06:57:45'),
(1633, 1, 1, 23, 3, 0, '2020-04-30 06:57:45'),
(1634, 1, 1, 23, 18, 0, '2020-04-30 06:57:45'),
(1635, 1, 1, 23, 19, 0, '2020-04-30 06:57:45'),
(1636, 1, 1, 24, 2, 0, '2020-04-30 06:57:45'),
(1637, 1, 1, 24, 3, 0, '2020-04-30 06:57:45'),
(1638, 1, 1, 24, 18, 0, '2020-04-30 06:57:45'),
(1639, 1, 1, 24, 19, 0, '2020-04-30 06:57:45'),
(1640, 1, 1, 2, 2, 1, '2020-04-30 06:57:47'),
(1641, 1, 1, 2, 3, 1, '2020-04-30 06:57:47'),
(1642, 1, 1, 2, 7, 1, '2020-04-30 06:57:47'),
(1643, 1, 1, 2, 8, 1, '2020-04-30 06:57:47'),
(1644, 1, 1, 2, 13, 1, '2020-04-30 06:57:47'),
(1645, 1, 1, 2, 14, 1, '2020-04-30 06:57:47'),
(1646, 1, 1, 2, 18, 1, '2020-04-30 06:57:47'),
(1647, 1, 1, 2, 19, 1, '2020-04-30 06:57:47'),
(1648, 1, 1, 3, 2, 1, '2020-04-30 06:57:47'),
(1649, 1, 1, 3, 3, 1, '2020-04-30 06:57:47'),
(1650, 1, 1, 3, 7, 1, '2020-04-30 06:57:47'),
(1651, 1, 1, 3, 8, 1, '2020-04-30 06:57:47'),
(1652, 1, 1, 3, 13, 1, '2020-04-30 06:57:47'),
(1653, 1, 1, 3, 14, 1, '2020-04-30 06:57:47'),
(1654, 1, 1, 3, 18, 1, '2020-04-30 06:57:47'),
(1655, 1, 1, 3, 19, 1, '2020-04-30 06:57:47'),
(1656, 1, 1, 6, 2, 1, '2020-04-30 06:57:47'),
(1657, 1, 1, 6, 3, 1, '2020-04-30 06:57:47'),
(1658, 1, 1, 6, 7, 1, '2020-04-30 06:57:47'),
(1659, 1, 1, 6, 8, 1, '2020-04-30 06:57:47'),
(1660, 1, 1, 6, 13, 1, '2020-04-30 06:57:47'),
(1661, 1, 1, 6, 14, 1, '2020-04-30 06:57:47'),
(1662, 1, 1, 6, 18, 1, '2020-04-30 06:57:47'),
(1663, 1, 1, 6, 19, 1, '2020-04-30 06:57:47'),
(1664, 1, 1, 7, 2, 1, '2020-04-30 06:57:47'),
(1665, 1, 1, 7, 3, 1, '2020-04-30 06:57:47'),
(1666, 1, 1, 7, 7, 1, '2020-04-30 06:57:47'),
(1667, 1, 1, 7, 8, 1, '2020-04-30 06:57:47'),
(1668, 1, 1, 7, 13, 1, '2020-04-30 06:57:47'),
(1669, 1, 1, 7, 14, 1, '2020-04-30 06:57:47'),
(1670, 1, 1, 7, 18, 1, '2020-04-30 06:57:47'),
(1671, 1, 1, 7, 19, 1, '2020-04-30 06:57:47'),
(1672, 1, 1, 10, 2, 1, '2020-04-30 06:57:47'),
(1673, 1, 1, 10, 3, 1, '2020-04-30 06:57:47'),
(1674, 1, 1, 10, 7, 1, '2020-04-30 06:57:47'),
(1675, 1, 1, 10, 8, 1, '2020-04-30 06:57:47'),
(1676, 1, 1, 10, 13, 1, '2020-04-30 06:57:47'),
(1677, 1, 1, 10, 14, 1, '2020-04-30 06:57:47'),
(1678, 1, 1, 10, 18, 1, '2020-04-30 06:57:47'),
(1679, 1, 1, 10, 19, 1, '2020-04-30 06:57:47'),
(1680, 1, 1, 11, 2, 1, '2020-04-30 06:57:47'),
(1681, 1, 1, 11, 3, 1, '2020-04-30 06:57:47'),
(1682, 1, 1, 11, 7, 1, '2020-04-30 06:57:47'),
(1683, 1, 1, 11, 8, 1, '2020-04-30 06:57:47'),
(1684, 1, 1, 11, 13, 1, '2020-04-30 06:57:47'),
(1685, 1, 1, 11, 14, 1, '2020-04-30 06:57:47'),
(1686, 1, 1, 11, 18, 1, '2020-04-30 06:57:47'),
(1687, 1, 1, 11, 19, 1, '2020-04-30 06:57:47'),
(1688, 1, 1, 15, 2, 1, '2020-04-30 06:57:47'),
(1689, 1, 1, 15, 3, 1, '2020-04-30 06:57:47'),
(1690, 1, 1, 15, 7, 1, '2020-04-30 06:57:47'),
(1691, 1, 1, 15, 8, 1, '2020-04-30 06:57:47'),
(1692, 1, 1, 15, 13, 1, '2020-04-30 06:57:47'),
(1693, 1, 1, 15, 14, 1, '2020-04-30 06:57:47'),
(1694, 1, 1, 15, 18, 1, '2020-04-30 06:57:47'),
(1695, 1, 1, 15, 19, 1, '2020-04-30 06:57:47'),
(1696, 1, 1, 16, 2, 1, '2020-04-30 06:57:47'),
(1697, 1, 1, 16, 3, 1, '2020-04-30 06:57:47'),
(1698, 1, 1, 16, 7, 1, '2020-04-30 06:57:47'),
(1699, 1, 1, 16, 8, 1, '2020-04-30 06:57:47'),
(1700, 1, 1, 16, 13, 1, '2020-04-30 06:57:47'),
(1701, 1, 1, 16, 14, 1, '2020-04-30 06:57:47'),
(1702, 1, 1, 16, 18, 1, '2020-04-30 06:57:47'),
(1703, 1, 1, 16, 19, 1, '2020-04-30 06:57:47'),
(1704, 1, 1, 19, 2, 1, '2020-04-30 06:57:47'),
(1705, 1, 1, 19, 3, 1, '2020-04-30 06:57:47'),
(1706, 1, 1, 19, 7, 1, '2020-04-30 06:57:47'),
(1707, 1, 1, 19, 8, 1, '2020-04-30 06:57:47'),
(1708, 1, 1, 19, 13, 1, '2020-04-30 06:57:47'),
(1709, 1, 1, 19, 14, 1, '2020-04-30 06:57:47'),
(1710, 1, 1, 19, 18, 1, '2020-04-30 06:57:47'),
(1711, 1, 1, 19, 19, 1, '2020-04-30 06:57:47'),
(1712, 1, 1, 20, 2, 1, '2020-04-30 06:57:47'),
(1713, 1, 1, 20, 3, 1, '2020-04-30 06:57:47'),
(1714, 1, 1, 20, 7, 1, '2020-04-30 06:57:47'),
(1715, 1, 1, 20, 8, 1, '2020-04-30 06:57:47'),
(1716, 1, 1, 20, 13, 1, '2020-04-30 06:57:47'),
(1717, 1, 1, 20, 14, 1, '2020-04-30 06:57:47'),
(1718, 1, 1, 20, 18, 1, '2020-04-30 06:57:47'),
(1719, 1, 1, 20, 19, 1, '2020-04-30 06:57:47'),
(1720, 1, 1, 23, 2, 1, '2020-04-30 06:57:47'),
(1721, 1, 1, 23, 3, 1, '2020-04-30 06:57:47'),
(1722, 1, 1, 23, 18, 1, '2020-04-30 06:57:47'),
(1723, 1, 1, 23, 19, 1, '2020-04-30 06:57:47'),
(1724, 1, 1, 24, 2, 1, '2020-04-30 06:57:47'),
(1725, 1, 1, 24, 3, 1, '2020-04-30 06:57:47'),
(1726, 1, 1, 24, 18, 1, '2020-04-30 06:57:47'),
(1727, 1, 1, 24, 19, 1, '2020-04-30 06:57:47'),
(1728, 1, 1, 2, 2, 2, '2020-04-30 06:57:49'),
(1729, 1, 1, 2, 3, 2, '2020-04-30 06:57:49'),
(1730, 1, 1, 2, 7, 2, '2020-04-30 06:57:49'),
(1731, 1, 1, 2, 8, 2, '2020-04-30 06:57:49'),
(1732, 1, 1, 2, 13, 2, '2020-04-30 06:57:49'),
(1733, 1, 1, 2, 14, 2, '2020-04-30 06:57:49'),
(1734, 1, 1, 2, 18, 2, '2020-04-30 06:57:49'),
(1735, 1, 1, 2, 19, 2, '2020-04-30 06:57:49'),
(1736, 1, 1, 3, 2, 2, '2020-04-30 06:57:49'),
(1737, 1, 1, 3, 3, 2, '2020-04-30 06:57:49'),
(1738, 1, 1, 3, 7, 2, '2020-04-30 06:57:49'),
(1739, 1, 1, 3, 8, 2, '2020-04-30 06:57:49'),
(1740, 1, 1, 3, 13, 2, '2020-04-30 06:57:49'),
(1741, 1, 1, 3, 14, 2, '2020-04-30 06:57:49'),
(1742, 1, 1, 3, 18, 2, '2020-04-30 06:57:49'),
(1743, 1, 1, 3, 19, 2, '2020-04-30 06:57:49'),
(1744, 1, 1, 6, 2, 2, '2020-04-30 06:57:49'),
(1745, 1, 1, 6, 3, 2, '2020-04-30 06:57:49'),
(1746, 1, 1, 6, 7, 2, '2020-04-30 06:57:49'),
(1747, 1, 1, 6, 8, 2, '2020-04-30 06:57:49'),
(1748, 1, 1, 6, 13, 2, '2020-04-30 06:57:49'),
(1749, 1, 1, 6, 14, 2, '2020-04-30 06:57:49'),
(1750, 1, 1, 6, 18, 2, '2020-04-30 06:57:49'),
(1751, 1, 1, 6, 19, 2, '2020-04-30 06:57:49'),
(1752, 1, 1, 7, 2, 2, '2020-04-30 06:57:49'),
(1753, 1, 1, 7, 3, 2, '2020-04-30 06:57:49'),
(1754, 1, 1, 7, 7, 2, '2020-04-30 06:57:49'),
(1755, 1, 1, 7, 8, 2, '2020-04-30 06:57:49'),
(1756, 1, 1, 7, 13, 2, '2020-04-30 06:57:49'),
(1757, 1, 1, 7, 14, 2, '2020-04-30 06:57:49'),
(1758, 1, 1, 7, 18, 2, '2020-04-30 06:57:49'),
(1759, 1, 1, 7, 19, 2, '2020-04-30 06:57:49'),
(1760, 1, 1, 10, 2, 2, '2020-04-30 06:57:49'),
(1761, 1, 1, 10, 3, 2, '2020-04-30 06:57:49'),
(1762, 1, 1, 10, 7, 2, '2020-04-30 06:57:49'),
(1763, 1, 1, 10, 8, 2, '2020-04-30 06:57:49'),
(1764, 1, 1, 10, 13, 2, '2020-04-30 06:57:49'),
(1765, 1, 1, 10, 14, 2, '2020-04-30 06:57:49'),
(1766, 1, 1, 10, 18, 2, '2020-04-30 06:57:49'),
(1767, 1, 1, 10, 19, 2, '2020-04-30 06:57:49'),
(1768, 1, 1, 11, 2, 2, '2020-04-30 06:57:49'),
(1769, 1, 1, 11, 3, 2, '2020-04-30 06:57:49'),
(1770, 1, 1, 11, 7, 2, '2020-04-30 06:57:49'),
(1771, 1, 1, 11, 8, 2, '2020-04-30 06:57:49'),
(1772, 1, 1, 11, 13, 2, '2020-04-30 06:57:49'),
(1773, 1, 1, 11, 14, 2, '2020-04-30 06:57:49'),
(1774, 1, 1, 11, 18, 2, '2020-04-30 06:57:49'),
(1775, 1, 1, 11, 19, 2, '2020-04-30 06:57:49'),
(1776, 1, 1, 15, 2, 2, '2020-04-30 06:57:49'),
(1777, 1, 1, 15, 3, 2, '2020-04-30 06:57:49'),
(1778, 1, 1, 15, 7, 2, '2020-04-30 06:57:49'),
(1779, 1, 1, 15, 8, 2, '2020-04-30 06:57:49'),
(1780, 1, 1, 15, 13, 2, '2020-04-30 06:57:49'),
(1781, 1, 1, 15, 14, 2, '2020-04-30 06:57:49'),
(1782, 1, 1, 15, 18, 2, '2020-04-30 06:57:49'),
(1783, 1, 1, 15, 19, 2, '2020-04-30 06:57:49'),
(1784, 1, 1, 16, 2, 2, '2020-04-30 06:57:49'),
(1785, 1, 1, 16, 3, 2, '2020-04-30 06:57:49'),
(1786, 1, 1, 16, 7, 2, '2020-04-30 06:57:49'),
(1787, 1, 1, 16, 8, 2, '2020-04-30 06:57:49'),
(1788, 1, 1, 16, 13, 2, '2020-04-30 06:57:49'),
(1789, 1, 1, 16, 14, 2, '2020-04-30 06:57:49'),
(1790, 1, 1, 16, 18, 2, '2020-04-30 06:57:49'),
(1791, 1, 1, 16, 19, 2, '2020-04-30 06:57:49'),
(1792, 1, 1, 19, 2, 2, '2020-04-30 06:57:49'),
(1793, 1, 1, 19, 3, 2, '2020-04-30 06:57:49'),
(1794, 1, 1, 19, 7, 2, '2020-04-30 06:57:49'),
(1795, 1, 1, 19, 8, 2, '2020-04-30 06:57:49'),
(1796, 1, 1, 19, 13, 2, '2020-04-30 06:57:49'),
(1797, 1, 1, 19, 14, 2, '2020-04-30 06:57:49'),
(1798, 1, 1, 19, 18, 2, '2020-04-30 06:57:49'),
(1799, 1, 1, 19, 19, 2, '2020-04-30 06:57:49'),
(1800, 1, 1, 20, 2, 2, '2020-04-30 06:57:49'),
(1801, 1, 1, 20, 3, 2, '2020-04-30 06:57:49'),
(1802, 1, 1, 20, 7, 2, '2020-04-30 06:57:49'),
(1803, 1, 1, 20, 8, 2, '2020-04-30 06:57:49'),
(1804, 1, 1, 20, 13, 2, '2020-04-30 06:57:49'),
(1805, 1, 1, 20, 14, 2, '2020-04-30 06:57:49'),
(1806, 1, 1, 20, 18, 2, '2020-04-30 06:57:49'),
(1807, 1, 1, 20, 19, 2, '2020-04-30 06:57:49'),
(1808, 1, 1, 23, 2, 2, '2020-04-30 06:57:49'),
(1809, 1, 1, 23, 3, 2, '2020-04-30 06:57:49'),
(1810, 1, 1, 23, 18, 2, '2020-04-30 06:57:49'),
(1811, 1, 1, 23, 19, 2, '2020-04-30 06:57:49'),
(1812, 1, 1, 24, 2, 2, '2020-04-30 06:57:49'),
(1813, 1, 1, 24, 3, 2, '2020-04-30 06:57:49'),
(1814, 1, 1, 24, 18, 2, '2020-04-30 06:57:49'),
(1815, 1, 1, 24, 19, 2, '2020-04-30 06:57:49'),
(1816, 1, 1, 2, 2, 0, '2020-04-30 06:57:51'),
(1817, 1, 1, 2, 3, 0, '2020-04-30 06:57:51'),
(1818, 1, 1, 2, 7, 0, '2020-04-30 06:57:51'),
(1819, 1, 1, 2, 8, 0, '2020-04-30 06:57:51'),
(1820, 1, 1, 2, 13, 0, '2020-04-30 06:57:51'),
(1821, 1, 1, 2, 14, 0, '2020-04-30 06:57:51'),
(1822, 1, 1, 2, 18, 0, '2020-04-30 06:57:51'),
(1823, 1, 1, 2, 19, 0, '2020-04-30 06:57:51'),
(1824, 1, 1, 3, 2, 0, '2020-04-30 06:57:51'),
(1825, 1, 1, 3, 3, 0, '2020-04-30 06:57:51'),
(1826, 1, 1, 3, 7, 0, '2020-04-30 06:57:51'),
(1827, 1, 1, 3, 8, 0, '2020-04-30 06:57:51'),
(1828, 1, 1, 3, 13, 0, '2020-04-30 06:57:51'),
(1829, 1, 1, 3, 14, 0, '2020-04-30 06:57:51'),
(1830, 1, 1, 3, 18, 0, '2020-04-30 06:57:51'),
(1831, 1, 1, 3, 19, 0, '2020-04-30 06:57:51'),
(1832, 1, 1, 6, 2, 0, '2020-04-30 06:57:51'),
(1833, 1, 1, 6, 3, 0, '2020-04-30 06:57:51'),
(1834, 1, 1, 6, 7, 0, '2020-04-30 06:57:51'),
(1835, 1, 1, 6, 8, 0, '2020-04-30 06:57:51'),
(1836, 1, 1, 6, 13, 0, '2020-04-30 06:57:51'),
(1837, 1, 1, 6, 14, 0, '2020-04-30 06:57:51'),
(1838, 1, 1, 6, 18, 0, '2020-04-30 06:57:51'),
(1839, 1, 1, 6, 19, 0, '2020-04-30 06:57:51'),
(1840, 1, 1, 7, 2, 0, '2020-04-30 06:57:51'),
(1841, 1, 1, 7, 3, 0, '2020-04-30 06:57:51'),
(1842, 1, 1, 7, 7, 0, '2020-04-30 06:57:51'),
(1843, 1, 1, 7, 8, 0, '2020-04-30 06:57:51'),
(1844, 1, 1, 7, 13, 0, '2020-04-30 06:57:51'),
(1845, 1, 1, 7, 14, 0, '2020-04-30 06:57:51'),
(1846, 1, 1, 7, 18, 0, '2020-04-30 06:57:51'),
(1847, 1, 1, 7, 19, 0, '2020-04-30 06:57:51'),
(1848, 1, 1, 10, 2, 0, '2020-04-30 06:57:51'),
(1849, 1, 1, 10, 3, 0, '2020-04-30 06:57:51'),
(1850, 1, 1, 10, 7, 0, '2020-04-30 06:57:51'),
(1851, 1, 1, 10, 8, 0, '2020-04-30 06:57:51'),
(1852, 1, 1, 10, 13, 0, '2020-04-30 06:57:51'),
(1853, 1, 1, 10, 14, 0, '2020-04-30 06:57:51'),
(1854, 1, 1, 10, 18, 0, '2020-04-30 06:57:51'),
(1855, 1, 1, 10, 19, 0, '2020-04-30 06:57:51'),
(1856, 1, 1, 11, 2, 0, '2020-04-30 06:57:51'),
(1857, 1, 1, 11, 3, 0, '2020-04-30 06:57:51'),
(1858, 1, 1, 11, 7, 0, '2020-04-30 06:57:51'),
(1859, 1, 1, 11, 8, 0, '2020-04-30 06:57:51'),
(1860, 1, 1, 11, 13, 0, '2020-04-30 06:57:51'),
(1861, 1, 1, 11, 14, 0, '2020-04-30 06:57:51'),
(1862, 1, 1, 11, 18, 0, '2020-04-30 06:57:51'),
(1863, 1, 1, 11, 19, 0, '2020-04-30 06:57:51'),
(1864, 1, 1, 15, 2, 0, '2020-04-30 06:57:51'),
(1865, 1, 1, 15, 3, 0, '2020-04-30 06:57:51'),
(1866, 1, 1, 15, 7, 0, '2020-04-30 06:57:51'),
(1867, 1, 1, 15, 8, 0, '2020-04-30 06:57:51'),
(1868, 1, 1, 15, 13, 0, '2020-04-30 06:57:51'),
(1869, 1, 1, 15, 14, 0, '2020-04-30 06:57:51'),
(1870, 1, 1, 15, 18, 0, '2020-04-30 06:57:51'),
(1871, 1, 1, 15, 19, 0, '2020-04-30 06:57:51'),
(1872, 1, 1, 16, 2, 0, '2020-04-30 06:57:51'),
(1873, 1, 1, 16, 3, 0, '2020-04-30 06:57:51'),
(1874, 1, 1, 16, 7, 0, '2020-04-30 06:57:51'),
(1875, 1, 1, 16, 8, 0, '2020-04-30 06:57:51'),
(1876, 1, 1, 16, 13, 0, '2020-04-30 06:57:51'),
(1877, 1, 1, 16, 14, 0, '2020-04-30 06:57:51'),
(1878, 1, 1, 16, 18, 0, '2020-04-30 06:57:51'),
(1879, 1, 1, 16, 19, 0, '2020-04-30 06:57:51'),
(1880, 1, 1, 19, 2, 0, '2020-04-30 06:57:51'),
(1881, 1, 1, 19, 3, 0, '2020-04-30 06:57:51'),
(1882, 1, 1, 19, 7, 0, '2020-04-30 06:57:51'),
(1883, 1, 1, 19, 8, 0, '2020-04-30 06:57:51'),
(1884, 1, 1, 19, 13, 0, '2020-04-30 06:57:51'),
(1885, 1, 1, 19, 14, 0, '2020-04-30 06:57:51'),
(1886, 1, 1, 19, 18, 0, '2020-04-30 06:57:51'),
(1887, 1, 1, 19, 19, 0, '2020-04-30 06:57:51'),
(1888, 1, 1, 20, 2, 0, '2020-04-30 06:57:51'),
(1889, 1, 1, 20, 3, 0, '2020-04-30 06:57:51'),
(1890, 1, 1, 20, 7, 0, '2020-04-30 06:57:51'),
(1891, 1, 1, 20, 8, 0, '2020-04-30 06:57:51'),
(1892, 1, 1, 20, 13, 0, '2020-04-30 06:57:51'),
(1893, 1, 1, 20, 14, 0, '2020-04-30 06:57:51'),
(1894, 1, 1, 20, 18, 0, '2020-04-30 06:57:51'),
(1895, 1, 1, 20, 19, 0, '2020-04-30 06:57:51'),
(1896, 1, 1, 23, 2, 0, '2020-04-30 06:57:51'),
(1897, 1, 1, 23, 3, 0, '2020-04-30 06:57:51'),
(1898, 1, 1, 23, 18, 0, '2020-04-30 06:57:51'),
(1899, 1, 1, 23, 19, 0, '2020-04-30 06:57:51'),
(1900, 1, 1, 24, 2, 0, '2020-04-30 06:57:51'),
(1901, 1, 1, 24, 3, 0, '2020-04-30 06:57:51'),
(1902, 1, 1, 24, 18, 0, '2020-04-30 06:57:51'),
(1903, 1, 1, 24, 19, 0, '2020-04-30 06:57:51'),
(1904, 1, 1, 23, 2, 1, '2020-04-30 06:57:52'),
(1905, 1, 1, 23, 2, 2, '2020-04-30 06:57:52'),
(1906, 1, 1, 23, 2, 0, '2020-04-30 06:57:53'),
(1907, 1, 1, 23, 2, 1, '2020-04-30 06:57:54'),
(1908, 1, 1, 24, 2, 1, '2020-04-30 06:57:58'),
(1909, 1, 1, 24, 2, 2, '2020-04-30 06:57:59'),
(1910, 1, 1, 15, 14, 1, '2020-04-30 06:58:01'),
(1911, 1, 1, 15, 14, 2, '2020-04-30 06:58:02'),
(1912, 1, 1, 15, 14, 0, '2020-04-30 06:58:03'),
(1913, 1, 1, 16, 14, 1, '2020-04-30 06:58:03'),
(1914, 1, 1, 24, 2, 0, '2020-04-30 07:34:24'),
(1915, 1, 1, 23, 2, 2, '2020-04-30 07:34:26'),
(1916, 1, 1, 24, 2, 1, '2020-04-30 07:34:28'),
(1917, 1, 1, 23, 3, 1, '2020-04-30 07:34:29'),
(1918, 1, 1, 24, 3, 2, '2020-04-30 07:34:30'),
(1919, 1, 1, 24, 18, 1, '2020-04-30 07:34:32'),
(1920, 1, 1, 23, 19, 1, '2020-04-30 07:34:33'),
(1921, 1, 1, 23, 18, 2, '2020-04-30 07:34:34'),
(1922, 1, 1, 24, 19, 2, '2020-04-30 07:34:34'),
(1923, 1, 1, 16, 14, 2, '2020-04-30 07:34:38'),
(1924, 1, 1, 16, 14, 0, '2020-04-30 07:34:39'),
(1925, 1, 1, 2, 2, 1, '2020-04-30 07:36:02'),
(1926, 1, 1, 2, 19, 1, '2020-04-30 07:36:03'),
(1927, 1, 1, 2, 3, 1, '2020-04-30 07:44:13'),
(1928, 1, 1, 2, 18, 1, '2020-04-30 07:44:14'),
(1929, 1, 1, 2, 3, 2, '2020-04-30 07:51:09'),
(1930, 1, 1, 2, 3, 0, '2020-04-30 07:51:10'),
(1931, 1, 1, 2, 18, 0, '2020-04-30 07:51:12'),
(1932, 1, 1, 2, 3, 1, '2020-04-30 08:17:33'),
(1933, 1, 1, 2, 18, 1, '2020-04-30 08:17:34'),
(1934, 1, 1, 2, 7, 1, '2020-04-30 08:39:42'),
(1935, 1, 1, 2, 7, 2, '2020-04-30 08:39:43'),
(1936, 1, 1, 2, 7, 0, '2020-04-30 08:39:44'),
(1937, 1, 2, 3, 3, 0, '2020-04-30 08:39:48'),
(1938, 1, 2, 5, 3, 0, '2020-04-30 08:39:48'),
(1939, 1, 2, 5, 18, 0, '2020-04-30 08:39:49'),
(1940, 1, 2, 4, 2, 1, '2020-04-30 08:39:52'),
(1941, 1, 2, 4, 4, 1, '2020-04-30 08:39:52'),
(1942, 1, 2, 4, 19, 1, '2020-04-30 08:39:54'),
(1943, 1, 1, 3, 2, 1, '2020-04-30 08:54:18'),
(1944, 1, 1, 3, 3, 2, '2020-04-30 08:54:18'),
(1945, 1, 1, 3, 3, 0, '2020-04-30 08:54:20'),
(1946, 6, 1, 3, 5, 0, '2020-04-30 09:06:44'),
(1947, 6, 1, 3, 6, 0, '2020-04-30 09:06:44'),
(1948, 6, 1, 3, 10, 0, '2020-04-30 09:06:44'),
(1949, 6, 1, 3, 11, 0, '2020-04-30 09:06:44'),
(1950, 6, 1, 3, 15, 0, '2020-04-30 09:06:44'),
(1951, 6, 1, 3, 16, 0, '2020-04-30 09:06:44'),
(1952, 6, 1, 4, 5, 0, '2020-04-30 09:06:44'),
(1953, 6, 1, 4, 6, 0, '2020-04-30 09:06:44'),
(1954, 6, 1, 4, 10, 0, '2020-04-30 09:06:44'),
(1955, 6, 1, 4, 11, 0, '2020-04-30 09:06:44'),
(1956, 6, 1, 4, 15, 0, '2020-04-30 09:06:44'),
(1957, 6, 1, 4, 16, 0, '2020-04-30 09:06:44'),
(1958, 6, 1, 5, 5, 0, '2020-04-30 09:06:44'),
(1959, 6, 1, 5, 6, 0, '2020-04-30 09:06:44'),
(1960, 6, 1, 5, 10, 0, '2020-04-30 09:06:44'),
(1961, 6, 1, 5, 11, 0, '2020-04-30 09:06:44'),
(1962, 6, 1, 5, 15, 0, '2020-04-30 09:06:44'),
(1963, 6, 1, 5, 16, 0, '2020-04-30 09:06:44'),
(1964, 6, 1, 8, 5, 0, '2020-04-30 09:06:44'),
(1965, 6, 1, 8, 6, 0, '2020-04-30 09:06:44'),
(1966, 6, 1, 8, 10, 0, '2020-04-30 09:06:44'),
(1967, 6, 1, 8, 11, 0, '2020-04-30 09:06:44'),
(1968, 6, 1, 8, 15, 0, '2020-04-30 09:06:44'),
(1969, 6, 1, 8, 16, 0, '2020-04-30 09:06:45'),
(1970, 6, 1, 9, 5, 0, '2020-04-30 09:06:45'),
(1971, 6, 1, 9, 6, 0, '2020-04-30 09:06:45'),
(1972, 6, 1, 9, 10, 0, '2020-04-30 09:06:45'),
(1973, 6, 1, 9, 11, 0, '2020-04-30 09:06:45'),
(1974, 6, 1, 9, 15, 0, '2020-04-30 09:06:45'),
(1975, 6, 1, 9, 16, 0, '2020-04-30 09:06:45'),
(1976, 6, 1, 10, 5, 0, '2020-04-30 09:06:45'),
(1977, 6, 1, 10, 6, 0, '2020-04-30 09:06:45'),
(1978, 6, 1, 10, 10, 0, '2020-04-30 09:06:45'),
(1979, 6, 1, 10, 11, 0, '2020-04-30 09:06:45'),
(1980, 6, 1, 10, 15, 0, '2020-04-30 09:06:45'),
(1981, 6, 1, 10, 16, 0, '2020-04-30 09:06:45'),
(1982, 6, 1, 13, 5, 0, '2020-04-30 09:06:45'),
(1983, 6, 1, 13, 6, 0, '2020-04-30 09:06:45'),
(1984, 6, 1, 13, 10, 0, '2020-04-30 09:06:45'),
(1985, 6, 1, 13, 11, 0, '2020-04-30 09:06:45'),
(1986, 6, 1, 13, 15, 0, '2020-04-30 09:06:45'),
(1987, 6, 1, 13, 16, 0, '2020-04-30 09:06:45'),
(1988, 6, 1, 14, 5, 0, '2020-04-30 09:06:45'),
(1989, 6, 1, 14, 6, 0, '2020-04-30 09:06:45'),
(1990, 6, 1, 14, 10, 0, '2020-04-30 09:06:45'),
(1991, 6, 1, 14, 11, 0, '2020-04-30 09:06:45'),
(1992, 6, 1, 14, 15, 0, '2020-04-30 09:06:45'),
(1993, 6, 1, 14, 16, 0, '2020-04-30 09:06:45'),
(1994, 6, 1, 15, 5, 0, '2020-04-30 09:06:45'),
(1995, 6, 1, 15, 6, 0, '2020-04-30 09:06:45'),
(1996, 6, 1, 15, 10, 0, '2020-04-30 09:06:45'),
(1997, 6, 1, 15, 11, 0, '2020-04-30 09:06:45'),
(1998, 6, 1, 15, 15, 0, '2020-04-30 09:06:45'),
(1999, 6, 1, 15, 16, 0, '2020-04-30 09:06:45'),
(2000, 6, 1, 3, 5, 1, '2020-04-30 09:06:45'),
(2001, 6, 1, 3, 6, 1, '2020-04-30 09:06:45'),
(2002, 6, 1, 3, 10, 1, '2020-04-30 09:06:45'),
(2003, 6, 1, 3, 11, 1, '2020-04-30 09:06:45'),
(2004, 6, 1, 3, 15, 1, '2020-04-30 09:06:45'),
(2005, 6, 1, 3, 16, 1, '2020-04-30 09:06:45'),
(2006, 6, 1, 4, 5, 1, '2020-04-30 09:06:45'),
(2007, 6, 1, 4, 6, 1, '2020-04-30 09:06:45'),
(2008, 6, 1, 4, 10, 1, '2020-04-30 09:06:45'),
(2009, 6, 1, 4, 11, 1, '2020-04-30 09:06:45'),
(2010, 6, 1, 4, 15, 1, '2020-04-30 09:06:45'),
(2011, 6, 1, 4, 16, 1, '2020-04-30 09:06:45'),
(2012, 6, 1, 5, 5, 1, '2020-04-30 09:06:45'),
(2013, 6, 1, 5, 6, 1, '2020-04-30 09:06:45'),
(2014, 6, 1, 5, 10, 1, '2020-04-30 09:06:45'),
(2015, 6, 1, 5, 11, 1, '2020-04-30 09:06:45'),
(2016, 6, 1, 5, 15, 1, '2020-04-30 09:06:45'),
(2017, 6, 1, 5, 16, 1, '2020-04-30 09:06:45'),
(2018, 6, 1, 8, 5, 1, '2020-04-30 09:06:45'),
(2019, 6, 1, 8, 6, 1, '2020-04-30 09:06:45'),
(2020, 6, 1, 8, 10, 1, '2020-04-30 09:06:45'),
(2021, 6, 1, 8, 11, 1, '2020-04-30 09:06:45'),
(2022, 6, 1, 8, 15, 1, '2020-04-30 09:06:45'),
(2023, 6, 1, 8, 16, 1, '2020-04-30 09:06:45'),
(2024, 6, 1, 9, 5, 1, '2020-04-30 09:06:45'),
(2025, 6, 1, 9, 6, 1, '2020-04-30 09:06:45'),
(2026, 6, 1, 9, 10, 1, '2020-04-30 09:06:45'),
(2027, 6, 1, 9, 11, 1, '2020-04-30 09:06:45'),
(2028, 6, 1, 9, 15, 1, '2020-04-30 09:06:45'),
(2029, 6, 1, 9, 16, 1, '2020-04-30 09:06:45'),
(2030, 6, 1, 10, 5, 1, '2020-04-30 09:06:45'),
(2031, 6, 1, 10, 6, 1, '2020-04-30 09:06:45'),
(2032, 6, 1, 10, 10, 1, '2020-04-30 09:06:45'),
(2033, 6, 1, 10, 11, 1, '2020-04-30 09:06:45'),
(2034, 6, 1, 10, 15, 1, '2020-04-30 09:06:45'),
(2035, 6, 1, 10, 16, 1, '2020-04-30 09:06:45'),
(2036, 6, 1, 13, 5, 1, '2020-04-30 09:06:45'),
(2037, 6, 1, 13, 6, 1, '2020-04-30 09:06:45'),
(2038, 6, 1, 13, 10, 1, '2020-04-30 09:06:45'),
(2039, 6, 1, 13, 11, 1, '2020-04-30 09:06:45'),
(2040, 6, 1, 13, 15, 1, '2020-04-30 09:06:45'),
(2041, 6, 1, 13, 16, 1, '2020-04-30 09:06:45'),
(2042, 6, 1, 14, 5, 1, '2020-04-30 09:06:45'),
(2043, 6, 1, 14, 6, 1, '2020-04-30 09:06:45'),
(2044, 6, 1, 14, 10, 1, '2020-04-30 09:06:45'),
(2045, 6, 1, 14, 11, 1, '2020-04-30 09:06:45'),
(2046, 6, 1, 14, 15, 1, '2020-04-30 09:06:45'),
(2047, 6, 1, 14, 16, 1, '2020-04-30 09:06:45'),
(2048, 6, 1, 15, 5, 1, '2020-04-30 09:06:45'),
(2049, 6, 1, 15, 6, 1, '2020-04-30 09:06:45'),
(2050, 6, 1, 15, 10, 1, '2020-04-30 09:06:45'),
(2051, 6, 1, 15, 11, 1, '2020-04-30 09:06:45'),
(2052, 6, 1, 15, 15, 1, '2020-04-30 09:06:45'),
(2053, 6, 1, 15, 16, 1, '2020-04-30 09:06:45'),
(2054, 6, 1, 3, 5, 2, '2020-04-30 09:06:47'),
(2055, 6, 1, 3, 6, 2, '2020-04-30 09:06:47'),
(2056, 6, 1, 3, 10, 2, '2020-04-30 09:06:47'),
(2057, 6, 1, 3, 11, 2, '2020-04-30 09:06:47'),
(2058, 6, 1, 3, 15, 2, '2020-04-30 09:06:47'),
(2059, 6, 1, 3, 16, 2, '2020-04-30 09:06:47'),
(2060, 6, 1, 4, 5, 2, '2020-04-30 09:06:47'),
(2061, 6, 1, 4, 6, 2, '2020-04-30 09:06:47'),
(2062, 6, 1, 4, 10, 2, '2020-04-30 09:06:47'),
(2063, 6, 1, 4, 11, 2, '2020-04-30 09:06:47'),
(2064, 6, 1, 4, 15, 2, '2020-04-30 09:06:47'),
(2065, 6, 1, 4, 16, 2, '2020-04-30 09:06:47'),
(2066, 6, 1, 5, 5, 2, '2020-04-30 09:06:47'),
(2067, 6, 1, 5, 6, 2, '2020-04-30 09:06:47'),
(2068, 6, 1, 5, 10, 2, '2020-04-30 09:06:47'),
(2069, 6, 1, 5, 11, 2, '2020-04-30 09:06:47'),
(2070, 6, 1, 5, 15, 2, '2020-04-30 09:06:47'),
(2071, 6, 1, 5, 16, 2, '2020-04-30 09:06:47'),
(2072, 6, 1, 8, 5, 2, '2020-04-30 09:06:47'),
(2073, 6, 1, 8, 6, 2, '2020-04-30 09:06:47'),
(2074, 6, 1, 8, 10, 2, '2020-04-30 09:06:47'),
(2075, 6, 1, 8, 11, 2, '2020-04-30 09:06:47'),
(2076, 6, 1, 8, 15, 2, '2020-04-30 09:06:47'),
(2077, 6, 1, 8, 16, 2, '2020-04-30 09:06:47'),
(2078, 6, 1, 9, 5, 2, '2020-04-30 09:06:47'),
(2079, 6, 1, 9, 6, 2, '2020-04-30 09:06:47'),
(2080, 6, 1, 9, 10, 2, '2020-04-30 09:06:47'),
(2081, 6, 1, 9, 11, 2, '2020-04-30 09:06:47'),
(2082, 6, 1, 9, 15, 2, '2020-04-30 09:06:47'),
(2083, 6, 1, 9, 16, 2, '2020-04-30 09:06:47'),
(2084, 6, 1, 10, 5, 2, '2020-04-30 09:06:47'),
(2085, 6, 1, 10, 6, 2, '2020-04-30 09:06:47'),
(2086, 6, 1, 10, 10, 2, '2020-04-30 09:06:47'),
(2087, 6, 1, 10, 11, 2, '2020-04-30 09:06:47'),
(2088, 6, 1, 10, 15, 2, '2020-04-30 09:06:47'),
(2089, 6, 1, 10, 16, 2, '2020-04-30 09:06:47'),
(2090, 6, 1, 13, 5, 2, '2020-04-30 09:06:47'),
(2091, 6, 1, 13, 6, 2, '2020-04-30 09:06:47'),
(2092, 6, 1, 13, 10, 2, '2020-04-30 09:06:47'),
(2093, 6, 1, 13, 11, 2, '2020-04-30 09:06:47'),
(2094, 6, 1, 13, 15, 2, '2020-04-30 09:06:47'),
(2095, 6, 1, 13, 16, 2, '2020-04-30 09:06:47'),
(2096, 6, 1, 14, 5, 2, '2020-04-30 09:06:47'),
(2097, 6, 1, 14, 6, 2, '2020-04-30 09:06:47'),
(2098, 6, 1, 14, 10, 2, '2020-04-30 09:06:47'),
(2099, 6, 1, 14, 11, 2, '2020-04-30 09:06:47'),
(2100, 6, 1, 14, 15, 2, '2020-04-30 09:06:47'),
(2101, 6, 1, 14, 16, 2, '2020-04-30 09:06:47'),
(2102, 6, 1, 15, 5, 2, '2020-04-30 09:06:47'),
(2103, 6, 1, 15, 6, 2, '2020-04-30 09:06:47'),
(2104, 6, 1, 15, 10, 2, '2020-04-30 09:06:47'),
(2105, 6, 1, 15, 11, 2, '2020-04-30 09:06:47'),
(2106, 6, 1, 15, 15, 2, '2020-04-30 09:06:47'),
(2107, 6, 1, 15, 16, 2, '2020-04-30 09:06:47'),
(2108, 6, 1, 3, 5, 0, '2020-04-30 09:06:49'),
(2109, 6, 1, 3, 6, 0, '2020-04-30 09:06:49'),
(2110, 6, 1, 3, 10, 0, '2020-04-30 09:06:49'),
(2111, 6, 1, 3, 11, 0, '2020-04-30 09:06:49'),
(2112, 6, 1, 3, 15, 0, '2020-04-30 09:06:49'),
(2113, 6, 1, 3, 16, 0, '2020-04-30 09:06:49'),
(2114, 6, 1, 4, 5, 0, '2020-04-30 09:06:49'),
(2115, 6, 1, 4, 6, 0, '2020-04-30 09:06:49'),
(2116, 6, 1, 4, 10, 0, '2020-04-30 09:06:49'),
(2117, 6, 1, 4, 11, 0, '2020-04-30 09:06:49'),
(2118, 6, 1, 4, 15, 0, '2020-04-30 09:06:49'),
(2119, 6, 1, 4, 16, 0, '2020-04-30 09:06:49'),
(2120, 6, 1, 5, 5, 0, '2020-04-30 09:06:49'),
(2121, 6, 1, 5, 6, 0, '2020-04-30 09:06:49'),
(2122, 6, 1, 5, 10, 0, '2020-04-30 09:06:49'),
(2123, 6, 1, 5, 11, 0, '2020-04-30 09:06:49'),
(2124, 6, 1, 5, 15, 0, '2020-04-30 09:06:49'),
(2125, 6, 1, 5, 16, 0, '2020-04-30 09:06:49'),
(2126, 6, 1, 8, 5, 0, '2020-04-30 09:06:49'),
(2127, 6, 1, 8, 6, 0, '2020-04-30 09:06:49'),
(2128, 6, 1, 8, 10, 0, '2020-04-30 09:06:49'),
(2129, 6, 1, 8, 11, 0, '2020-04-30 09:06:49'),
(2130, 6, 1, 8, 15, 0, '2020-04-30 09:06:49'),
(2131, 6, 1, 8, 16, 0, '2020-04-30 09:06:49'),
(2132, 6, 1, 9, 5, 0, '2020-04-30 09:06:49'),
(2133, 6, 1, 9, 6, 0, '2020-04-30 09:06:49'),
(2134, 6, 1, 9, 10, 0, '2020-04-30 09:06:49'),
(2135, 6, 1, 9, 11, 0, '2020-04-30 09:06:49'),
(2136, 6, 1, 9, 15, 0, '2020-04-30 09:06:49'),
(2137, 6, 1, 9, 16, 0, '2020-04-30 09:06:49'),
(2138, 6, 1, 10, 5, 0, '2020-04-30 09:06:49'),
(2139, 6, 1, 10, 6, 0, '2020-04-30 09:06:49'),
(2140, 6, 1, 10, 10, 0, '2020-04-30 09:06:49'),
(2141, 6, 1, 10, 11, 0, '2020-04-30 09:06:49'),
(2142, 6, 1, 10, 15, 0, '2020-04-30 09:06:49'),
(2143, 6, 1, 10, 16, 0, '2020-04-30 09:06:49'),
(2144, 6, 1, 13, 5, 0, '2020-04-30 09:06:49'),
(2145, 6, 1, 13, 6, 0, '2020-04-30 09:06:49'),
(2146, 6, 1, 13, 10, 0, '2020-04-30 09:06:49'),
(2147, 6, 1, 13, 11, 0, '2020-04-30 09:06:49'),
(2148, 6, 1, 13, 15, 0, '2020-04-30 09:06:49'),
(2149, 6, 1, 13, 16, 0, '2020-04-30 09:06:49'),
(2150, 6, 1, 14, 5, 0, '2020-04-30 09:06:49'),
(2151, 6, 1, 14, 6, 0, '2020-04-30 09:06:49'),
(2152, 6, 1, 14, 10, 0, '2020-04-30 09:06:49'),
(2153, 6, 1, 14, 11, 0, '2020-04-30 09:06:49'),
(2154, 6, 1, 14, 15, 0, '2020-04-30 09:06:49'),
(2155, 6, 1, 14, 16, 0, '2020-04-30 09:06:49'),
(2156, 6, 1, 15, 5, 0, '2020-04-30 09:06:49'),
(2157, 6, 1, 15, 6, 0, '2020-04-30 09:06:49'),
(2158, 6, 1, 15, 10, 0, '2020-04-30 09:06:49'),
(2159, 6, 1, 15, 11, 0, '2020-04-30 09:06:49'),
(2160, 6, 1, 15, 15, 0, '2020-04-30 09:06:49'),
(2161, 6, 1, 15, 16, 0, '2020-04-30 09:06:49'),
(2162, 6, 1, 15, 6, 1, '2020-04-30 09:06:51'),
(2163, 6, 1, 15, 11, 1, '2020-04-30 09:06:52'),
(2164, 6, 1, 14, 11, 1, '2020-04-30 09:06:53'),
(2165, 6, 1, 15, 5, 1, '2020-04-30 09:06:54'),
(2166, 5, 1, 9, 8, 1, '2020-04-30 09:08:25'),
(2167, 5, 1, 9, 8, 2, '2020-04-30 09:08:26'),
(2168, 6, 1, 3, 5, 1, '2020-04-30 09:09:46'),
(2169, 6, 1, 3, 6, 1, '2020-04-30 09:09:46'),
(2170, 6, 1, 3, 10, 1, '2020-04-30 09:09:46'),
(2171, 6, 1, 3, 11, 1, '2020-04-30 09:09:46'),
(2172, 6, 1, 3, 15, 1, '2020-04-30 09:09:46'),
(2173, 6, 1, 3, 16, 1, '2020-04-30 09:09:46'),
(2174, 6, 1, 4, 5, 1, '2020-04-30 09:09:46'),
(2175, 6, 1, 4, 6, 1, '2020-04-30 09:09:46'),
(2176, 6, 1, 4, 10, 1, '2020-04-30 09:09:46'),
(2177, 6, 1, 4, 11, 1, '2020-04-30 09:09:46'),
(2178, 6, 1, 4, 15, 1, '2020-04-30 09:09:46'),
(2179, 6, 1, 4, 16, 1, '2020-04-30 09:09:46'),
(2180, 6, 1, 5, 5, 1, '2020-04-30 09:09:46'),
(2181, 6, 1, 5, 6, 1, '2020-04-30 09:09:46'),
(2182, 6, 1, 5, 10, 1, '2020-04-30 09:09:46'),
(2183, 6, 1, 5, 11, 1, '2020-04-30 09:09:46'),
(2184, 6, 1, 5, 15, 1, '2020-04-30 09:09:46'),
(2185, 6, 1, 5, 16, 1, '2020-04-30 09:09:46'),
(2186, 6, 1, 8, 5, 1, '2020-04-30 09:09:46'),
(2187, 6, 1, 8, 6, 1, '2020-04-30 09:09:46'),
(2188, 6, 1, 8, 10, 1, '2020-04-30 09:09:46'),
(2189, 6, 1, 8, 11, 1, '2020-04-30 09:09:46'),
(2190, 6, 1, 8, 15, 1, '2020-04-30 09:09:46'),
(2191, 6, 1, 8, 16, 1, '2020-04-30 09:09:46'),
(2192, 6, 1, 9, 5, 1, '2020-04-30 09:09:46'),
(2193, 6, 1, 9, 6, 1, '2020-04-30 09:09:46'),
(2194, 6, 1, 9, 10, 1, '2020-04-30 09:09:46'),
(2195, 6, 1, 9, 11, 1, '2020-04-30 09:09:46'),
(2196, 6, 1, 9, 15, 1, '2020-04-30 09:09:46'),
(2197, 6, 1, 9, 16, 1, '2020-04-30 09:09:46'),
(2198, 6, 1, 10, 5, 1, '2020-04-30 09:09:46'),
(2199, 6, 1, 10, 6, 1, '2020-04-30 09:09:46'),
(2200, 6, 1, 10, 10, 1, '2020-04-30 09:09:46'),
(2201, 6, 1, 10, 11, 1, '2020-04-30 09:09:46'),
(2202, 6, 1, 10, 15, 1, '2020-04-30 09:09:46'),
(2203, 6, 1, 10, 16, 1, '2020-04-30 09:09:46'),
(2204, 6, 1, 13, 5, 1, '2020-04-30 09:09:46'),
(2205, 6, 1, 13, 6, 1, '2020-04-30 09:09:46'),
(2206, 6, 1, 13, 10, 1, '2020-04-30 09:09:46'),
(2207, 6, 1, 13, 11, 1, '2020-04-30 09:09:46'),
(2208, 6, 1, 13, 15, 1, '2020-04-30 09:09:46'),
(2209, 6, 1, 13, 16, 1, '2020-04-30 09:09:46'),
(2210, 6, 1, 14, 5, 1, '2020-04-30 09:09:46'),
(2211, 6, 1, 14, 6, 1, '2020-04-30 09:09:46'),
(2212, 6, 1, 14, 10, 1, '2020-04-30 09:09:46'),
(2213, 6, 1, 14, 11, 1, '2020-04-30 09:09:46'),
(2214, 6, 1, 14, 15, 1, '2020-04-30 09:09:46'),
(2215, 6, 1, 14, 16, 1, '2020-04-30 09:09:46'),
(2216, 6, 1, 15, 5, 1, '2020-04-30 09:09:46'),
(2217, 6, 1, 15, 6, 1, '2020-04-30 09:09:46'),
(2218, 6, 1, 15, 10, 1, '2020-04-30 09:09:46'),
(2219, 6, 1, 15, 11, 1, '2020-04-30 09:09:46'),
(2220, 6, 1, 15, 15, 1, '2020-04-30 09:09:46'),
(2221, 6, 1, 15, 16, 1, '2020-04-30 09:09:46'),
(2222, 6, 1, 3, 5, 2, '2020-04-30 09:09:47'),
(2223, 6, 1, 3, 6, 2, '2020-04-30 09:09:47'),
(2224, 6, 1, 3, 10, 2, '2020-04-30 09:09:47'),
(2225, 6, 1, 3, 11, 2, '2020-04-30 09:09:47'),
(2226, 6, 1, 3, 15, 2, '2020-04-30 09:09:47'),
(2227, 6, 1, 3, 16, 2, '2020-04-30 09:09:47'),
(2228, 6, 1, 4, 5, 2, '2020-04-30 09:09:47'),
(2229, 6, 1, 4, 6, 2, '2020-04-30 09:09:47'),
(2230, 6, 1, 4, 10, 2, '2020-04-30 09:09:47'),
(2231, 6, 1, 4, 11, 2, '2020-04-30 09:09:47'),
(2232, 6, 1, 4, 15, 2, '2020-04-30 09:09:47');
INSERT INTO `seat_log` (`seat_log_id`, `restaurant_id`, `floor_id`, `row_no`, `col_no`, `status_id`, `date_created`) VALUES
(2233, 6, 1, 4, 16, 2, '2020-04-30 09:09:47'),
(2234, 6, 1, 5, 5, 2, '2020-04-30 09:09:47'),
(2235, 6, 1, 5, 6, 2, '2020-04-30 09:09:47'),
(2236, 6, 1, 5, 10, 2, '2020-04-30 09:09:47'),
(2237, 6, 1, 5, 11, 2, '2020-04-30 09:09:47'),
(2238, 6, 1, 5, 15, 2, '2020-04-30 09:09:47'),
(2239, 6, 1, 5, 16, 2, '2020-04-30 09:09:47'),
(2240, 6, 1, 8, 5, 2, '2020-04-30 09:09:47'),
(2241, 6, 1, 8, 6, 2, '2020-04-30 09:09:47'),
(2242, 6, 1, 8, 10, 2, '2020-04-30 09:09:47'),
(2243, 6, 1, 8, 11, 2, '2020-04-30 09:09:47'),
(2244, 6, 1, 8, 15, 2, '2020-04-30 09:09:47'),
(2245, 6, 1, 8, 16, 2, '2020-04-30 09:09:47'),
(2246, 6, 1, 9, 5, 2, '2020-04-30 09:09:47'),
(2247, 6, 1, 9, 6, 2, '2020-04-30 09:09:47'),
(2248, 6, 1, 9, 10, 2, '2020-04-30 09:09:47'),
(2249, 6, 1, 9, 11, 2, '2020-04-30 09:09:47'),
(2250, 6, 1, 9, 15, 2, '2020-04-30 09:09:47'),
(2251, 6, 1, 9, 16, 2, '2020-04-30 09:09:47'),
(2252, 6, 1, 10, 5, 2, '2020-04-30 09:09:47'),
(2253, 6, 1, 10, 6, 2, '2020-04-30 09:09:47'),
(2254, 6, 1, 10, 10, 2, '2020-04-30 09:09:47'),
(2255, 6, 1, 10, 11, 2, '2020-04-30 09:09:47'),
(2256, 6, 1, 10, 15, 2, '2020-04-30 09:09:47'),
(2257, 6, 1, 10, 16, 2, '2020-04-30 09:09:47'),
(2258, 6, 1, 13, 5, 2, '2020-04-30 09:09:47'),
(2259, 6, 1, 13, 6, 2, '2020-04-30 09:09:47'),
(2260, 6, 1, 13, 10, 2, '2020-04-30 09:09:47'),
(2261, 6, 1, 13, 11, 2, '2020-04-30 09:09:47'),
(2262, 6, 1, 13, 15, 2, '2020-04-30 09:09:47'),
(2263, 6, 1, 13, 16, 2, '2020-04-30 09:09:47'),
(2264, 6, 1, 14, 5, 2, '2020-04-30 09:09:47'),
(2265, 6, 1, 14, 6, 2, '2020-04-30 09:09:47'),
(2266, 6, 1, 14, 10, 2, '2020-04-30 09:09:47'),
(2267, 6, 1, 14, 11, 2, '2020-04-30 09:09:47'),
(2268, 6, 1, 14, 15, 2, '2020-04-30 09:09:47'),
(2269, 6, 1, 14, 16, 2, '2020-04-30 09:09:47'),
(2270, 6, 1, 15, 5, 2, '2020-04-30 09:09:47'),
(2271, 6, 1, 15, 6, 2, '2020-04-30 09:09:47'),
(2272, 6, 1, 15, 10, 2, '2020-04-30 09:09:47'),
(2273, 6, 1, 15, 11, 2, '2020-04-30 09:09:47'),
(2274, 6, 1, 15, 15, 2, '2020-04-30 09:09:47'),
(2275, 6, 1, 15, 16, 2, '2020-04-30 09:09:47'),
(2276, 6, 1, 3, 5, 0, '2020-04-30 09:09:49'),
(2277, 6, 1, 3, 6, 0, '2020-04-30 09:09:49'),
(2278, 6, 1, 3, 10, 0, '2020-04-30 09:09:49'),
(2279, 6, 1, 3, 11, 0, '2020-04-30 09:09:49'),
(2280, 6, 1, 3, 15, 0, '2020-04-30 09:09:49'),
(2281, 6, 1, 3, 16, 0, '2020-04-30 09:09:49'),
(2282, 6, 1, 4, 5, 0, '2020-04-30 09:09:49'),
(2283, 6, 1, 4, 6, 0, '2020-04-30 09:09:49'),
(2284, 6, 1, 4, 10, 0, '2020-04-30 09:09:49'),
(2285, 6, 1, 4, 11, 0, '2020-04-30 09:09:49'),
(2286, 6, 1, 4, 15, 0, '2020-04-30 09:09:49'),
(2287, 6, 1, 4, 16, 0, '2020-04-30 09:09:49'),
(2288, 6, 1, 5, 5, 0, '2020-04-30 09:09:49'),
(2289, 6, 1, 5, 6, 0, '2020-04-30 09:09:49'),
(2290, 6, 1, 5, 10, 0, '2020-04-30 09:09:49'),
(2291, 6, 1, 5, 11, 0, '2020-04-30 09:09:49'),
(2292, 6, 1, 5, 15, 0, '2020-04-30 09:09:49'),
(2293, 6, 1, 5, 16, 0, '2020-04-30 09:09:49'),
(2294, 6, 1, 8, 5, 0, '2020-04-30 09:09:49'),
(2295, 6, 1, 8, 6, 0, '2020-04-30 09:09:49'),
(2296, 6, 1, 8, 10, 0, '2020-04-30 09:09:49'),
(2297, 6, 1, 8, 11, 0, '2020-04-30 09:09:49'),
(2298, 6, 1, 8, 15, 0, '2020-04-30 09:09:49'),
(2299, 6, 1, 8, 16, 0, '2020-04-30 09:09:49'),
(2300, 6, 1, 9, 5, 0, '2020-04-30 09:09:49'),
(2301, 6, 1, 9, 6, 0, '2020-04-30 09:09:49'),
(2302, 6, 1, 9, 10, 0, '2020-04-30 09:09:49'),
(2303, 6, 1, 9, 11, 0, '2020-04-30 09:09:49'),
(2304, 6, 1, 9, 15, 0, '2020-04-30 09:09:49'),
(2305, 6, 1, 9, 16, 0, '2020-04-30 09:09:49'),
(2306, 6, 1, 10, 5, 0, '2020-04-30 09:09:49'),
(2307, 6, 1, 10, 6, 0, '2020-04-30 09:09:49'),
(2308, 6, 1, 10, 10, 0, '2020-04-30 09:09:49'),
(2309, 6, 1, 10, 11, 0, '2020-04-30 09:09:49'),
(2310, 6, 1, 10, 15, 0, '2020-04-30 09:09:49'),
(2311, 6, 1, 10, 16, 0, '2020-04-30 09:09:49'),
(2312, 6, 1, 13, 5, 0, '2020-04-30 09:09:49'),
(2313, 6, 1, 13, 6, 0, '2020-04-30 09:09:49'),
(2314, 6, 1, 13, 10, 0, '2020-04-30 09:09:49'),
(2315, 6, 1, 13, 11, 0, '2020-04-30 09:09:49'),
(2316, 6, 1, 13, 15, 0, '2020-04-30 09:09:49'),
(2317, 6, 1, 13, 16, 0, '2020-04-30 09:09:49'),
(2318, 6, 1, 14, 5, 0, '2020-04-30 09:09:49'),
(2319, 6, 1, 14, 6, 0, '2020-04-30 09:09:49'),
(2320, 6, 1, 14, 10, 0, '2020-04-30 09:09:49'),
(2321, 6, 1, 14, 11, 0, '2020-04-30 09:09:49'),
(2322, 6, 1, 14, 15, 0, '2020-04-30 09:09:49'),
(2323, 6, 1, 14, 16, 0, '2020-04-30 09:09:49'),
(2324, 6, 1, 15, 5, 0, '2020-04-30 09:09:49'),
(2325, 6, 1, 15, 6, 0, '2020-04-30 09:09:49'),
(2326, 6, 1, 15, 10, 0, '2020-04-30 09:09:49'),
(2327, 6, 1, 15, 11, 0, '2020-04-30 09:09:49'),
(2328, 6, 1, 15, 15, 0, '2020-04-30 09:09:49'),
(2329, 6, 1, 15, 16, 0, '2020-04-30 09:09:49'),
(2330, 7, 2, 3, 4, 1, '2020-04-30 09:23:44'),
(2331, 7, 1, 5, 3, 1, '2020-04-30 09:23:47'),
(2332, 7, 2, 4, 4, 1, '2020-04-30 09:23:49'),
(2333, 7, 2, 3, 3, 1, '2020-04-30 09:23:52'),
(2334, 7, 2, 4, 15, 1, '2020-04-30 09:23:55'),
(2335, 7, 2, 4, 14, 1, '2020-04-30 09:23:55'),
(2336, 7, 1, 13, 18, 2, '2020-04-30 09:28:35'),
(2337, 7, 1, 13, 18, 0, '2020-04-30 09:28:36'),
(2338, 7, 1, 5, 8, 1, '2020-04-30 09:28:42'),
(2339, 7, 1, 5, 13, 1, '2020-04-30 09:28:43'),
(2340, 7, 1, 3, 18, 1, '2020-04-30 09:28:49'),
(2341, 7, 1, 4, 19, 1, '2020-04-30 09:28:50'),
(2342, 7, 1, 8, 13, 1, '2020-04-30 09:28:53'),
(2343, 7, 1, 9, 2, 1, '2020-04-30 09:28:57'),
(2344, 7, 1, 15, 3, 1, '2020-04-30 09:28:57'),
(2345, 7, 1, 15, 18, 1, '2020-04-30 09:28:57'),
(2346, 7, 1, 8, 18, 1, '2020-04-30 09:28:59'),
(2347, 7, 1, 8, 3, 1, '2020-04-30 09:28:59'),
(2348, 7, 1, 8, 8, 1, '2020-04-30 09:28:59'),
(2349, 7, 2, 4, 8, 1, '2020-04-30 09:29:04'),
(2350, 7, 2, 4, 7, 1, '2020-04-30 09:29:06'),
(2351, 7, 2, 8, 14, 1, '2020-04-30 09:29:08'),
(2352, 7, 2, 8, 18, 0, '2020-04-30 09:29:09'),
(2353, 7, 2, 8, 18, 1, '2020-04-30 09:29:09'),
(2354, 7, 2, 3, 17, 0, '2020-04-30 09:29:12'),
(2355, 7, 2, 3, 17, 1, '2020-04-30 09:29:12'),
(2356, 7, 2, 3, 14, 1, '2020-04-30 09:29:13'),
(2357, 7, 2, 7, 7, 1, '2020-04-30 09:29:14'),
(2358, 7, 2, 8, 7, 1, '2020-04-30 09:29:15'),
(2359, 7, 2, 7, 4, 1, '2020-04-30 09:29:16'),
(2360, 4, 1, 3, 4, 1, '2020-04-30 11:18:10'),
(2361, 4, 1, 3, 3, 2, '2020-04-30 11:18:11'),
(2362, 4, 1, 3, 4, 2, '2020-04-30 11:18:11'),
(2363, 4, 1, 3, 4, 0, '2020-04-30 11:18:13'),
(2364, 4, 1, 3, 3, 0, '2020-04-30 11:18:25'),
(2365, 4, 1, 3, 3, 1, '2020-04-30 11:18:26'),
(2366, 4, 1, 3, 3, 2, '2020-04-30 11:18:26'),
(2367, 4, 1, 3, 3, 0, '2020-04-30 11:18:27'),
(2368, 4, 1, 3, 4, 0, '2020-04-30 11:18:30'),
(2369, 4, 1, 3, 3, 2, '2020-04-30 11:18:32'),
(2370, 4, 1, 4, 3, 2, '2020-04-30 11:18:33'),
(2371, 4, 1, 4, 4, 0, '2020-04-30 11:18:35'),
(2372, 4, 1, 4, 4, 1, '2020-04-30 11:18:35'),
(2373, 4, 1, 5, 4, 2, '2020-04-30 11:18:36'),
(2374, 4, 1, 3, 7, 1, '2020-04-30 11:18:39'),
(2375, 4, 1, 5, 7, 1, '2020-04-30 11:19:26'),
(2376, 4, 1, 3, 3, 1, '2020-04-30 11:21:04'),
(2377, 4, 1, 3, 4, 1, '2020-04-30 11:21:05'),
(2378, 4, 1, 3, 7, 1, '2020-04-30 11:21:05'),
(2379, 4, 1, 3, 8, 1, '2020-04-30 11:21:05'),
(2380, 4, 1, 3, 13, 1, '2020-04-30 11:21:05'),
(2381, 4, 1, 3, 14, 1, '2020-04-30 11:21:05'),
(2382, 4, 1, 3, 17, 1, '2020-04-30 11:21:05'),
(2383, 4, 1, 3, 18, 1, '2020-04-30 11:21:05'),
(2384, 4, 1, 4, 3, 1, '2020-04-30 11:21:05'),
(2385, 4, 1, 4, 4, 1, '2020-04-30 11:21:05'),
(2386, 4, 1, 4, 7, 1, '2020-04-30 11:21:05'),
(2387, 4, 1, 4, 8, 1, '2020-04-30 11:21:05'),
(2388, 4, 1, 4, 13, 1, '2020-04-30 11:21:05'),
(2389, 4, 1, 4, 14, 1, '2020-04-30 11:21:05'),
(2390, 4, 1, 4, 17, 1, '2020-04-30 11:21:05'),
(2391, 4, 1, 4, 18, 1, '2020-04-30 11:21:05'),
(2392, 4, 1, 5, 3, 1, '2020-04-30 11:21:05'),
(2393, 4, 1, 5, 4, 1, '2020-04-30 11:21:05'),
(2394, 4, 1, 5, 7, 1, '2020-04-30 11:21:05'),
(2395, 4, 1, 5, 8, 1, '2020-04-30 11:21:05'),
(2396, 4, 1, 5, 13, 1, '2020-04-30 11:21:05'),
(2397, 4, 1, 5, 14, 1, '2020-04-30 11:21:05'),
(2398, 4, 1, 5, 17, 1, '2020-04-30 11:21:05'),
(2399, 4, 1, 5, 18, 1, '2020-04-30 11:21:05'),
(2400, 4, 1, 8, 3, 1, '2020-04-30 11:21:05'),
(2401, 4, 1, 8, 4, 1, '2020-04-30 11:21:05'),
(2402, 4, 1, 8, 17, 1, '2020-04-30 11:21:05'),
(2403, 4, 1, 8, 18, 1, '2020-04-30 11:21:05'),
(2404, 4, 1, 9, 3, 1, '2020-04-30 11:21:05'),
(2405, 4, 1, 9, 4, 1, '2020-04-30 11:21:05'),
(2406, 4, 1, 9, 17, 1, '2020-04-30 11:21:05'),
(2407, 4, 1, 9, 18, 1, '2020-04-30 11:21:05'),
(2408, 4, 1, 10, 3, 1, '2020-04-30 11:21:05'),
(2409, 4, 1, 10, 4, 1, '2020-04-30 11:21:05'),
(2410, 4, 1, 10, 17, 1, '2020-04-30 11:21:05'),
(2411, 4, 1, 10, 18, 1, '2020-04-30 11:21:05'),
(2412, 4, 1, 3, 3, 0, '2020-04-30 11:21:08'),
(2413, 4, 1, 3, 4, 0, '2020-04-30 11:21:08'),
(2414, 4, 1, 3, 7, 0, '2020-04-30 11:21:08'),
(2415, 4, 1, 3, 8, 0, '2020-04-30 11:21:08'),
(2416, 4, 1, 3, 13, 0, '2020-04-30 11:21:08'),
(2417, 4, 1, 3, 14, 0, '2020-04-30 11:21:08'),
(2418, 4, 1, 3, 17, 0, '2020-04-30 11:21:08'),
(2419, 4, 1, 3, 18, 0, '2020-04-30 11:21:08'),
(2420, 4, 1, 4, 3, 0, '2020-04-30 11:21:08'),
(2421, 4, 1, 4, 4, 0, '2020-04-30 11:21:08'),
(2422, 4, 1, 4, 7, 0, '2020-04-30 11:21:08'),
(2423, 4, 1, 4, 8, 0, '2020-04-30 11:21:08'),
(2424, 4, 1, 4, 13, 0, '2020-04-30 11:21:08'),
(2425, 4, 1, 4, 14, 0, '2020-04-30 11:21:08'),
(2426, 4, 1, 4, 17, 0, '2020-04-30 11:21:08'),
(2427, 4, 1, 4, 18, 0, '2020-04-30 11:21:08'),
(2428, 4, 1, 5, 3, 0, '2020-04-30 11:21:08'),
(2429, 4, 1, 5, 4, 0, '2020-04-30 11:21:08'),
(2430, 4, 1, 5, 7, 0, '2020-04-30 11:21:08'),
(2431, 4, 1, 5, 8, 0, '2020-04-30 11:21:08'),
(2432, 4, 1, 5, 13, 0, '2020-04-30 11:21:08'),
(2433, 4, 1, 5, 14, 0, '2020-04-30 11:21:08'),
(2434, 4, 1, 5, 17, 0, '2020-04-30 11:21:08'),
(2435, 4, 1, 5, 18, 0, '2020-04-30 11:21:08'),
(2436, 4, 1, 8, 3, 0, '2020-04-30 11:21:08'),
(2437, 4, 1, 8, 4, 0, '2020-04-30 11:21:08'),
(2438, 4, 1, 8, 17, 0, '2020-04-30 11:21:08'),
(2439, 4, 1, 8, 18, 0, '2020-04-30 11:21:08'),
(2440, 4, 1, 9, 3, 0, '2020-04-30 11:21:08'),
(2441, 4, 1, 9, 4, 0, '2020-04-30 11:21:08'),
(2442, 4, 1, 9, 17, 0, '2020-04-30 11:21:08'),
(2443, 4, 1, 9, 18, 0, '2020-04-30 11:21:08'),
(2444, 4, 1, 10, 3, 0, '2020-04-30 11:21:08'),
(2445, 4, 1, 10, 4, 0, '2020-04-30 11:21:08'),
(2446, 4, 1, 10, 17, 0, '2020-04-30 11:21:08'),
(2447, 4, 1, 10, 18, 0, '2020-04-30 11:21:08'),
(2448, 4, 1, 5, 7, 1, '2020-04-30 11:21:17'),
(2449, 4, 1, 5, 7, 2, '2020-04-30 11:21:18'),
(2450, 4, 1, 3, 3, 2, '2020-04-30 11:21:22'),
(2451, 4, 1, 3, 4, 2, '2020-04-30 11:21:22'),
(2452, 4, 1, 3, 7, 2, '2020-04-30 11:21:22'),
(2453, 4, 1, 3, 8, 2, '2020-04-30 11:21:22'),
(2454, 4, 1, 3, 13, 2, '2020-04-30 11:21:22'),
(2455, 4, 1, 3, 14, 2, '2020-04-30 11:21:22'),
(2456, 4, 1, 3, 17, 2, '2020-04-30 11:21:22'),
(2457, 4, 1, 3, 18, 2, '2020-04-30 11:21:22'),
(2458, 4, 1, 4, 3, 2, '2020-04-30 11:21:22'),
(2459, 4, 1, 4, 4, 2, '2020-04-30 11:21:22'),
(2460, 4, 1, 4, 7, 2, '2020-04-30 11:21:22'),
(2461, 4, 1, 4, 8, 2, '2020-04-30 11:21:22'),
(2462, 4, 1, 4, 13, 2, '2020-04-30 11:21:22'),
(2463, 4, 1, 4, 14, 2, '2020-04-30 11:21:22'),
(2464, 4, 1, 4, 17, 2, '2020-04-30 11:21:22'),
(2465, 4, 1, 4, 18, 2, '2020-04-30 11:21:22'),
(2466, 4, 1, 5, 3, 2, '2020-04-30 11:21:22'),
(2467, 4, 1, 5, 4, 2, '2020-04-30 11:21:22'),
(2468, 4, 1, 5, 7, 2, '2020-04-30 11:21:22'),
(2469, 4, 1, 5, 8, 2, '2020-04-30 11:21:22'),
(2470, 4, 1, 5, 13, 2, '2020-04-30 11:21:22'),
(2471, 4, 1, 5, 14, 2, '2020-04-30 11:21:22'),
(2472, 4, 1, 5, 17, 2, '2020-04-30 11:21:22'),
(2473, 4, 1, 5, 18, 2, '2020-04-30 11:21:22'),
(2474, 4, 1, 8, 3, 2, '2020-04-30 11:21:22'),
(2475, 4, 1, 8, 4, 2, '2020-04-30 11:21:22'),
(2476, 4, 1, 8, 17, 2, '2020-04-30 11:21:22'),
(2477, 4, 1, 8, 18, 2, '2020-04-30 11:21:22'),
(2478, 4, 1, 9, 3, 2, '2020-04-30 11:21:22'),
(2479, 4, 1, 9, 4, 2, '2020-04-30 11:21:22'),
(2480, 4, 1, 9, 17, 2, '2020-04-30 11:21:22'),
(2481, 4, 1, 9, 18, 2, '2020-04-30 11:21:22'),
(2482, 4, 1, 10, 3, 2, '2020-04-30 11:21:22'),
(2483, 4, 1, 10, 4, 2, '2020-04-30 11:21:22'),
(2484, 4, 1, 10, 17, 2, '2020-04-30 11:21:22'),
(2485, 4, 1, 10, 18, 2, '2020-04-30 11:21:22'),
(2486, 4, 1, 3, 3, 1, '2020-04-30 11:21:24'),
(2487, 4, 1, 3, 4, 1, '2020-04-30 11:21:24'),
(2488, 4, 1, 3, 7, 1, '2020-04-30 11:21:24'),
(2489, 4, 1, 3, 8, 1, '2020-04-30 11:21:24'),
(2490, 4, 1, 3, 13, 1, '2020-04-30 11:21:24'),
(2491, 4, 1, 3, 14, 1, '2020-04-30 11:21:24'),
(2492, 4, 1, 3, 17, 1, '2020-04-30 11:21:24'),
(2493, 4, 1, 3, 18, 1, '2020-04-30 11:21:24'),
(2494, 4, 1, 4, 3, 1, '2020-04-30 11:21:24'),
(2495, 4, 1, 4, 4, 1, '2020-04-30 11:21:24'),
(2496, 4, 1, 4, 7, 1, '2020-04-30 11:21:24'),
(2497, 4, 1, 4, 8, 1, '2020-04-30 11:21:24'),
(2498, 4, 1, 4, 13, 1, '2020-04-30 11:21:24'),
(2499, 4, 1, 4, 14, 1, '2020-04-30 11:21:24'),
(2500, 4, 1, 4, 17, 1, '2020-04-30 11:21:24'),
(2501, 4, 1, 4, 18, 1, '2020-04-30 11:21:24'),
(2502, 4, 1, 5, 3, 1, '2020-04-30 11:21:24'),
(2503, 4, 1, 5, 4, 1, '2020-04-30 11:21:24'),
(2504, 4, 1, 5, 7, 1, '2020-04-30 11:21:24'),
(2505, 4, 1, 5, 8, 1, '2020-04-30 11:21:24'),
(2506, 4, 1, 5, 13, 1, '2020-04-30 11:21:24'),
(2507, 4, 1, 5, 14, 1, '2020-04-30 11:21:24'),
(2508, 4, 1, 5, 17, 1, '2020-04-30 11:21:24'),
(2509, 4, 1, 5, 18, 1, '2020-04-30 11:21:25'),
(2510, 4, 1, 8, 3, 1, '2020-04-30 11:21:25'),
(2511, 4, 1, 8, 4, 1, '2020-04-30 11:21:25'),
(2512, 4, 1, 8, 17, 1, '2020-04-30 11:21:25'),
(2513, 4, 1, 8, 18, 1, '2020-04-30 11:21:25'),
(2514, 4, 1, 9, 3, 1, '2020-04-30 11:21:25'),
(2515, 4, 1, 9, 4, 1, '2020-04-30 11:21:25'),
(2516, 4, 1, 9, 17, 1, '2020-04-30 11:21:25'),
(2517, 4, 1, 9, 18, 1, '2020-04-30 11:21:25'),
(2518, 4, 1, 10, 3, 1, '2020-04-30 11:21:25'),
(2519, 4, 1, 10, 4, 1, '2020-04-30 11:21:25'),
(2520, 4, 1, 10, 17, 1, '2020-04-30 11:21:25'),
(2521, 4, 1, 10, 18, 1, '2020-04-30 11:21:25'),
(2522, 4, 1, 5, 7, 2, '2020-04-30 11:21:27'),
(2523, 4, 1, 5, 7, 0, '2020-04-30 11:21:28'),
(2524, 4, 1, 4, 7, 2, '2020-04-30 11:21:29'),
(2525, 4, 1, 5, 8, 0, '2020-04-30 11:21:30'),
(2526, 4, 1, 4, 8, 0, '2020-04-30 11:21:31'),
(2527, 4, 1, 5, 7, 1, '2020-04-30 11:21:39'),
(2528, 4, 1, 3, 3, 2, '2020-04-30 11:21:41'),
(2529, 4, 1, 3, 4, 2, '2020-04-30 11:21:41'),
(2530, 4, 1, 3, 7, 2, '2020-04-30 11:21:41'),
(2531, 4, 1, 3, 8, 2, '2020-04-30 11:21:41'),
(2532, 4, 1, 3, 13, 2, '2020-04-30 11:21:41'),
(2533, 4, 1, 3, 14, 2, '2020-04-30 11:21:41'),
(2534, 4, 1, 3, 17, 2, '2020-04-30 11:21:41'),
(2535, 4, 1, 3, 18, 2, '2020-04-30 11:21:41'),
(2536, 4, 1, 4, 3, 2, '2020-04-30 11:21:41'),
(2537, 4, 1, 4, 4, 2, '2020-04-30 11:21:41'),
(2538, 4, 1, 4, 7, 2, '2020-04-30 11:21:41'),
(2539, 4, 1, 4, 8, 2, '2020-04-30 11:21:41'),
(2540, 4, 1, 4, 13, 2, '2020-04-30 11:21:41'),
(2541, 4, 1, 4, 14, 2, '2020-04-30 11:21:41'),
(2542, 4, 1, 4, 17, 2, '2020-04-30 11:21:41'),
(2543, 4, 1, 4, 18, 2, '2020-04-30 11:21:41'),
(2544, 4, 1, 5, 3, 2, '2020-04-30 11:21:41'),
(2545, 4, 1, 5, 4, 2, '2020-04-30 11:21:41'),
(2546, 4, 1, 5, 7, 2, '2020-04-30 11:21:41'),
(2547, 4, 1, 5, 8, 2, '2020-04-30 11:21:41'),
(2548, 4, 1, 5, 13, 2, '2020-04-30 11:21:41'),
(2549, 4, 1, 5, 14, 2, '2020-04-30 11:21:41'),
(2550, 4, 1, 5, 17, 2, '2020-04-30 11:21:41'),
(2551, 4, 1, 5, 18, 2, '2020-04-30 11:21:41'),
(2552, 4, 1, 8, 3, 2, '2020-04-30 11:21:41'),
(2553, 4, 1, 8, 4, 2, '2020-04-30 11:21:41'),
(2554, 4, 1, 8, 17, 2, '2020-04-30 11:21:41'),
(2555, 4, 1, 8, 18, 2, '2020-04-30 11:21:41'),
(2556, 4, 1, 9, 3, 2, '2020-04-30 11:21:41'),
(2557, 4, 1, 9, 4, 2, '2020-04-30 11:21:41'),
(2558, 4, 1, 9, 17, 2, '2020-04-30 11:21:41'),
(2559, 4, 1, 9, 18, 2, '2020-04-30 11:21:41'),
(2560, 4, 1, 10, 3, 2, '2020-04-30 11:21:41'),
(2561, 4, 1, 10, 4, 2, '2020-04-30 11:21:41'),
(2562, 4, 1, 10, 17, 2, '2020-04-30 11:21:41'),
(2563, 4, 1, 10, 18, 2, '2020-04-30 11:21:41'),
(2564, 4, 1, 5, 7, 0, '2020-04-30 11:21:43'),
(2565, 4, 1, 5, 7, 1, '2020-04-30 11:21:44'),
(2566, 4, 1, 3, 3, 1, '2020-04-30 11:21:46'),
(2567, 4, 1, 3, 4, 1, '2020-04-30 11:21:46'),
(2568, 4, 1, 3, 7, 1, '2020-04-30 11:21:46'),
(2569, 4, 1, 3, 8, 1, '2020-04-30 11:21:46'),
(2570, 4, 1, 3, 13, 1, '2020-04-30 11:21:46'),
(2571, 4, 1, 3, 14, 1, '2020-04-30 11:21:46'),
(2572, 4, 1, 3, 17, 1, '2020-04-30 11:21:46'),
(2573, 4, 1, 3, 18, 1, '2020-04-30 11:21:46'),
(2574, 4, 1, 4, 3, 1, '2020-04-30 11:21:46'),
(2575, 4, 1, 4, 4, 1, '2020-04-30 11:21:46'),
(2576, 4, 1, 4, 7, 1, '2020-04-30 11:21:46'),
(2577, 4, 1, 4, 8, 1, '2020-04-30 11:21:46'),
(2578, 4, 1, 4, 13, 1, '2020-04-30 11:21:46'),
(2579, 4, 1, 4, 14, 1, '2020-04-30 11:21:46'),
(2580, 4, 1, 4, 17, 1, '2020-04-30 11:21:46'),
(2581, 4, 1, 4, 18, 1, '2020-04-30 11:21:46'),
(2582, 4, 1, 5, 3, 1, '2020-04-30 11:21:46'),
(2583, 4, 1, 5, 4, 1, '2020-04-30 11:21:46'),
(2584, 4, 1, 5, 7, 1, '2020-04-30 11:21:46'),
(2585, 4, 1, 5, 8, 1, '2020-04-30 11:21:46'),
(2586, 4, 1, 5, 13, 1, '2020-04-30 11:21:46'),
(2587, 4, 1, 5, 14, 1, '2020-04-30 11:21:46'),
(2588, 4, 1, 5, 17, 1, '2020-04-30 11:21:46'),
(2589, 4, 1, 5, 18, 1, '2020-04-30 11:21:46'),
(2590, 4, 1, 8, 3, 1, '2020-04-30 11:21:46'),
(2591, 4, 1, 8, 4, 1, '2020-04-30 11:21:46'),
(2592, 4, 1, 8, 17, 1, '2020-04-30 11:21:46'),
(2593, 4, 1, 8, 18, 1, '2020-04-30 11:21:46'),
(2594, 4, 1, 9, 3, 1, '2020-04-30 11:21:46'),
(2595, 4, 1, 9, 4, 1, '2020-04-30 11:21:46'),
(2596, 4, 1, 9, 17, 1, '2020-04-30 11:21:46'),
(2597, 4, 1, 9, 18, 1, '2020-04-30 11:21:46'),
(2598, 4, 1, 10, 3, 1, '2020-04-30 11:21:46'),
(2599, 4, 1, 10, 4, 1, '2020-04-30 11:21:46'),
(2600, 4, 1, 10, 17, 1, '2020-04-30 11:21:46'),
(2601, 4, 1, 10, 18, 1, '2020-04-30 11:21:46'),
(2602, 4, 1, 3, 3, 0, '2020-04-30 11:25:11'),
(2603, 4, 1, 3, 4, 0, '2020-04-30 11:25:11'),
(2604, 4, 1, 3, 7, 0, '2020-04-30 11:25:11'),
(2605, 4, 1, 3, 8, 0, '2020-04-30 11:25:11'),
(2606, 4, 1, 3, 13, 0, '2020-04-30 11:25:11'),
(2607, 4, 1, 3, 14, 0, '2020-04-30 11:25:11'),
(2608, 4, 1, 3, 17, 0, '2020-04-30 11:25:11'),
(2609, 4, 1, 3, 18, 0, '2020-04-30 11:25:11'),
(2610, 4, 1, 4, 3, 0, '2020-04-30 11:25:11'),
(2611, 4, 1, 4, 4, 0, '2020-04-30 11:25:11'),
(2612, 4, 1, 4, 7, 0, '2020-04-30 11:25:11'),
(2613, 4, 1, 4, 8, 0, '2020-04-30 11:25:11'),
(2614, 4, 1, 4, 13, 0, '2020-04-30 11:25:11'),
(2615, 4, 1, 4, 14, 0, '2020-04-30 11:25:11'),
(2616, 4, 1, 4, 17, 0, '2020-04-30 11:25:11'),
(2617, 4, 1, 4, 18, 0, '2020-04-30 11:25:11'),
(2618, 4, 1, 5, 3, 0, '2020-04-30 11:25:11'),
(2619, 4, 1, 5, 4, 0, '2020-04-30 11:25:11'),
(2620, 4, 1, 5, 7, 0, '2020-04-30 11:25:11'),
(2621, 4, 1, 5, 8, 0, '2020-04-30 11:25:11'),
(2622, 4, 1, 5, 13, 0, '2020-04-30 11:25:11'),
(2623, 4, 1, 5, 14, 0, '2020-04-30 11:25:11'),
(2624, 4, 1, 5, 17, 0, '2020-04-30 11:25:11'),
(2625, 4, 1, 5, 18, 0, '2020-04-30 11:25:11'),
(2626, 4, 1, 8, 3, 0, '2020-04-30 11:25:11'),
(2627, 4, 1, 8, 4, 0, '2020-04-30 11:25:11'),
(2628, 4, 1, 8, 17, 0, '2020-04-30 11:25:11'),
(2629, 4, 1, 8, 18, 0, '2020-04-30 11:25:11'),
(2630, 4, 1, 9, 3, 0, '2020-04-30 11:25:11'),
(2631, 4, 1, 9, 4, 0, '2020-04-30 11:25:11'),
(2632, 4, 1, 9, 17, 0, '2020-04-30 11:25:11'),
(2633, 4, 1, 9, 18, 0, '2020-04-30 11:25:11'),
(2634, 4, 1, 10, 3, 0, '2020-04-30 11:25:11'),
(2635, 4, 1, 10, 4, 0, '2020-04-30 11:25:11'),
(2636, 4, 1, 10, 17, 0, '2020-04-30 11:25:11'),
(2637, 4, 1, 10, 18, 0, '2020-04-30 11:25:11'),
(2638, 4, 1, 3, 3, 2, '2020-04-30 11:25:12'),
(2639, 4, 1, 3, 4, 2, '2020-04-30 11:25:12'),
(2640, 4, 1, 3, 7, 2, '2020-04-30 11:25:12'),
(2641, 4, 1, 3, 8, 2, '2020-04-30 11:25:12'),
(2642, 4, 1, 3, 13, 2, '2020-04-30 11:25:12'),
(2643, 4, 1, 3, 14, 2, '2020-04-30 11:25:12'),
(2644, 4, 1, 3, 17, 2, '2020-04-30 11:25:12'),
(2645, 4, 1, 3, 18, 2, '2020-04-30 11:25:12'),
(2646, 4, 1, 4, 3, 2, '2020-04-30 11:25:12'),
(2647, 4, 1, 4, 4, 2, '2020-04-30 11:25:12'),
(2648, 4, 1, 4, 7, 2, '2020-04-30 11:25:12'),
(2649, 4, 1, 4, 8, 2, '2020-04-30 11:25:12'),
(2650, 4, 1, 4, 13, 2, '2020-04-30 11:25:12'),
(2651, 4, 1, 4, 14, 2, '2020-04-30 11:25:12'),
(2652, 4, 1, 4, 17, 2, '2020-04-30 11:25:12'),
(2653, 4, 1, 4, 18, 2, '2020-04-30 11:25:12'),
(2654, 4, 1, 5, 3, 2, '2020-04-30 11:25:12'),
(2655, 4, 1, 5, 4, 2, '2020-04-30 11:25:12'),
(2656, 4, 1, 5, 7, 2, '2020-04-30 11:25:12'),
(2657, 4, 1, 5, 8, 2, '2020-04-30 11:25:12'),
(2658, 4, 1, 5, 13, 2, '2020-04-30 11:25:12'),
(2659, 4, 1, 5, 14, 2, '2020-04-30 11:25:12'),
(2660, 4, 1, 5, 17, 2, '2020-04-30 11:25:12'),
(2661, 4, 1, 5, 18, 2, '2020-04-30 11:25:12'),
(2662, 4, 1, 8, 3, 2, '2020-04-30 11:25:12'),
(2663, 4, 1, 8, 4, 2, '2020-04-30 11:25:12'),
(2664, 4, 1, 8, 17, 2, '2020-04-30 11:25:12'),
(2665, 4, 1, 8, 18, 2, '2020-04-30 11:25:12'),
(2666, 4, 1, 9, 3, 2, '2020-04-30 11:25:12'),
(2667, 4, 1, 9, 4, 2, '2020-04-30 11:25:12'),
(2668, 4, 1, 9, 17, 2, '2020-04-30 11:25:12'),
(2669, 4, 1, 9, 18, 2, '2020-04-30 11:25:12'),
(2670, 4, 1, 10, 3, 2, '2020-04-30 11:25:12'),
(2671, 4, 1, 10, 4, 2, '2020-04-30 11:25:12'),
(2672, 4, 1, 10, 17, 2, '2020-04-30 11:25:12'),
(2673, 4, 1, 10, 18, 2, '2020-04-30 11:25:12'),
(2674, 4, 1, 3, 3, 0, '2020-04-30 11:25:16'),
(2675, 4, 1, 3, 4, 0, '2020-04-30 11:25:16'),
(2676, 4, 1, 3, 7, 0, '2020-04-30 11:25:16'),
(2677, 4, 1, 3, 8, 0, '2020-04-30 11:25:16'),
(2678, 4, 1, 3, 13, 0, '2020-04-30 11:25:16'),
(2679, 4, 1, 3, 14, 0, '2020-04-30 11:25:16'),
(2680, 4, 1, 3, 17, 0, '2020-04-30 11:25:16'),
(2681, 4, 1, 3, 18, 0, '2020-04-30 11:25:16'),
(2682, 4, 1, 4, 3, 0, '2020-04-30 11:25:16'),
(2683, 4, 1, 4, 4, 0, '2020-04-30 11:25:16'),
(2684, 4, 1, 4, 7, 0, '2020-04-30 11:25:16'),
(2685, 4, 1, 4, 8, 0, '2020-04-30 11:25:16'),
(2686, 4, 1, 4, 13, 0, '2020-04-30 11:25:16'),
(2687, 4, 1, 4, 14, 0, '2020-04-30 11:25:16'),
(2688, 4, 1, 4, 17, 0, '2020-04-30 11:25:16'),
(2689, 4, 1, 4, 18, 0, '2020-04-30 11:25:16'),
(2690, 4, 1, 5, 3, 0, '2020-04-30 11:25:16'),
(2691, 4, 1, 5, 4, 0, '2020-04-30 11:25:16'),
(2692, 4, 1, 5, 7, 0, '2020-04-30 11:25:16'),
(2693, 4, 1, 5, 8, 0, '2020-04-30 11:25:16'),
(2694, 4, 1, 5, 13, 0, '2020-04-30 11:25:16'),
(2695, 4, 1, 5, 14, 0, '2020-04-30 11:25:16'),
(2696, 4, 1, 5, 17, 0, '2020-04-30 11:25:16'),
(2697, 4, 1, 5, 18, 0, '2020-04-30 11:25:16'),
(2698, 4, 1, 8, 3, 0, '2020-04-30 11:25:16'),
(2699, 4, 1, 8, 4, 0, '2020-04-30 11:25:16'),
(2700, 4, 1, 8, 17, 0, '2020-04-30 11:25:16'),
(2701, 4, 1, 8, 18, 0, '2020-04-30 11:25:16'),
(2702, 4, 1, 9, 3, 0, '2020-04-30 11:25:16'),
(2703, 4, 1, 9, 4, 0, '2020-04-30 11:25:16'),
(2704, 4, 1, 9, 17, 0, '2020-04-30 11:25:16'),
(2705, 4, 1, 9, 18, 0, '2020-04-30 11:25:16'),
(2706, 4, 1, 10, 3, 0, '2020-04-30 11:25:16'),
(2707, 4, 1, 10, 4, 0, '2020-04-30 11:25:16'),
(2708, 4, 1, 10, 17, 0, '2020-04-30 11:25:16'),
(2709, 4, 1, 10, 18, 0, '2020-04-30 11:25:16'),
(2710, 4, 1, 3, 3, 1, '2020-04-30 11:25:19'),
(2711, 4, 1, 3, 3, 2, '2020-04-30 11:25:19'),
(2712, 4, 1, 3, 3, 0, '2020-04-30 11:28:04'),
(2713, 4, 1, 3, 3, 1, '2020-04-30 11:28:04'),
(2714, 4, 1, 3, 3, 2, '2020-04-30 11:28:05'),
(2715, 9, 1, 4, 5, 2, '2020-04-30 11:41:29'),
(2716, 9, 1, 4, 5, 0, '2020-04-30 11:41:30'),
(2717, 9, 1, 4, 5, 1, '2020-04-30 11:41:30'),
(2718, 9, 1, 4, 5, 2, '2020-04-30 11:41:31'),
(2719, 9, 1, 8, 16, 2, '2020-04-30 11:41:33'),
(2720, 9, 1, 8, 17, 2, '2020-04-30 11:41:34'),
(2721, 9, 1, 8, 14, 2, '2020-04-30 11:41:35'),
(2722, 9, 1, 9, 11, 0, '2020-04-30 11:41:40'),
(2723, 9, 1, 8, 14, 0, '2020-04-30 11:41:40'),
(2724, 9, 1, 8, 16, 0, '2020-04-30 11:41:42'),
(2725, 9, 1, 8, 17, 1, '2020-04-30 11:41:43'),
(2726, 9, 1, 9, 17, 2, '2020-04-30 11:41:44'),
(2727, 9, 1, 8, 17, 0, '2020-04-30 11:41:45'),
(2728, 9, 1, 4, 4, 1, '2020-04-30 11:42:42'),
(2729, 9, 1, 4, 4, 2, '2020-04-30 11:42:43'),
(2730, 9, 1, 4, 4, 0, '2020-04-30 11:42:44'),
(2731, 9, 1, 4, 5, 0, '2020-04-30 11:42:44'),
(2732, 9, 1, 5, 5, 2, '2020-04-30 11:42:45'),
(2733, 9, 1, 5, 5, 0, '2020-04-30 11:42:45'),
(2734, 9, 1, 9, 4, 0, '2020-04-30 11:42:46'),
(2735, 9, 1, 8, 4, 0, '2020-04-30 11:42:48'),
(2736, 9, 1, 9, 5, 0, '2020-04-30 11:42:49'),
(2737, 9, 1, 8, 5, 0, '2020-04-30 11:42:54'),
(2738, 10, 1, 4, 6, 2, '2020-04-30 14:01:55'),
(2739, 10, 1, 5, 6, 2, '2020-04-30 14:01:56'),
(2740, 10, 1, 4, 4, 2, '2020-04-30 14:01:58'),
(2741, 10, 1, 5, 4, 2, '2020-04-30 14:01:59'),
(2742, 10, 1, 10, 16, 2, '2020-04-30 14:02:01'),
(2743, 10, 1, 11, 16, 2, '2020-04-30 14:02:01'),
(2744, 10, 1, 11, 18, 2, '2020-04-30 14:02:02'),
(2745, 10, 1, 3, 5, 0, '2020-04-30 14:02:18'),
(2746, 10, 1, 3, 17, 0, '2020-04-30 14:02:18'),
(2747, 10, 1, 4, 4, 0, '2020-04-30 14:02:18'),
(2748, 10, 1, 4, 6, 0, '2020-04-30 14:02:18'),
(2749, 10, 1, 4, 16, 0, '2020-04-30 14:02:18'),
(2750, 10, 1, 4, 18, 0, '2020-04-30 14:02:18'),
(2751, 10, 1, 5, 4, 0, '2020-04-30 14:02:18'),
(2752, 10, 1, 5, 6, 0, '2020-04-30 14:02:18'),
(2753, 10, 1, 5, 16, 0, '2020-04-30 14:02:18'),
(2754, 10, 1, 5, 18, 0, '2020-04-30 14:02:18'),
(2755, 10, 1, 6, 5, 0, '2020-04-30 14:02:18'),
(2756, 10, 1, 6, 17, 0, '2020-04-30 14:02:18'),
(2757, 10, 1, 9, 5, 0, '2020-04-30 14:02:18'),
(2758, 10, 1, 9, 17, 0, '2020-04-30 14:02:18'),
(2759, 10, 1, 10, 4, 0, '2020-04-30 14:02:18'),
(2760, 10, 1, 10, 6, 0, '2020-04-30 14:02:18'),
(2761, 10, 1, 10, 16, 0, '2020-04-30 14:02:18'),
(2762, 10, 1, 10, 18, 0, '2020-04-30 14:02:18'),
(2763, 10, 1, 11, 4, 0, '2020-04-30 14:02:18'),
(2764, 10, 1, 11, 6, 0, '2020-04-30 14:02:18'),
(2765, 10, 1, 11, 16, 0, '2020-04-30 14:02:18'),
(2766, 10, 1, 11, 18, 0, '2020-04-30 14:02:18'),
(2767, 10, 1, 12, 5, 0, '2020-04-30 14:02:18'),
(2768, 10, 1, 12, 17, 0, '2020-04-30 14:02:18'),
(2769, 10, 1, 15, 5, 0, '2020-04-30 14:02:18'),
(2770, 10, 1, 15, 17, 0, '2020-04-30 14:02:18'),
(2771, 10, 1, 16, 4, 0, '2020-04-30 14:02:18'),
(2772, 10, 1, 16, 6, 0, '2020-04-30 14:02:18'),
(2773, 10, 1, 16, 16, 0, '2020-04-30 14:02:18'),
(2774, 10, 1, 16, 18, 0, '2020-04-30 14:02:18'),
(2775, 10, 1, 17, 4, 0, '2020-04-30 14:02:18'),
(2776, 10, 1, 17, 6, 0, '2020-04-30 14:02:18'),
(2777, 10, 1, 17, 16, 0, '2020-04-30 14:02:18'),
(2778, 10, 1, 17, 18, 0, '2020-04-30 14:02:18'),
(2779, 10, 1, 18, 5, 0, '2020-04-30 14:02:18'),
(2780, 10, 1, 18, 17, 0, '2020-04-30 14:02:18'),
(2781, 10, 1, 3, 5, 1, '2020-04-30 14:02:21'),
(2782, 10, 1, 3, 17, 1, '2020-04-30 14:02:21'),
(2783, 10, 1, 4, 4, 1, '2020-04-30 14:02:21'),
(2784, 10, 1, 4, 6, 1, '2020-04-30 14:02:21'),
(2785, 10, 1, 4, 16, 1, '2020-04-30 14:02:21'),
(2786, 10, 1, 4, 18, 1, '2020-04-30 14:02:21'),
(2787, 10, 1, 5, 4, 1, '2020-04-30 14:02:21'),
(2788, 10, 1, 5, 6, 1, '2020-04-30 14:02:21'),
(2789, 10, 1, 5, 16, 1, '2020-04-30 14:02:21'),
(2790, 10, 1, 5, 18, 1, '2020-04-30 14:02:21'),
(2791, 10, 1, 6, 5, 1, '2020-04-30 14:02:21'),
(2792, 10, 1, 6, 17, 1, '2020-04-30 14:02:21'),
(2793, 10, 1, 9, 5, 1, '2020-04-30 14:02:21'),
(2794, 10, 1, 9, 17, 1, '2020-04-30 14:02:21'),
(2795, 10, 1, 10, 4, 1, '2020-04-30 14:02:21'),
(2796, 10, 1, 10, 6, 1, '2020-04-30 14:02:21'),
(2797, 10, 1, 10, 16, 1, '2020-04-30 14:02:21'),
(2798, 10, 1, 10, 18, 1, '2020-04-30 14:02:21'),
(2799, 10, 1, 11, 4, 1, '2020-04-30 14:02:21'),
(2800, 10, 1, 11, 6, 1, '2020-04-30 14:02:21'),
(2801, 10, 1, 11, 16, 1, '2020-04-30 14:02:21'),
(2802, 10, 1, 11, 18, 1, '2020-04-30 14:02:21'),
(2803, 10, 1, 12, 5, 1, '2020-04-30 14:02:21'),
(2804, 10, 1, 12, 17, 1, '2020-04-30 14:02:21'),
(2805, 10, 1, 15, 5, 1, '2020-04-30 14:02:21'),
(2806, 10, 1, 15, 17, 1, '2020-04-30 14:02:21'),
(2807, 10, 1, 16, 4, 1, '2020-04-30 14:02:21'),
(2808, 10, 1, 16, 6, 1, '2020-04-30 14:02:21'),
(2809, 10, 1, 16, 16, 1, '2020-04-30 14:02:21'),
(2810, 10, 1, 16, 18, 1, '2020-04-30 14:02:21'),
(2811, 10, 1, 17, 4, 1, '2020-04-30 14:02:21'),
(2812, 10, 1, 17, 6, 1, '2020-04-30 14:02:21'),
(2813, 10, 1, 17, 16, 1, '2020-04-30 14:02:21'),
(2814, 10, 1, 17, 18, 1, '2020-04-30 14:02:21'),
(2815, 10, 1, 18, 5, 1, '2020-04-30 14:02:21'),
(2816, 10, 1, 18, 17, 1, '2020-04-30 14:02:21'),
(2817, 10, 1, 3, 5, 2, '2020-04-30 14:02:23'),
(2818, 10, 1, 3, 17, 2, '2020-04-30 14:02:23'),
(2819, 10, 1, 4, 4, 2, '2020-04-30 14:02:23'),
(2820, 10, 1, 4, 6, 2, '2020-04-30 14:02:23'),
(2821, 10, 1, 4, 16, 2, '2020-04-30 14:02:23'),
(2822, 10, 1, 4, 18, 2, '2020-04-30 14:02:23'),
(2823, 10, 1, 5, 4, 2, '2020-04-30 14:02:23'),
(2824, 10, 1, 5, 6, 2, '2020-04-30 14:02:23'),
(2825, 10, 1, 5, 16, 2, '2020-04-30 14:02:23'),
(2826, 10, 1, 5, 18, 2, '2020-04-30 14:02:23'),
(2827, 10, 1, 6, 5, 2, '2020-04-30 14:02:23'),
(2828, 10, 1, 6, 17, 2, '2020-04-30 14:02:23'),
(2829, 10, 1, 9, 5, 2, '2020-04-30 14:02:23'),
(2830, 10, 1, 9, 17, 2, '2020-04-30 14:02:23'),
(2831, 10, 1, 10, 4, 2, '2020-04-30 14:02:23'),
(2832, 10, 1, 10, 6, 2, '2020-04-30 14:02:23'),
(2833, 10, 1, 10, 16, 2, '2020-04-30 14:02:23'),
(2834, 10, 1, 10, 18, 2, '2020-04-30 14:02:23'),
(2835, 10, 1, 11, 4, 2, '2020-04-30 14:02:23'),
(2836, 10, 1, 11, 6, 2, '2020-04-30 14:02:23'),
(2837, 10, 1, 11, 16, 2, '2020-04-30 14:02:23'),
(2838, 10, 1, 11, 18, 2, '2020-04-30 14:02:23'),
(2839, 10, 1, 12, 5, 2, '2020-04-30 14:02:23'),
(2840, 10, 1, 12, 17, 2, '2020-04-30 14:02:23'),
(2841, 10, 1, 15, 5, 2, '2020-04-30 14:02:23'),
(2842, 10, 1, 15, 17, 2, '2020-04-30 14:02:23'),
(2843, 10, 1, 16, 4, 2, '2020-04-30 14:02:23'),
(2844, 10, 1, 16, 6, 2, '2020-04-30 14:02:23'),
(2845, 10, 1, 16, 16, 2, '2020-04-30 14:02:23'),
(2846, 10, 1, 16, 18, 2, '2020-04-30 14:02:23'),
(2847, 10, 1, 17, 4, 2, '2020-04-30 14:02:23'),
(2848, 10, 1, 17, 6, 2, '2020-04-30 14:02:23'),
(2849, 10, 1, 17, 16, 2, '2020-04-30 14:02:23'),
(2850, 10, 1, 17, 18, 2, '2020-04-30 14:02:23'),
(2851, 10, 1, 18, 5, 2, '2020-04-30 14:02:23'),
(2852, 10, 1, 18, 17, 2, '2020-04-30 14:02:23'),
(2853, 10, 1, 18, 5, 0, '2020-04-30 14:02:27'),
(2854, 10, 1, 17, 6, 0, '2020-04-30 14:02:28'),
(2855, 10, 1, 17, 4, 0, '2020-04-30 14:02:29'),
(2856, 10, 1, 16, 6, 0, '2020-04-30 14:02:29'),
(2857, 10, 1, 3, 5, 1, '2020-04-30 14:02:30'),
(2858, 10, 1, 3, 17, 1, '2020-04-30 14:02:30'),
(2859, 10, 1, 4, 4, 1, '2020-04-30 14:02:30'),
(2860, 10, 1, 4, 6, 1, '2020-04-30 14:02:30'),
(2861, 10, 1, 4, 16, 1, '2020-04-30 14:02:30'),
(2862, 10, 1, 4, 18, 1, '2020-04-30 14:02:30'),
(2863, 10, 1, 5, 4, 1, '2020-04-30 14:02:30'),
(2864, 10, 1, 5, 6, 1, '2020-04-30 14:02:30'),
(2865, 10, 1, 5, 16, 1, '2020-04-30 14:02:30'),
(2866, 10, 1, 5, 18, 1, '2020-04-30 14:02:30'),
(2867, 10, 1, 6, 5, 1, '2020-04-30 14:02:30'),
(2868, 10, 1, 6, 17, 1, '2020-04-30 14:02:30'),
(2869, 10, 1, 9, 5, 1, '2020-04-30 14:02:30'),
(2870, 10, 1, 9, 17, 1, '2020-04-30 14:02:30'),
(2871, 10, 1, 10, 4, 1, '2020-04-30 14:02:30'),
(2872, 10, 1, 10, 6, 1, '2020-04-30 14:02:30'),
(2873, 10, 1, 10, 16, 1, '2020-04-30 14:02:30'),
(2874, 10, 1, 10, 18, 1, '2020-04-30 14:02:30'),
(2875, 10, 1, 11, 4, 1, '2020-04-30 14:02:30'),
(2876, 10, 1, 11, 6, 1, '2020-04-30 14:02:30'),
(2877, 10, 1, 11, 16, 1, '2020-04-30 14:02:30'),
(2878, 10, 1, 11, 18, 1, '2020-04-30 14:02:30'),
(2879, 10, 1, 12, 5, 1, '2020-04-30 14:02:30'),
(2880, 10, 1, 12, 17, 1, '2020-04-30 14:02:30'),
(2881, 10, 1, 15, 5, 1, '2020-04-30 14:02:30'),
(2882, 10, 1, 15, 17, 1, '2020-04-30 14:02:30'),
(2883, 10, 1, 16, 4, 1, '2020-04-30 14:02:30'),
(2884, 10, 1, 16, 6, 1, '2020-04-30 14:02:30'),
(2885, 10, 1, 16, 16, 1, '2020-04-30 14:02:30'),
(2886, 10, 1, 16, 18, 1, '2020-04-30 14:02:30'),
(2887, 10, 1, 17, 4, 1, '2020-04-30 14:02:30'),
(2888, 10, 1, 17, 6, 1, '2020-04-30 14:02:30'),
(2889, 10, 1, 17, 16, 1, '2020-04-30 14:02:30'),
(2890, 10, 1, 17, 18, 1, '2020-04-30 14:02:30'),
(2891, 10, 1, 18, 5, 1, '2020-04-30 14:02:30'),
(2892, 10, 1, 18, 17, 1, '2020-04-30 14:02:30'),
(2893, 10, 1, 18, 5, 2, '2020-04-30 14:02:32'),
(2894, 10, 1, 17, 6, 2, '2020-04-30 14:02:33'),
(2895, 10, 1, 16, 6, 2, '2020-04-30 14:02:34'),
(2896, 3, 1, 3, 3, 0, '2020-04-30 16:04:29'),
(2897, 3, 1, 3, 4, 0, '2020-04-30 16:04:29'),
(2898, 3, 1, 3, 10, 0, '2020-04-30 16:04:29'),
(2899, 3, 1, 3, 11, 0, '2020-04-30 16:04:29'),
(2900, 3, 1, 3, 17, 0, '2020-04-30 16:04:29'),
(2901, 3, 1, 3, 18, 0, '2020-04-30 16:04:29'),
(2902, 3, 1, 4, 3, 0, '2020-04-30 16:04:29'),
(2903, 3, 1, 4, 4, 0, '2020-04-30 16:04:29'),
(2904, 3, 1, 4, 10, 0, '2020-04-30 16:04:29'),
(2905, 3, 1, 4, 11, 0, '2020-04-30 16:04:29'),
(2906, 3, 1, 4, 17, 0, '2020-04-30 16:04:29'),
(2907, 3, 1, 4, 18, 0, '2020-04-30 16:04:29'),
(2908, 3, 1, 5, 3, 0, '2020-04-30 16:04:29'),
(2909, 3, 1, 5, 4, 0, '2020-04-30 16:04:29'),
(2910, 3, 1, 5, 17, 0, '2020-04-30 16:04:29'),
(2911, 3, 1, 5, 18, 0, '2020-04-30 16:04:29'),
(2912, 3, 1, 9, 3, 0, '2020-04-30 16:04:29'),
(2913, 3, 1, 9, 4, 0, '2020-04-30 16:04:29'),
(2914, 3, 1, 9, 17, 0, '2020-04-30 16:04:29'),
(2915, 3, 1, 9, 18, 0, '2020-04-30 16:04:29'),
(2916, 3, 1, 10, 3, 0, '2020-04-30 16:04:29'),
(2917, 3, 1, 10, 4, 0, '2020-04-30 16:04:29'),
(2918, 3, 1, 10, 17, 0, '2020-04-30 16:04:29'),
(2919, 3, 1, 10, 18, 0, '2020-04-30 16:04:29'),
(2920, 3, 1, 11, 3, 0, '2020-04-30 16:04:29'),
(2921, 3, 1, 11, 4, 0, '2020-04-30 16:04:29'),
(2922, 3, 1, 11, 17, 0, '2020-04-30 16:04:29'),
(2923, 3, 1, 11, 18, 0, '2020-04-30 16:04:29'),
(2924, 3, 1, 14, 3, 0, '2020-04-30 16:04:29'),
(2925, 3, 1, 14, 4, 0, '2020-04-30 16:04:29'),
(2926, 3, 1, 14, 17, 0, '2020-04-30 16:04:29'),
(2927, 3, 1, 14, 18, 0, '2020-04-30 16:04:29'),
(2928, 3, 1, 15, 3, 0, '2020-04-30 16:04:29'),
(2929, 3, 1, 15, 4, 0, '2020-04-30 16:04:29'),
(2930, 3, 1, 15, 17, 0, '2020-04-30 16:04:29'),
(2931, 3, 1, 15, 18, 0, '2020-04-30 16:04:29'),
(2932, 3, 1, 16, 3, 0, '2020-04-30 16:04:29'),
(2933, 3, 1, 16, 4, 0, '2020-04-30 16:04:29'),
(2934, 3, 1, 16, 17, 0, '2020-04-30 16:04:29'),
(2935, 3, 1, 16, 18, 0, '2020-04-30 16:04:29'),
(2936, 3, 1, 19, 4, 0, '2020-04-30 16:04:29'),
(2937, 3, 1, 19, 17, 0, '2020-04-30 16:04:29'),
(2938, 3, 1, 20, 3, 0, '2020-04-30 16:04:29'),
(2939, 3, 1, 20, 5, 0, '2020-04-30 16:04:29'),
(2940, 3, 1, 20, 16, 0, '2020-04-30 16:04:29'),
(2941, 3, 1, 20, 18, 0, '2020-04-30 16:04:29'),
(2942, 3, 1, 21, 4, 0, '2020-04-30 16:04:29'),
(2943, 3, 1, 21, 17, 0, '2020-04-30 16:04:29'),
(2944, 3, 1, 3, 3, 0, '2020-04-30 16:04:37'),
(2945, 3, 1, 3, 4, 0, '2020-04-30 16:04:37'),
(2946, 3, 1, 3, 10, 0, '2020-04-30 16:04:37'),
(2947, 3, 1, 3, 11, 0, '2020-04-30 16:04:37'),
(2948, 3, 1, 3, 17, 0, '2020-04-30 16:04:37'),
(2949, 3, 1, 3, 18, 0, '2020-04-30 16:04:37'),
(2950, 3, 1, 4, 3, 0, '2020-04-30 16:04:37'),
(2951, 3, 1, 4, 4, 0, '2020-04-30 16:04:37'),
(2952, 3, 1, 4, 10, 0, '2020-04-30 16:04:37'),
(2953, 3, 1, 4, 11, 0, '2020-04-30 16:04:37'),
(2954, 3, 1, 4, 17, 0, '2020-04-30 16:04:37'),
(2955, 3, 1, 4, 18, 0, '2020-04-30 16:04:37'),
(2956, 3, 1, 5, 3, 0, '2020-04-30 16:04:37'),
(2957, 3, 1, 5, 4, 0, '2020-04-30 16:04:37'),
(2958, 3, 1, 5, 17, 0, '2020-04-30 16:04:37'),
(2959, 3, 1, 5, 18, 0, '2020-04-30 16:04:37'),
(2960, 3, 1, 9, 3, 0, '2020-04-30 16:04:37'),
(2961, 3, 1, 9, 4, 0, '2020-04-30 16:04:37'),
(2962, 3, 1, 9, 17, 0, '2020-04-30 16:04:37'),
(2963, 3, 1, 9, 18, 0, '2020-04-30 16:04:37'),
(2964, 3, 1, 10, 3, 0, '2020-04-30 16:04:37'),
(2965, 3, 1, 10, 4, 0, '2020-04-30 16:04:37'),
(2966, 3, 1, 10, 17, 0, '2020-04-30 16:04:37'),
(2967, 3, 1, 10, 18, 0, '2020-04-30 16:04:37'),
(2968, 3, 1, 11, 3, 0, '2020-04-30 16:04:37'),
(2969, 3, 1, 11, 4, 0, '2020-04-30 16:04:37'),
(2970, 3, 1, 11, 17, 0, '2020-04-30 16:04:37'),
(2971, 3, 1, 11, 18, 0, '2020-04-30 16:04:37'),
(2972, 3, 1, 14, 3, 0, '2020-04-30 16:04:37'),
(2973, 3, 1, 14, 4, 0, '2020-04-30 16:04:37'),
(2974, 3, 1, 14, 17, 0, '2020-04-30 16:04:37'),
(2975, 3, 1, 14, 18, 0, '2020-04-30 16:04:37'),
(2976, 3, 1, 15, 3, 0, '2020-04-30 16:04:37'),
(2977, 3, 1, 15, 4, 0, '2020-04-30 16:04:37'),
(2978, 3, 1, 15, 17, 0, '2020-04-30 16:04:37'),
(2979, 3, 1, 15, 18, 0, '2020-04-30 16:04:37'),
(2980, 3, 1, 16, 3, 0, '2020-04-30 16:04:37'),
(2981, 3, 1, 16, 4, 0, '2020-04-30 16:04:37'),
(2982, 3, 1, 16, 17, 0, '2020-04-30 16:04:37'),
(2983, 3, 1, 16, 18, 0, '2020-04-30 16:04:37'),
(2984, 3, 1, 19, 4, 0, '2020-04-30 16:04:37'),
(2985, 3, 1, 19, 17, 0, '2020-04-30 16:04:37'),
(2986, 3, 1, 20, 3, 0, '2020-04-30 16:04:37'),
(2987, 3, 1, 20, 5, 0, '2020-04-30 16:04:37'),
(2988, 3, 1, 20, 16, 0, '2020-04-30 16:04:37'),
(2989, 3, 1, 20, 18, 0, '2020-04-30 16:04:37'),
(2990, 3, 1, 21, 4, 0, '2020-04-30 16:04:37'),
(2991, 3, 1, 21, 17, 0, '2020-04-30 16:04:37'),
(2992, 3, 1, 3, 3, 1, '2020-04-30 16:04:38'),
(2993, 3, 1, 3, 4, 1, '2020-04-30 16:04:38'),
(2994, 3, 1, 3, 10, 1, '2020-04-30 16:04:38'),
(2995, 3, 1, 3, 11, 1, '2020-04-30 16:04:38'),
(2996, 3, 1, 3, 17, 1, '2020-04-30 16:04:38'),
(2997, 3, 1, 3, 18, 1, '2020-04-30 16:04:38'),
(2998, 3, 1, 4, 3, 1, '2020-04-30 16:04:38'),
(2999, 3, 1, 4, 4, 1, '2020-04-30 16:04:38'),
(3000, 3, 1, 4, 10, 1, '2020-04-30 16:04:38'),
(3001, 3, 1, 4, 11, 1, '2020-04-30 16:04:38'),
(3002, 3, 1, 4, 17, 1, '2020-04-30 16:04:38'),
(3003, 3, 1, 4, 18, 1, '2020-04-30 16:04:38'),
(3004, 3, 1, 5, 3, 1, '2020-04-30 16:04:38'),
(3005, 3, 1, 5, 4, 1, '2020-04-30 16:04:38'),
(3006, 3, 1, 5, 17, 1, '2020-04-30 16:04:38'),
(3007, 3, 1, 5, 18, 1, '2020-04-30 16:04:38'),
(3008, 3, 1, 9, 3, 1, '2020-04-30 16:04:38'),
(3009, 3, 1, 9, 4, 1, '2020-04-30 16:04:38'),
(3010, 3, 1, 9, 17, 1, '2020-04-30 16:04:38'),
(3011, 3, 1, 9, 18, 1, '2020-04-30 16:04:38'),
(3012, 3, 1, 10, 3, 1, '2020-04-30 16:04:38'),
(3013, 3, 1, 10, 4, 1, '2020-04-30 16:04:38'),
(3014, 3, 1, 10, 17, 1, '2020-04-30 16:04:38'),
(3015, 3, 1, 10, 18, 1, '2020-04-30 16:04:38'),
(3016, 3, 1, 11, 3, 1, '2020-04-30 16:04:38'),
(3017, 3, 1, 11, 4, 1, '2020-04-30 16:04:38'),
(3018, 3, 1, 11, 17, 1, '2020-04-30 16:04:38'),
(3019, 3, 1, 11, 18, 1, '2020-04-30 16:04:38'),
(3020, 3, 1, 14, 3, 1, '2020-04-30 16:04:38'),
(3021, 3, 1, 14, 4, 1, '2020-04-30 16:04:38'),
(3022, 3, 1, 14, 17, 1, '2020-04-30 16:04:38'),
(3023, 3, 1, 14, 18, 1, '2020-04-30 16:04:38'),
(3024, 3, 1, 15, 3, 1, '2020-04-30 16:04:38'),
(3025, 3, 1, 15, 4, 1, '2020-04-30 16:04:38'),
(3026, 3, 1, 15, 17, 1, '2020-04-30 16:04:38'),
(3027, 3, 1, 15, 18, 1, '2020-04-30 16:04:38'),
(3028, 3, 1, 16, 3, 1, '2020-04-30 16:04:38'),
(3029, 3, 1, 16, 4, 1, '2020-04-30 16:04:38'),
(3030, 3, 1, 16, 17, 1, '2020-04-30 16:04:38'),
(3031, 3, 1, 16, 18, 1, '2020-04-30 16:04:38'),
(3032, 3, 1, 19, 4, 1, '2020-04-30 16:04:38'),
(3033, 3, 1, 19, 17, 1, '2020-04-30 16:04:38'),
(3034, 3, 1, 20, 3, 1, '2020-04-30 16:04:38'),
(3035, 3, 1, 20, 5, 1, '2020-04-30 16:04:38'),
(3036, 3, 1, 20, 16, 1, '2020-04-30 16:04:38'),
(3037, 3, 1, 20, 18, 1, '2020-04-30 16:04:38'),
(3038, 3, 1, 21, 4, 1, '2020-04-30 16:04:38'),
(3039, 3, 1, 21, 17, 1, '2020-04-30 16:04:38'),
(3040, 3, 1, 3, 3, 2, '2020-04-30 16:04:41'),
(3041, 3, 1, 3, 4, 2, '2020-04-30 16:04:41'),
(3042, 3, 1, 3, 10, 2, '2020-04-30 16:04:42'),
(3043, 3, 1, 3, 11, 2, '2020-04-30 16:04:42'),
(3044, 3, 1, 3, 17, 2, '2020-04-30 16:04:42'),
(3045, 3, 1, 3, 18, 2, '2020-04-30 16:04:42'),
(3046, 3, 1, 4, 3, 2, '2020-04-30 16:04:42'),
(3047, 3, 1, 4, 4, 2, '2020-04-30 16:04:42'),
(3048, 3, 1, 4, 10, 2, '2020-04-30 16:04:42'),
(3049, 3, 1, 4, 11, 2, '2020-04-30 16:04:42'),
(3050, 3, 1, 4, 17, 2, '2020-04-30 16:04:42'),
(3051, 3, 1, 4, 18, 2, '2020-04-30 16:04:42'),
(3052, 3, 1, 5, 3, 2, '2020-04-30 16:04:42'),
(3053, 3, 1, 5, 4, 2, '2020-04-30 16:04:42'),
(3054, 3, 1, 5, 17, 2, '2020-04-30 16:04:42'),
(3055, 3, 1, 5, 18, 2, '2020-04-30 16:04:42'),
(3056, 3, 1, 9, 3, 2, '2020-04-30 16:04:42'),
(3057, 3, 1, 9, 4, 2, '2020-04-30 16:04:42'),
(3058, 3, 1, 9, 17, 2, '2020-04-30 16:04:42'),
(3059, 3, 1, 9, 18, 2, '2020-04-30 16:04:42'),
(3060, 3, 1, 10, 3, 2, '2020-04-30 16:04:42'),
(3061, 3, 1, 10, 4, 2, '2020-04-30 16:04:42'),
(3062, 3, 1, 10, 17, 2, '2020-04-30 16:04:42'),
(3063, 3, 1, 10, 18, 2, '2020-04-30 16:04:42'),
(3064, 3, 1, 11, 3, 2, '2020-04-30 16:04:42'),
(3065, 3, 1, 11, 4, 2, '2020-04-30 16:04:42'),
(3066, 3, 1, 11, 17, 2, '2020-04-30 16:04:42'),
(3067, 3, 1, 11, 18, 2, '2020-04-30 16:04:42'),
(3068, 3, 1, 14, 3, 2, '2020-04-30 16:04:42'),
(3069, 3, 1, 14, 4, 2, '2020-04-30 16:04:42'),
(3070, 3, 1, 14, 17, 2, '2020-04-30 16:04:42'),
(3071, 3, 1, 14, 18, 2, '2020-04-30 16:04:42'),
(3072, 3, 1, 15, 3, 2, '2020-04-30 16:04:42'),
(3073, 3, 1, 15, 4, 2, '2020-04-30 16:04:42'),
(3074, 3, 1, 15, 17, 2, '2020-04-30 16:04:42'),
(3075, 3, 1, 15, 18, 2, '2020-04-30 16:04:42'),
(3076, 3, 1, 16, 3, 2, '2020-04-30 16:04:42'),
(3077, 3, 1, 16, 4, 2, '2020-04-30 16:04:42'),
(3078, 3, 1, 16, 17, 2, '2020-04-30 16:04:42'),
(3079, 3, 1, 16, 18, 2, '2020-04-30 16:04:42'),
(3080, 3, 1, 19, 4, 2, '2020-04-30 16:04:42'),
(3081, 3, 1, 19, 17, 2, '2020-04-30 16:04:42'),
(3082, 3, 1, 20, 3, 2, '2020-04-30 16:04:42'),
(3083, 3, 1, 20, 5, 2, '2020-04-30 16:04:42'),
(3084, 3, 1, 20, 16, 2, '2020-04-30 16:04:42'),
(3085, 3, 1, 20, 18, 2, '2020-04-30 16:04:42'),
(3086, 3, 1, 21, 4, 2, '2020-04-30 16:04:42'),
(3087, 3, 1, 21, 17, 2, '2020-04-30 16:04:42'),
(3088, 3, 1, 3, 3, 1, '2020-04-30 16:04:44'),
(3089, 3, 1, 3, 4, 1, '2020-04-30 16:04:44'),
(3090, 3, 1, 3, 10, 1, '2020-04-30 16:04:44'),
(3091, 3, 1, 3, 11, 1, '2020-04-30 16:04:44'),
(3092, 3, 1, 3, 17, 1, '2020-04-30 16:04:44'),
(3093, 3, 1, 3, 18, 1, '2020-04-30 16:04:44'),
(3094, 3, 1, 4, 3, 1, '2020-04-30 16:04:44'),
(3095, 3, 1, 4, 4, 1, '2020-04-30 16:04:44'),
(3096, 3, 1, 4, 10, 1, '2020-04-30 16:04:44'),
(3097, 3, 1, 4, 11, 1, '2020-04-30 16:04:44'),
(3098, 3, 1, 4, 17, 1, '2020-04-30 16:04:44'),
(3099, 3, 1, 4, 18, 1, '2020-04-30 16:04:44'),
(3100, 3, 1, 5, 3, 1, '2020-04-30 16:04:44'),
(3101, 3, 1, 5, 4, 1, '2020-04-30 16:04:44'),
(3102, 3, 1, 5, 17, 1, '2020-04-30 16:04:44'),
(3103, 3, 1, 5, 18, 1, '2020-04-30 16:04:44'),
(3104, 3, 1, 9, 3, 1, '2020-04-30 16:04:44'),
(3105, 3, 1, 9, 4, 1, '2020-04-30 16:04:44'),
(3106, 3, 1, 9, 17, 1, '2020-04-30 16:04:44'),
(3107, 3, 1, 9, 18, 1, '2020-04-30 16:04:44'),
(3108, 3, 1, 10, 3, 1, '2020-04-30 16:04:44'),
(3109, 3, 1, 10, 4, 1, '2020-04-30 16:04:44'),
(3110, 3, 1, 10, 17, 1, '2020-04-30 16:04:44'),
(3111, 3, 1, 10, 18, 1, '2020-04-30 16:04:44'),
(3112, 3, 1, 11, 3, 1, '2020-04-30 16:04:44'),
(3113, 3, 1, 11, 4, 1, '2020-04-30 16:04:44'),
(3114, 3, 1, 11, 17, 1, '2020-04-30 16:04:44'),
(3115, 3, 1, 11, 18, 1, '2020-04-30 16:04:44'),
(3116, 3, 1, 14, 3, 1, '2020-04-30 16:04:44'),
(3117, 3, 1, 14, 4, 1, '2020-04-30 16:04:44'),
(3118, 3, 1, 14, 17, 1, '2020-04-30 16:04:44'),
(3119, 3, 1, 14, 18, 1, '2020-04-30 16:04:44'),
(3120, 3, 1, 15, 3, 1, '2020-04-30 16:04:44'),
(3121, 3, 1, 15, 4, 1, '2020-04-30 16:04:44'),
(3122, 3, 1, 15, 17, 1, '2020-04-30 16:04:44'),
(3123, 3, 1, 15, 18, 1, '2020-04-30 16:04:44'),
(3124, 3, 1, 16, 3, 1, '2020-04-30 16:04:44'),
(3125, 3, 1, 16, 4, 1, '2020-04-30 16:04:44'),
(3126, 3, 1, 16, 17, 1, '2020-04-30 16:04:44'),
(3127, 3, 1, 16, 18, 1, '2020-04-30 16:04:44'),
(3128, 3, 1, 19, 4, 1, '2020-04-30 16:04:44'),
(3129, 3, 1, 19, 17, 1, '2020-04-30 16:04:44'),
(3130, 3, 1, 20, 3, 1, '2020-04-30 16:04:44'),
(3131, 3, 1, 20, 5, 1, '2020-04-30 16:04:44'),
(3132, 3, 1, 20, 16, 1, '2020-04-30 16:04:44'),
(3133, 3, 1, 20, 18, 1, '2020-04-30 16:04:44'),
(3134, 3, 1, 21, 4, 1, '2020-04-30 16:04:44'),
(3135, 3, 1, 21, 17, 1, '2020-04-30 16:04:44'),
(3136, 3, 2, 4, 9, 0, '2020-04-30 16:04:51'),
(3137, 3, 2, 4, 10, 0, '2020-04-30 16:04:51'),
(3138, 3, 2, 4, 11, 0, '2020-04-30 16:04:51'),
(3139, 3, 2, 4, 12, 0, '2020-04-30 16:04:51'),
(3140, 3, 2, 5, 9, 0, '2020-04-30 16:04:51'),
(3141, 3, 2, 5, 10, 0, '2020-04-30 16:04:51'),
(3142, 3, 2, 5, 11, 0, '2020-04-30 16:04:51'),
(3143, 3, 2, 5, 12, 0, '2020-04-30 16:04:51'),
(3144, 3, 2, 8, 9, 0, '2020-04-30 16:04:51'),
(3145, 3, 2, 8, 10, 0, '2020-04-30 16:04:51'),
(3146, 3, 2, 8, 11, 0, '2020-04-30 16:04:51'),
(3147, 3, 2, 8, 12, 0, '2020-04-30 16:04:51'),
(3148, 3, 2, 9, 9, 0, '2020-04-30 16:04:51'),
(3149, 3, 2, 9, 10, 0, '2020-04-30 16:04:51'),
(3150, 3, 2, 9, 11, 0, '2020-04-30 16:04:51'),
(3151, 3, 2, 9, 12, 0, '2020-04-30 16:04:51'),
(3152, 3, 2, 12, 9, 0, '2020-04-30 16:04:51'),
(3153, 3, 2, 12, 10, 0, '2020-04-30 16:04:51'),
(3154, 3, 2, 12, 11, 0, '2020-04-30 16:04:51'),
(3155, 3, 2, 12, 12, 0, '2020-04-30 16:04:51'),
(3156, 3, 2, 13, 9, 0, '2020-04-30 16:04:51'),
(3157, 3, 2, 13, 10, 0, '2020-04-30 16:04:51'),
(3158, 3, 2, 13, 11, 0, '2020-04-30 16:04:51'),
(3159, 3, 2, 13, 12, 0, '2020-04-30 16:04:51'),
(3160, 3, 2, 16, 9, 0, '2020-04-30 16:04:51'),
(3161, 3, 2, 16, 10, 0, '2020-04-30 16:04:51'),
(3162, 3, 2, 16, 11, 0, '2020-04-30 16:04:51'),
(3163, 3, 2, 16, 12, 0, '2020-04-30 16:04:51'),
(3164, 3, 2, 17, 9, 0, '2020-04-30 16:04:51'),
(3165, 3, 2, 17, 10, 0, '2020-04-30 16:04:51'),
(3166, 3, 2, 17, 11, 0, '2020-04-30 16:04:51'),
(3167, 3, 2, 17, 12, 0, '2020-04-30 16:04:51'),
(3168, 3, 2, 20, 9, 0, '2020-04-30 16:04:51'),
(3169, 3, 2, 20, 10, 0, '2020-04-30 16:04:51'),
(3170, 3, 2, 20, 11, 0, '2020-04-30 16:04:51'),
(3171, 3, 2, 20, 12, 0, '2020-04-30 16:04:51'),
(3172, 3, 2, 21, 9, 0, '2020-04-30 16:04:51'),
(3173, 3, 2, 21, 10, 0, '2020-04-30 16:04:51'),
(3174, 3, 2, 21, 11, 0, '2020-04-30 16:04:51'),
(3175, 3, 2, 21, 12, 0, '2020-04-30 16:04:51'),
(3176, 3, 2, 4, 9, 1, '2020-04-30 16:04:53'),
(3177, 3, 2, 4, 10, 1, '2020-04-30 16:04:53'),
(3178, 3, 2, 4, 11, 1, '2020-04-30 16:04:53'),
(3179, 3, 2, 4, 12, 1, '2020-04-30 16:04:53'),
(3180, 3, 2, 5, 9, 1, '2020-04-30 16:04:53'),
(3181, 3, 2, 5, 10, 1, '2020-04-30 16:04:53'),
(3182, 3, 2, 5, 11, 1, '2020-04-30 16:04:53'),
(3183, 3, 2, 5, 12, 1, '2020-04-30 16:04:53'),
(3184, 3, 2, 8, 9, 1, '2020-04-30 16:04:53'),
(3185, 3, 2, 8, 10, 1, '2020-04-30 16:04:53'),
(3186, 3, 2, 8, 11, 1, '2020-04-30 16:04:53'),
(3187, 3, 2, 8, 12, 1, '2020-04-30 16:04:53'),
(3188, 3, 2, 9, 9, 1, '2020-04-30 16:04:53'),
(3189, 3, 2, 9, 10, 1, '2020-04-30 16:04:53'),
(3190, 3, 2, 9, 11, 1, '2020-04-30 16:04:53'),
(3191, 3, 2, 9, 12, 1, '2020-04-30 16:04:53'),
(3192, 3, 2, 12, 9, 1, '2020-04-30 16:04:53'),
(3193, 3, 2, 12, 10, 1, '2020-04-30 16:04:53'),
(3194, 3, 2, 12, 11, 1, '2020-04-30 16:04:53'),
(3195, 3, 2, 12, 12, 1, '2020-04-30 16:04:53'),
(3196, 3, 2, 13, 9, 1, '2020-04-30 16:04:53'),
(3197, 3, 2, 13, 10, 1, '2020-04-30 16:04:53'),
(3198, 3, 2, 13, 11, 1, '2020-04-30 16:04:53'),
(3199, 3, 2, 13, 12, 1, '2020-04-30 16:04:53'),
(3200, 3, 2, 16, 9, 1, '2020-04-30 16:04:53'),
(3201, 3, 2, 16, 10, 1, '2020-04-30 16:04:53'),
(3202, 3, 2, 16, 11, 1, '2020-04-30 16:04:53'),
(3203, 3, 2, 16, 12, 1, '2020-04-30 16:04:53'),
(3204, 3, 2, 17, 9, 1, '2020-04-30 16:04:53'),
(3205, 3, 2, 17, 10, 1, '2020-04-30 16:04:53'),
(3206, 3, 2, 17, 11, 1, '2020-04-30 16:04:53'),
(3207, 3, 2, 17, 12, 1, '2020-04-30 16:04:53'),
(3208, 3, 2, 20, 9, 1, '2020-04-30 16:04:53'),
(3209, 3, 2, 20, 10, 1, '2020-04-30 16:04:53'),
(3210, 3, 2, 20, 11, 1, '2020-04-30 16:04:53'),
(3211, 3, 2, 20, 12, 1, '2020-04-30 16:04:53'),
(3212, 3, 2, 21, 9, 1, '2020-04-30 16:04:53'),
(3213, 3, 2, 21, 10, 1, '2020-04-30 16:04:53'),
(3214, 3, 2, 21, 11, 1, '2020-04-30 16:04:53'),
(3215, 3, 2, 21, 12, 1, '2020-04-30 16:04:53'),
(3216, 3, 1, 3, 10, 2, '2020-04-30 16:04:56'),
(3217, 3, 1, 3, 11, 2, '2020-04-30 16:04:57'),
(3218, 3, 1, 3, 3, 0, '2020-04-30 16:04:59'),
(3219, 3, 1, 3, 4, 0, '2020-04-30 16:04:59'),
(3220, 3, 1, 3, 10, 0, '2020-04-30 16:04:59'),
(3221, 3, 1, 3, 11, 0, '2020-04-30 16:04:59'),
(3222, 3, 1, 3, 17, 0, '2020-04-30 16:04:59'),
(3223, 3, 1, 3, 18, 0, '2020-04-30 16:04:59'),
(3224, 3, 1, 4, 3, 0, '2020-04-30 16:04:59'),
(3225, 3, 1, 4, 4, 0, '2020-04-30 16:04:59'),
(3226, 3, 1, 4, 10, 0, '2020-04-30 16:04:59'),
(3227, 3, 1, 4, 11, 0, '2020-04-30 16:04:59'),
(3228, 3, 1, 4, 17, 0, '2020-04-30 16:04:59'),
(3229, 3, 1, 4, 18, 0, '2020-04-30 16:04:59'),
(3230, 3, 1, 5, 3, 0, '2020-04-30 16:04:59'),
(3231, 3, 1, 5, 4, 0, '2020-04-30 16:04:59'),
(3232, 3, 1, 5, 17, 0, '2020-04-30 16:04:59'),
(3233, 3, 1, 5, 18, 0, '2020-04-30 16:04:59'),
(3234, 3, 1, 9, 3, 0, '2020-04-30 16:04:59'),
(3235, 3, 1, 9, 4, 0, '2020-04-30 16:04:59'),
(3236, 3, 1, 9, 17, 0, '2020-04-30 16:04:59'),
(3237, 3, 1, 9, 18, 0, '2020-04-30 16:04:59'),
(3238, 3, 1, 10, 3, 0, '2020-04-30 16:04:59'),
(3239, 3, 1, 10, 4, 0, '2020-04-30 16:04:59'),
(3240, 3, 1, 10, 17, 0, '2020-04-30 16:04:59'),
(3241, 3, 1, 10, 18, 0, '2020-04-30 16:04:59'),
(3242, 3, 1, 11, 3, 0, '2020-04-30 16:04:59'),
(3243, 3, 1, 11, 4, 0, '2020-04-30 16:04:59'),
(3244, 3, 1, 11, 17, 0, '2020-04-30 16:04:59'),
(3245, 3, 1, 11, 18, 0, '2020-04-30 16:04:59'),
(3246, 3, 1, 14, 3, 0, '2020-04-30 16:04:59'),
(3247, 3, 1, 14, 4, 0, '2020-04-30 16:04:59'),
(3248, 3, 1, 14, 17, 0, '2020-04-30 16:04:59'),
(3249, 3, 1, 14, 18, 0, '2020-04-30 16:04:59'),
(3250, 3, 1, 15, 3, 0, '2020-04-30 16:04:59'),
(3251, 3, 1, 15, 4, 0, '2020-04-30 16:04:59'),
(3252, 3, 1, 15, 17, 0, '2020-04-30 16:04:59'),
(3253, 3, 1, 15, 18, 0, '2020-04-30 16:04:59'),
(3254, 3, 1, 16, 3, 0, '2020-04-30 16:04:59'),
(3255, 3, 1, 16, 4, 0, '2020-04-30 16:04:59'),
(3256, 3, 1, 16, 17, 0, '2020-04-30 16:04:59'),
(3257, 3, 1, 16, 18, 0, '2020-04-30 16:04:59'),
(3258, 3, 1, 19, 4, 0, '2020-04-30 16:04:59'),
(3259, 3, 1, 19, 17, 0, '2020-04-30 16:04:59'),
(3260, 3, 1, 20, 3, 0, '2020-04-30 16:04:59'),
(3261, 3, 1, 20, 5, 0, '2020-04-30 16:04:59'),
(3262, 3, 1, 20, 16, 0, '2020-04-30 16:04:59'),
(3263, 3, 1, 20, 18, 0, '2020-04-30 16:04:59'),
(3264, 3, 1, 21, 4, 0, '2020-04-30 16:04:59'),
(3265, 3, 1, 21, 17, 0, '2020-04-30 16:04:59'),
(3266, 3, 1, 3, 10, 1, '2020-04-30 16:05:01'),
(3267, 3, 1, 3, 11, 1, '2020-04-30 16:05:02'),
(3268, 3, 1, 3, 3, 1, '2020-04-30 16:05:03'),
(3269, 3, 1, 3, 4, 1, '2020-04-30 16:05:03'),
(3270, 3, 1, 3, 10, 1, '2020-04-30 16:05:03'),
(3271, 3, 1, 3, 11, 1, '2020-04-30 16:05:03'),
(3272, 3, 1, 3, 17, 1, '2020-04-30 16:05:03'),
(3273, 3, 1, 3, 18, 1, '2020-04-30 16:05:03'),
(3274, 3, 1, 4, 3, 1, '2020-04-30 16:05:03'),
(3275, 3, 1, 4, 4, 1, '2020-04-30 16:05:03'),
(3276, 3, 1, 4, 10, 1, '2020-04-30 16:05:03'),
(3277, 3, 1, 4, 11, 1, '2020-04-30 16:05:03'),
(3278, 3, 1, 4, 17, 1, '2020-04-30 16:05:03'),
(3279, 3, 1, 4, 18, 1, '2020-04-30 16:05:03'),
(3280, 3, 1, 5, 3, 1, '2020-04-30 16:05:03'),
(3281, 3, 1, 5, 4, 1, '2020-04-30 16:05:03'),
(3282, 3, 1, 5, 17, 1, '2020-04-30 16:05:03'),
(3283, 3, 1, 5, 18, 1, '2020-04-30 16:05:03'),
(3284, 3, 1, 9, 3, 1, '2020-04-30 16:05:03'),
(3285, 3, 1, 9, 4, 1, '2020-04-30 16:05:03'),
(3286, 3, 1, 9, 17, 1, '2020-04-30 16:05:03'),
(3287, 3, 1, 9, 18, 1, '2020-04-30 16:05:03'),
(3288, 3, 1, 10, 3, 1, '2020-04-30 16:05:03'),
(3289, 3, 1, 10, 4, 1, '2020-04-30 16:05:03'),
(3290, 3, 1, 10, 17, 1, '2020-04-30 16:05:03'),
(3291, 3, 1, 10, 18, 1, '2020-04-30 16:05:03'),
(3292, 3, 1, 11, 3, 1, '2020-04-30 16:05:03'),
(3293, 3, 1, 11, 4, 1, '2020-04-30 16:05:03'),
(3294, 3, 1, 11, 17, 1, '2020-04-30 16:05:03'),
(3295, 3, 1, 11, 18, 1, '2020-04-30 16:05:03'),
(3296, 3, 1, 14, 3, 1, '2020-04-30 16:05:03'),
(3297, 3, 1, 14, 4, 1, '2020-04-30 16:05:03'),
(3298, 3, 1, 14, 17, 1, '2020-04-30 16:05:03'),
(3299, 3, 1, 14, 18, 1, '2020-04-30 16:05:03'),
(3300, 3, 1, 15, 3, 1, '2020-04-30 16:05:03'),
(3301, 3, 1, 15, 4, 1, '2020-04-30 16:05:03'),
(3302, 3, 1, 15, 17, 1, '2020-04-30 16:05:03'),
(3303, 3, 1, 15, 18, 1, '2020-04-30 16:05:03'),
(3304, 3, 1, 16, 3, 1, '2020-04-30 16:05:03'),
(3305, 3, 1, 16, 4, 1, '2020-04-30 16:05:03'),
(3306, 3, 1, 16, 17, 1, '2020-04-30 16:05:03'),
(3307, 3, 1, 16, 18, 1, '2020-04-30 16:05:03'),
(3308, 3, 1, 19, 4, 1, '2020-04-30 16:05:03'),
(3309, 3, 1, 19, 17, 1, '2020-04-30 16:05:03'),
(3310, 3, 1, 20, 3, 1, '2020-04-30 16:05:03'),
(3311, 3, 1, 20, 5, 1, '2020-04-30 16:05:03'),
(3312, 3, 1, 20, 16, 1, '2020-04-30 16:05:03'),
(3313, 3, 1, 20, 18, 1, '2020-04-30 16:05:03'),
(3314, 3, 1, 21, 4, 1, '2020-04-30 16:05:03'),
(3315, 3, 1, 21, 17, 1, '2020-04-30 16:05:03'),
(3316, 3, 1, 4, 11, 2, '2020-04-30 16:05:05'),
(3317, 3, 1, 4, 10, 2, '2020-04-30 16:05:06'),
(3318, 3, 1, 3, 3, 2, '2020-04-30 16:05:07'),
(3319, 3, 1, 3, 4, 2, '2020-04-30 16:05:07'),
(3320, 3, 1, 3, 10, 2, '2020-04-30 16:05:07'),
(3321, 3, 1, 3, 11, 2, '2020-04-30 16:05:07'),
(3322, 3, 1, 3, 17, 2, '2020-04-30 16:05:07'),
(3323, 3, 1, 3, 18, 2, '2020-04-30 16:05:07'),
(3324, 3, 1, 4, 3, 2, '2020-04-30 16:05:07'),
(3325, 3, 1, 4, 4, 2, '2020-04-30 16:05:07'),
(3326, 3, 1, 4, 10, 2, '2020-04-30 16:05:07'),
(3327, 3, 1, 4, 11, 2, '2020-04-30 16:05:07'),
(3328, 3, 1, 4, 17, 2, '2020-04-30 16:05:07'),
(3329, 3, 1, 4, 18, 2, '2020-04-30 16:05:07'),
(3330, 3, 1, 5, 3, 2, '2020-04-30 16:05:07'),
(3331, 3, 1, 5, 4, 2, '2020-04-30 16:05:07'),
(3332, 3, 1, 5, 17, 2, '2020-04-30 16:05:07'),
(3333, 3, 1, 5, 18, 2, '2020-04-30 16:05:07'),
(3334, 3, 1, 9, 3, 2, '2020-04-30 16:05:07'),
(3335, 3, 1, 9, 4, 2, '2020-04-30 16:05:07'),
(3336, 3, 1, 9, 17, 2, '2020-04-30 16:05:07'),
(3337, 3, 1, 9, 18, 2, '2020-04-30 16:05:07'),
(3338, 3, 1, 10, 3, 2, '2020-04-30 16:05:07');
INSERT INTO `seat_log` (`seat_log_id`, `restaurant_id`, `floor_id`, `row_no`, `col_no`, `status_id`, `date_created`) VALUES
(3339, 3, 1, 10, 4, 2, '2020-04-30 16:05:07'),
(3340, 3, 1, 10, 17, 2, '2020-04-30 16:05:07'),
(3341, 3, 1, 10, 18, 2, '2020-04-30 16:05:07'),
(3342, 3, 1, 11, 3, 2, '2020-04-30 16:05:07'),
(3343, 3, 1, 11, 4, 2, '2020-04-30 16:05:07'),
(3344, 3, 1, 11, 17, 2, '2020-04-30 16:05:07'),
(3345, 3, 1, 11, 18, 2, '2020-04-30 16:05:07'),
(3346, 3, 1, 14, 3, 2, '2020-04-30 16:05:07'),
(3347, 3, 1, 14, 4, 2, '2020-04-30 16:05:07'),
(3348, 3, 1, 14, 17, 2, '2020-04-30 16:05:07'),
(3349, 3, 1, 14, 18, 2, '2020-04-30 16:05:07'),
(3350, 3, 1, 15, 3, 2, '2020-04-30 16:05:07'),
(3351, 3, 1, 15, 4, 2, '2020-04-30 16:05:07'),
(3352, 3, 1, 15, 17, 2, '2020-04-30 16:05:07'),
(3353, 3, 1, 15, 18, 2, '2020-04-30 16:05:07'),
(3354, 3, 1, 16, 3, 2, '2020-04-30 16:05:07'),
(3355, 3, 1, 16, 4, 2, '2020-04-30 16:05:07'),
(3356, 3, 1, 16, 17, 2, '2020-04-30 16:05:07'),
(3357, 3, 1, 16, 18, 2, '2020-04-30 16:05:07'),
(3358, 3, 1, 19, 4, 2, '2020-04-30 16:05:07'),
(3359, 3, 1, 19, 17, 2, '2020-04-30 16:05:07'),
(3360, 3, 1, 20, 3, 2, '2020-04-30 16:05:07'),
(3361, 3, 1, 20, 5, 2, '2020-04-30 16:05:07'),
(3362, 3, 1, 20, 16, 2, '2020-04-30 16:05:07'),
(3363, 3, 1, 20, 18, 2, '2020-04-30 16:05:07'),
(3364, 3, 1, 21, 4, 2, '2020-04-30 16:05:07'),
(3365, 3, 1, 21, 17, 2, '2020-04-30 16:05:07'),
(3366, 3, 1, 3, 10, 0, '2020-04-30 16:05:09'),
(3367, 3, 1, 4, 10, 0, '2020-04-30 16:05:10'),
(3368, 3, 1, 3, 17, 0, '2020-04-30 16:05:12'),
(3369, 2, 1, 8, 15, 1, '2020-04-30 22:15:34'),
(3370, 2, 1, 9, 15, 1, '2020-04-30 22:15:35'),
(3371, 2, 1, 9, 15, 2, '2020-04-30 22:15:36'),
(3372, 2, 1, 8, 15, 2, '2020-04-30 22:15:36'),
(3373, 2, 1, 9, 15, 0, '2020-04-30 22:15:47'),
(3374, 2, 1, 14, 15, 1, '2020-04-30 22:16:01'),
(3375, 2, 1, 14, 15, 1, '2020-04-30 22:16:03'),
(3376, 2, 1, 14, 15, 0, '2020-04-30 22:16:04'),
(3377, 2, 1, 3, 10, 1, '2020-04-30 22:20:58'),
(3378, 2, 1, 3, 11, 1, '2020-04-30 22:20:58'),
(3379, 2, 1, 4, 10, 1, '2020-04-30 22:20:58'),
(3380, 2, 1, 4, 11, 1, '2020-04-30 22:20:58'),
(3381, 2, 1, 7, 2, 1, '2020-04-30 22:20:58'),
(3382, 2, 1, 7, 3, 1, '2020-04-30 22:20:58'),
(3383, 2, 1, 7, 6, 1, '2020-04-30 22:20:58'),
(3384, 2, 1, 7, 7, 1, '2020-04-30 22:20:58'),
(3385, 2, 1, 7, 14, 1, '2020-04-30 22:20:58'),
(3386, 2, 1, 7, 15, 1, '2020-04-30 22:20:58'),
(3387, 2, 1, 7, 18, 1, '2020-04-30 22:20:58'),
(3388, 2, 1, 7, 19, 1, '2020-04-30 22:20:58'),
(3389, 2, 1, 8, 2, 1, '2020-04-30 22:20:58'),
(3390, 2, 1, 8, 3, 1, '2020-04-30 22:20:58'),
(3391, 2, 1, 8, 6, 1, '2020-04-30 22:20:58'),
(3392, 2, 1, 8, 7, 1, '2020-04-30 22:20:58'),
(3393, 2, 1, 8, 14, 1, '2020-04-30 22:20:58'),
(3394, 2, 1, 8, 15, 1, '2020-04-30 22:20:58'),
(3395, 2, 1, 8, 18, 1, '2020-04-30 22:20:58'),
(3396, 2, 1, 8, 19, 1, '2020-04-30 22:20:58'),
(3397, 2, 1, 9, 2, 1, '2020-04-30 22:20:58'),
(3398, 2, 1, 9, 3, 1, '2020-04-30 22:20:58'),
(3399, 2, 1, 9, 6, 1, '2020-04-30 22:20:58'),
(3400, 2, 1, 9, 7, 1, '2020-04-30 22:20:58'),
(3401, 2, 1, 9, 14, 1, '2020-04-30 22:20:58'),
(3402, 2, 1, 9, 15, 1, '2020-04-30 22:20:58'),
(3403, 2, 1, 9, 18, 1, '2020-04-30 22:20:58'),
(3404, 2, 1, 9, 19, 1, '2020-04-30 22:20:58'),
(3405, 2, 1, 12, 2, 1, '2020-04-30 22:20:58'),
(3406, 2, 1, 12, 3, 1, '2020-04-30 22:20:58'),
(3407, 2, 1, 12, 6, 1, '2020-04-30 22:20:58'),
(3408, 2, 1, 12, 7, 1, '2020-04-30 22:20:58'),
(3409, 2, 1, 12, 14, 1, '2020-04-30 22:20:58'),
(3410, 2, 1, 12, 15, 1, '2020-04-30 22:20:58'),
(3411, 2, 1, 12, 18, 1, '2020-04-30 22:20:58'),
(3412, 2, 1, 12, 19, 1, '2020-04-30 22:20:58'),
(3413, 2, 1, 13, 2, 1, '2020-04-30 22:20:58'),
(3414, 2, 1, 13, 3, 1, '2020-04-30 22:20:58'),
(3415, 2, 1, 13, 6, 1, '2020-04-30 22:20:58'),
(3416, 2, 1, 13, 7, 1, '2020-04-30 22:20:58'),
(3417, 2, 1, 13, 14, 1, '2020-04-30 22:20:58'),
(3418, 2, 1, 13, 15, 1, '2020-04-30 22:20:58'),
(3419, 2, 1, 13, 18, 1, '2020-04-30 22:20:58'),
(3420, 2, 1, 13, 19, 1, '2020-04-30 22:20:58'),
(3421, 2, 1, 14, 2, 1, '2020-04-30 22:20:58'),
(3422, 2, 1, 14, 3, 1, '2020-04-30 22:20:58'),
(3423, 2, 1, 14, 6, 1, '2020-04-30 22:20:58'),
(3424, 2, 1, 14, 7, 1, '2020-04-30 22:20:58'),
(3425, 2, 1, 14, 14, 1, '2020-04-30 22:20:58'),
(3426, 2, 1, 14, 15, 1, '2020-04-30 22:20:58'),
(3427, 2, 1, 14, 18, 1, '2020-04-30 22:20:58'),
(3428, 2, 1, 14, 19, 1, '2020-04-30 22:20:58'),
(3429, 2, 1, 17, 2, 1, '2020-04-30 22:20:58'),
(3430, 2, 1, 17, 3, 1, '2020-04-30 22:20:58'),
(3431, 2, 1, 17, 6, 1, '2020-04-30 22:20:58'),
(3432, 2, 1, 17, 7, 1, '2020-04-30 22:20:58'),
(3433, 2, 1, 17, 14, 1, '2020-04-30 22:20:58'),
(3434, 2, 1, 17, 15, 1, '2020-04-30 22:20:58'),
(3435, 2, 1, 17, 18, 1, '2020-04-30 22:20:58'),
(3436, 2, 1, 17, 19, 1, '2020-04-30 22:20:58'),
(3437, 2, 1, 18, 2, 1, '2020-04-30 22:20:58'),
(3438, 2, 1, 18, 3, 1, '2020-04-30 22:20:58'),
(3439, 2, 1, 18, 6, 1, '2020-04-30 22:20:58'),
(3440, 2, 1, 18, 7, 1, '2020-04-30 22:20:58'),
(3441, 2, 1, 18, 14, 1, '2020-04-30 22:20:58'),
(3442, 2, 1, 18, 15, 1, '2020-04-30 22:20:58'),
(3443, 2, 1, 18, 18, 1, '2020-04-30 22:20:58'),
(3444, 2, 1, 18, 19, 1, '2020-04-30 22:20:58'),
(3445, 2, 1, 19, 2, 1, '2020-04-30 22:20:58'),
(3446, 2, 1, 19, 3, 1, '2020-04-30 22:20:58'),
(3447, 2, 1, 19, 6, 1, '2020-04-30 22:20:58'),
(3448, 2, 1, 19, 7, 1, '2020-04-30 22:20:58'),
(3449, 2, 1, 19, 14, 1, '2020-04-30 22:20:58'),
(3450, 2, 1, 19, 15, 1, '2020-04-30 22:20:58'),
(3451, 2, 1, 19, 18, 1, '2020-04-30 22:20:58'),
(3452, 2, 1, 19, 19, 1, '2020-04-30 22:20:58'),
(3453, 2, 1, 3, 8, 1, '2020-04-30 22:20:58'),
(3454, 2, 1, 3, 9, 1, '2020-04-30 22:20:58'),
(3455, 2, 1, 3, 12, 1, '2020-04-30 22:20:58'),
(3456, 2, 1, 3, 13, 1, '2020-04-30 22:20:58'),
(3457, 2, 1, 4, 8, 1, '2020-04-30 22:20:58'),
(3458, 2, 1, 4, 9, 1, '2020-04-30 22:20:58'),
(3459, 2, 1, 4, 12, 1, '2020-04-30 22:20:58'),
(3460, 2, 1, 4, 13, 1, '2020-04-30 22:20:58'),
(3461, 2, 1, 22, 8, 1, '2020-04-30 22:20:58'),
(3462, 2, 1, 22, 9, 1, '2020-04-30 22:20:58'),
(3463, 2, 1, 22, 10, 1, '2020-04-30 22:20:58'),
(3464, 2, 1, 22, 11, 1, '2020-04-30 22:20:58'),
(3465, 2, 1, 22, 12, 1, '2020-04-30 22:20:58'),
(3466, 2, 1, 22, 13, 1, '2020-04-30 22:20:58'),
(3467, 2, 1, 3, 8, 1, '2020-04-30 22:20:58'),
(3468, 2, 1, 3, 9, 1, '2020-04-30 22:20:58'),
(3469, 2, 1, 3, 12, 1, '2020-04-30 22:20:58'),
(3470, 2, 1, 3, 13, 1, '2020-04-30 22:20:58'),
(3471, 2, 1, 4, 8, 1, '2020-04-30 22:20:58'),
(3472, 2, 1, 4, 9, 1, '2020-04-30 22:20:58'),
(3473, 2, 1, 4, 12, 1, '2020-04-30 22:20:58'),
(3474, 2, 1, 4, 13, 1, '2020-04-30 22:20:58'),
(3475, 2, 1, 22, 8, 1, '2020-04-30 22:20:58'),
(3476, 2, 1, 22, 9, 1, '2020-04-30 22:20:58'),
(3477, 2, 1, 22, 10, 1, '2020-04-30 22:20:58'),
(3478, 2, 1, 22, 11, 1, '2020-04-30 22:20:58'),
(3479, 2, 1, 22, 12, 1, '2020-04-30 22:20:58'),
(3480, 2, 1, 22, 13, 1, '2020-04-30 22:20:58'),
(3481, 2, 1, 23, 8, 1, '2020-04-30 22:20:58'),
(3482, 2, 1, 23, 9, 1, '2020-04-30 22:20:58'),
(3483, 2, 1, 23, 10, 1, '2020-04-30 22:20:58'),
(3484, 2, 1, 23, 11, 1, '2020-04-30 22:20:58'),
(3485, 2, 1, 23, 12, 1, '2020-04-30 22:20:58'),
(3486, 2, 1, 23, 13, 1, '2020-04-30 22:20:58'),
(3487, 2, 1, 3, 10, 1, '2020-04-30 22:20:59'),
(3488, 2, 1, 3, 11, 1, '2020-04-30 22:20:59'),
(3489, 2, 1, 4, 10, 1, '2020-04-30 22:20:59'),
(3490, 2, 1, 4, 11, 1, '2020-04-30 22:20:59'),
(3491, 2, 1, 7, 2, 1, '2020-04-30 22:20:59'),
(3492, 2, 1, 7, 3, 1, '2020-04-30 22:20:59'),
(3493, 2, 1, 7, 6, 1, '2020-04-30 22:20:59'),
(3494, 2, 1, 7, 7, 1, '2020-04-30 22:20:59'),
(3495, 2, 1, 7, 14, 1, '2020-04-30 22:20:59'),
(3496, 2, 1, 7, 15, 1, '2020-04-30 22:20:59'),
(3497, 2, 1, 7, 18, 1, '2020-04-30 22:20:59'),
(3498, 2, 1, 7, 19, 1, '2020-04-30 22:20:59'),
(3499, 2, 1, 8, 2, 1, '2020-04-30 22:20:59'),
(3500, 2, 1, 8, 3, 1, '2020-04-30 22:20:59'),
(3501, 2, 1, 8, 6, 1, '2020-04-30 22:20:59'),
(3502, 2, 1, 8, 7, 1, '2020-04-30 22:20:59'),
(3503, 2, 1, 8, 14, 1, '2020-04-30 22:20:59'),
(3504, 2, 1, 8, 15, 1, '2020-04-30 22:20:59'),
(3505, 2, 1, 8, 18, 1, '2020-04-30 22:20:59'),
(3506, 2, 1, 8, 19, 1, '2020-04-30 22:20:59'),
(3507, 2, 1, 9, 2, 1, '2020-04-30 22:20:59'),
(3508, 2, 1, 9, 3, 1, '2020-04-30 22:20:59'),
(3509, 2, 1, 9, 6, 1, '2020-04-30 22:20:59'),
(3510, 2, 1, 9, 7, 1, '2020-04-30 22:20:59'),
(3511, 2, 1, 9, 14, 1, '2020-04-30 22:20:59'),
(3512, 2, 1, 9, 15, 1, '2020-04-30 22:20:59'),
(3513, 2, 1, 9, 18, 1, '2020-04-30 22:20:59'),
(3514, 2, 1, 9, 19, 1, '2020-04-30 22:20:59'),
(3515, 2, 1, 12, 2, 1, '2020-04-30 22:20:59'),
(3516, 2, 1, 12, 3, 1, '2020-04-30 22:20:59'),
(3517, 2, 1, 12, 6, 1, '2020-04-30 22:20:59'),
(3518, 2, 1, 12, 7, 1, '2020-04-30 22:20:59'),
(3519, 2, 1, 12, 14, 1, '2020-04-30 22:20:59'),
(3520, 2, 1, 12, 15, 1, '2020-04-30 22:20:59'),
(3521, 2, 1, 12, 18, 1, '2020-04-30 22:20:59'),
(3522, 2, 1, 12, 19, 1, '2020-04-30 22:20:59'),
(3523, 2, 1, 13, 2, 1, '2020-04-30 22:20:59'),
(3524, 2, 1, 13, 3, 1, '2020-04-30 22:20:59'),
(3525, 2, 1, 13, 6, 1, '2020-04-30 22:20:59'),
(3526, 2, 1, 13, 7, 1, '2020-04-30 22:20:59'),
(3527, 2, 1, 13, 14, 1, '2020-04-30 22:20:59'),
(3528, 2, 1, 13, 15, 1, '2020-04-30 22:20:59'),
(3529, 2, 1, 13, 18, 1, '2020-04-30 22:20:59'),
(3530, 2, 1, 13, 19, 1, '2020-04-30 22:20:59'),
(3531, 2, 1, 14, 2, 1, '2020-04-30 22:20:59'),
(3532, 2, 1, 14, 3, 1, '2020-04-30 22:20:59'),
(3533, 2, 1, 14, 6, 1, '2020-04-30 22:20:59'),
(3534, 2, 1, 14, 7, 1, '2020-04-30 22:20:59'),
(3535, 2, 1, 14, 14, 1, '2020-04-30 22:20:59'),
(3536, 2, 1, 14, 15, 1, '2020-04-30 22:20:59'),
(3537, 2, 1, 14, 18, 1, '2020-04-30 22:20:59'),
(3538, 2, 1, 14, 19, 1, '2020-04-30 22:20:59'),
(3539, 2, 1, 17, 2, 1, '2020-04-30 22:20:59'),
(3540, 2, 1, 17, 3, 1, '2020-04-30 22:20:59'),
(3541, 2, 1, 17, 6, 1, '2020-04-30 22:20:59'),
(3542, 2, 1, 17, 7, 1, '2020-04-30 22:20:59'),
(3543, 2, 1, 17, 14, 1, '2020-04-30 22:20:59'),
(3544, 2, 1, 17, 15, 1, '2020-04-30 22:20:59'),
(3545, 2, 1, 17, 18, 1, '2020-04-30 22:20:59'),
(3546, 2, 1, 17, 19, 1, '2020-04-30 22:20:59'),
(3547, 2, 1, 18, 2, 1, '2020-04-30 22:20:59'),
(3548, 2, 1, 18, 3, 1, '2020-04-30 22:20:59'),
(3549, 2, 1, 18, 6, 1, '2020-04-30 22:20:59'),
(3550, 2, 1, 18, 7, 1, '2020-04-30 22:20:59'),
(3551, 2, 1, 18, 14, 1, '2020-04-30 22:20:59'),
(3552, 2, 1, 18, 15, 1, '2020-04-30 22:20:59'),
(3553, 2, 1, 18, 18, 1, '2020-04-30 22:20:59'),
(3554, 2, 1, 18, 19, 1, '2020-04-30 22:20:59'),
(3555, 2, 1, 19, 2, 1, '2020-04-30 22:20:59'),
(3556, 2, 1, 19, 3, 1, '2020-04-30 22:20:59'),
(3557, 2, 1, 19, 6, 1, '2020-04-30 22:20:59'),
(3558, 2, 1, 19, 7, 1, '2020-04-30 22:20:59'),
(3559, 2, 1, 19, 14, 1, '2020-04-30 22:20:59'),
(3560, 2, 1, 19, 15, 1, '2020-04-30 22:20:59'),
(3561, 2, 1, 19, 18, 1, '2020-04-30 22:20:59'),
(3562, 2, 1, 19, 19, 1, '2020-04-30 22:20:59'),
(3563, 2, 1, 3, 8, 1, '2020-04-30 22:20:59'),
(3564, 2, 1, 3, 9, 1, '2020-04-30 22:20:59'),
(3565, 2, 1, 3, 12, 1, '2020-04-30 22:20:59'),
(3566, 2, 1, 3, 13, 1, '2020-04-30 22:20:59'),
(3567, 2, 1, 4, 8, 1, '2020-04-30 22:20:59'),
(3568, 2, 1, 4, 9, 1, '2020-04-30 22:20:59'),
(3569, 2, 1, 4, 12, 1, '2020-04-30 22:20:59'),
(3570, 2, 1, 4, 13, 1, '2020-04-30 22:20:59'),
(3571, 2, 1, 22, 8, 1, '2020-04-30 22:20:59'),
(3572, 2, 1, 22, 9, 1, '2020-04-30 22:20:59'),
(3573, 2, 1, 22, 10, 1, '2020-04-30 22:20:59'),
(3574, 2, 1, 22, 11, 1, '2020-04-30 22:20:59'),
(3575, 2, 1, 22, 12, 1, '2020-04-30 22:20:59'),
(3576, 2, 1, 22, 13, 1, '2020-04-30 22:20:59'),
(3577, 2, 1, 3, 8, 1, '2020-04-30 22:20:59'),
(3578, 2, 1, 3, 9, 1, '2020-04-30 22:20:59'),
(3579, 2, 1, 3, 12, 1, '2020-04-30 22:20:59'),
(3580, 2, 1, 3, 13, 1, '2020-04-30 22:20:59'),
(3581, 2, 1, 4, 8, 1, '2020-04-30 22:20:59'),
(3582, 2, 1, 4, 9, 1, '2020-04-30 22:20:59'),
(3583, 2, 1, 4, 12, 1, '2020-04-30 22:20:59'),
(3584, 2, 1, 4, 13, 1, '2020-04-30 22:20:59'),
(3585, 2, 1, 22, 8, 1, '2020-04-30 22:20:59'),
(3586, 2, 1, 22, 9, 1, '2020-04-30 22:20:59'),
(3587, 2, 1, 22, 10, 1, '2020-04-30 22:20:59'),
(3588, 2, 1, 22, 11, 1, '2020-04-30 22:20:59'),
(3589, 2, 1, 22, 12, 1, '2020-04-30 22:20:59'),
(3590, 2, 1, 22, 13, 1, '2020-04-30 22:20:59'),
(3591, 2, 1, 23, 8, 1, '2020-04-30 22:20:59'),
(3592, 2, 1, 23, 9, 1, '2020-04-30 22:20:59'),
(3593, 2, 1, 23, 10, 1, '2020-04-30 22:20:59'),
(3594, 2, 1, 23, 11, 1, '2020-04-30 22:20:59'),
(3595, 2, 1, 23, 12, 1, '2020-04-30 22:20:59'),
(3596, 2, 1, 23, 13, 1, '2020-04-30 22:20:59'),
(3597, 2, 1, 3, 10, 1, '2020-04-30 22:21:01'),
(3598, 2, 1, 3, 11, 1, '2020-04-30 22:21:01'),
(3599, 2, 1, 4, 10, 1, '2020-04-30 22:21:01'),
(3600, 2, 1, 4, 11, 1, '2020-04-30 22:21:01'),
(3601, 2, 1, 7, 2, 1, '2020-04-30 22:21:01'),
(3602, 2, 1, 7, 3, 1, '2020-04-30 22:21:01'),
(3603, 2, 1, 7, 6, 1, '2020-04-30 22:21:01'),
(3604, 2, 1, 7, 7, 1, '2020-04-30 22:21:01'),
(3605, 2, 1, 7, 14, 1, '2020-04-30 22:21:01'),
(3606, 2, 1, 7, 15, 1, '2020-04-30 22:21:01'),
(3607, 2, 1, 7, 18, 1, '2020-04-30 22:21:01'),
(3608, 2, 1, 7, 19, 1, '2020-04-30 22:21:01'),
(3609, 2, 1, 8, 2, 1, '2020-04-30 22:21:01'),
(3610, 2, 1, 8, 3, 1, '2020-04-30 22:21:01'),
(3611, 2, 1, 8, 6, 1, '2020-04-30 22:21:01'),
(3612, 2, 1, 8, 7, 1, '2020-04-30 22:21:01'),
(3613, 2, 1, 8, 14, 1, '2020-04-30 22:21:01'),
(3614, 2, 1, 8, 15, 1, '2020-04-30 22:21:01'),
(3615, 2, 1, 8, 18, 1, '2020-04-30 22:21:01'),
(3616, 2, 1, 8, 19, 1, '2020-04-30 22:21:01'),
(3617, 2, 1, 9, 2, 1, '2020-04-30 22:21:01'),
(3618, 2, 1, 9, 3, 1, '2020-04-30 22:21:01'),
(3619, 2, 1, 9, 6, 1, '2020-04-30 22:21:01'),
(3620, 2, 1, 9, 7, 1, '2020-04-30 22:21:01'),
(3621, 2, 1, 9, 14, 1, '2020-04-30 22:21:01'),
(3622, 2, 1, 9, 15, 1, '2020-04-30 22:21:01'),
(3623, 2, 1, 9, 18, 1, '2020-04-30 22:21:01'),
(3624, 2, 1, 9, 19, 1, '2020-04-30 22:21:01'),
(3625, 2, 1, 12, 2, 1, '2020-04-30 22:21:01'),
(3626, 2, 1, 12, 3, 1, '2020-04-30 22:21:01'),
(3627, 2, 1, 12, 6, 1, '2020-04-30 22:21:01'),
(3628, 2, 1, 12, 7, 1, '2020-04-30 22:21:01'),
(3629, 2, 1, 12, 14, 1, '2020-04-30 22:21:01'),
(3630, 2, 1, 12, 15, 1, '2020-04-30 22:21:01'),
(3631, 2, 1, 12, 18, 1, '2020-04-30 22:21:01'),
(3632, 2, 1, 12, 19, 1, '2020-04-30 22:21:01'),
(3633, 2, 1, 13, 2, 1, '2020-04-30 22:21:01'),
(3634, 2, 1, 13, 3, 1, '2020-04-30 22:21:01'),
(3635, 2, 1, 13, 6, 1, '2020-04-30 22:21:01'),
(3636, 2, 1, 13, 7, 1, '2020-04-30 22:21:01'),
(3637, 2, 1, 13, 14, 1, '2020-04-30 22:21:01'),
(3638, 2, 1, 13, 15, 1, '2020-04-30 22:21:01'),
(3639, 2, 1, 13, 18, 1, '2020-04-30 22:21:01'),
(3640, 2, 1, 13, 19, 1, '2020-04-30 22:21:01'),
(3641, 2, 1, 14, 2, 1, '2020-04-30 22:21:01'),
(3642, 2, 1, 14, 3, 1, '2020-04-30 22:21:01'),
(3643, 2, 1, 14, 6, 1, '2020-04-30 22:21:01'),
(3644, 2, 1, 14, 7, 1, '2020-04-30 22:21:01'),
(3645, 2, 1, 14, 14, 1, '2020-04-30 22:21:01'),
(3646, 2, 1, 14, 15, 1, '2020-04-30 22:21:01'),
(3647, 2, 1, 14, 18, 1, '2020-04-30 22:21:01'),
(3648, 2, 1, 14, 19, 1, '2020-04-30 22:21:01'),
(3649, 2, 1, 17, 2, 1, '2020-04-30 22:21:01'),
(3650, 2, 1, 17, 3, 1, '2020-04-30 22:21:01'),
(3651, 2, 1, 17, 6, 1, '2020-04-30 22:21:01'),
(3652, 2, 1, 17, 7, 1, '2020-04-30 22:21:01'),
(3653, 2, 1, 17, 14, 1, '2020-04-30 22:21:01'),
(3654, 2, 1, 17, 15, 1, '2020-04-30 22:21:01'),
(3655, 2, 1, 17, 18, 1, '2020-04-30 22:21:01'),
(3656, 2, 1, 17, 19, 1, '2020-04-30 22:21:01'),
(3657, 2, 1, 18, 2, 1, '2020-04-30 22:21:01'),
(3658, 2, 1, 18, 3, 1, '2020-04-30 22:21:01'),
(3659, 2, 1, 18, 6, 1, '2020-04-30 22:21:01'),
(3660, 2, 1, 18, 7, 1, '2020-04-30 22:21:01'),
(3661, 2, 1, 18, 14, 1, '2020-04-30 22:21:01'),
(3662, 2, 1, 18, 15, 1, '2020-04-30 22:21:01'),
(3663, 2, 1, 18, 18, 1, '2020-04-30 22:21:01'),
(3664, 2, 1, 18, 19, 1, '2020-04-30 22:21:01'),
(3665, 2, 1, 19, 2, 1, '2020-04-30 22:21:01'),
(3666, 2, 1, 19, 3, 1, '2020-04-30 22:21:01'),
(3667, 2, 1, 19, 6, 1, '2020-04-30 22:21:01'),
(3668, 2, 1, 19, 7, 1, '2020-04-30 22:21:01'),
(3669, 2, 1, 19, 14, 1, '2020-04-30 22:21:01'),
(3670, 2, 1, 19, 15, 1, '2020-04-30 22:21:01'),
(3671, 2, 1, 19, 18, 1, '2020-04-30 22:21:01'),
(3672, 2, 1, 19, 19, 1, '2020-04-30 22:21:01'),
(3673, 2, 1, 3, 8, 1, '2020-04-30 22:21:01'),
(3674, 2, 1, 3, 9, 1, '2020-04-30 22:21:01'),
(3675, 2, 1, 3, 12, 1, '2020-04-30 22:21:01'),
(3676, 2, 1, 3, 13, 1, '2020-04-30 22:21:01'),
(3677, 2, 1, 4, 8, 1, '2020-04-30 22:21:01'),
(3678, 2, 1, 4, 9, 1, '2020-04-30 22:21:01'),
(3679, 2, 1, 4, 12, 1, '2020-04-30 22:21:01'),
(3680, 2, 1, 4, 13, 1, '2020-04-30 22:21:01'),
(3681, 2, 1, 22, 8, 1, '2020-04-30 22:21:01'),
(3682, 2, 1, 22, 9, 1, '2020-04-30 22:21:01'),
(3683, 2, 1, 22, 10, 1, '2020-04-30 22:21:01'),
(3684, 2, 1, 22, 11, 1, '2020-04-30 22:21:01'),
(3685, 2, 1, 22, 12, 1, '2020-04-30 22:21:01'),
(3686, 2, 1, 22, 13, 1, '2020-04-30 22:21:01'),
(3687, 2, 1, 3, 8, 1, '2020-04-30 22:21:01'),
(3688, 2, 1, 3, 9, 1, '2020-04-30 22:21:01'),
(3689, 2, 1, 3, 12, 1, '2020-04-30 22:21:01'),
(3690, 2, 1, 3, 13, 1, '2020-04-30 22:21:01'),
(3691, 2, 1, 4, 8, 1, '2020-04-30 22:21:01'),
(3692, 2, 1, 4, 9, 1, '2020-04-30 22:21:01'),
(3693, 2, 1, 4, 12, 1, '2020-04-30 22:21:01'),
(3694, 2, 1, 4, 13, 1, '2020-04-30 22:21:01'),
(3695, 2, 1, 22, 8, 1, '2020-04-30 22:21:01'),
(3696, 2, 1, 22, 9, 1, '2020-04-30 22:21:01'),
(3697, 2, 1, 22, 10, 1, '2020-04-30 22:21:01'),
(3698, 2, 1, 22, 11, 1, '2020-04-30 22:21:01'),
(3699, 2, 1, 22, 12, 1, '2020-04-30 22:21:01'),
(3700, 2, 1, 22, 13, 1, '2020-04-30 22:21:01'),
(3701, 2, 1, 23, 8, 1, '2020-04-30 22:21:01'),
(3702, 2, 1, 23, 9, 1, '2020-04-30 22:21:01'),
(3703, 2, 1, 23, 10, 1, '2020-04-30 22:21:01'),
(3704, 2, 1, 23, 11, 1, '2020-04-30 22:21:01'),
(3705, 2, 1, 23, 12, 1, '2020-04-30 22:21:01'),
(3706, 2, 1, 23, 13, 1, '2020-04-30 22:21:01'),
(3707, 2, 1, 3, 10, 2, '2020-04-30 22:21:02'),
(3708, 2, 1, 3, 11, 2, '2020-04-30 22:21:02'),
(3709, 2, 1, 4, 10, 2, '2020-04-30 22:21:02'),
(3710, 2, 1, 4, 11, 2, '2020-04-30 22:21:02'),
(3711, 2, 1, 7, 2, 2, '2020-04-30 22:21:02'),
(3712, 2, 1, 7, 3, 2, '2020-04-30 22:21:02'),
(3713, 2, 1, 7, 6, 2, '2020-04-30 22:21:02'),
(3714, 2, 1, 7, 7, 2, '2020-04-30 22:21:02'),
(3715, 2, 1, 7, 14, 2, '2020-04-30 22:21:02'),
(3716, 2, 1, 7, 15, 2, '2020-04-30 22:21:02'),
(3717, 2, 1, 7, 18, 2, '2020-04-30 22:21:02'),
(3718, 2, 1, 7, 19, 2, '2020-04-30 22:21:02'),
(3719, 2, 1, 8, 2, 2, '2020-04-30 22:21:02'),
(3720, 2, 1, 8, 3, 2, '2020-04-30 22:21:02'),
(3721, 2, 1, 8, 6, 2, '2020-04-30 22:21:02'),
(3722, 2, 1, 8, 7, 2, '2020-04-30 22:21:02'),
(3723, 2, 1, 8, 14, 2, '2020-04-30 22:21:02'),
(3724, 2, 1, 8, 15, 2, '2020-04-30 22:21:02'),
(3725, 2, 1, 8, 18, 2, '2020-04-30 22:21:02'),
(3726, 2, 1, 8, 19, 2, '2020-04-30 22:21:02'),
(3727, 2, 1, 9, 2, 2, '2020-04-30 22:21:02'),
(3728, 2, 1, 9, 3, 2, '2020-04-30 22:21:02'),
(3729, 2, 1, 9, 6, 2, '2020-04-30 22:21:02'),
(3730, 2, 1, 9, 7, 2, '2020-04-30 22:21:02'),
(3731, 2, 1, 9, 14, 2, '2020-04-30 22:21:02'),
(3732, 2, 1, 9, 15, 2, '2020-04-30 22:21:02'),
(3733, 2, 1, 9, 18, 2, '2020-04-30 22:21:02'),
(3734, 2, 1, 9, 19, 2, '2020-04-30 22:21:02'),
(3735, 2, 1, 12, 2, 2, '2020-04-30 22:21:02'),
(3736, 2, 1, 12, 3, 2, '2020-04-30 22:21:02'),
(3737, 2, 1, 12, 6, 2, '2020-04-30 22:21:02'),
(3738, 2, 1, 12, 7, 2, '2020-04-30 22:21:02'),
(3739, 2, 1, 12, 14, 2, '2020-04-30 22:21:02'),
(3740, 2, 1, 12, 15, 2, '2020-04-30 22:21:02'),
(3741, 2, 1, 12, 18, 2, '2020-04-30 22:21:02'),
(3742, 2, 1, 12, 19, 2, '2020-04-30 22:21:02'),
(3743, 2, 1, 13, 2, 2, '2020-04-30 22:21:02'),
(3744, 2, 1, 13, 3, 2, '2020-04-30 22:21:02'),
(3745, 2, 1, 13, 6, 2, '2020-04-30 22:21:02'),
(3746, 2, 1, 13, 7, 2, '2020-04-30 22:21:02'),
(3747, 2, 1, 13, 14, 2, '2020-04-30 22:21:02'),
(3748, 2, 1, 13, 15, 2, '2020-04-30 22:21:02'),
(3749, 2, 1, 13, 18, 2, '2020-04-30 22:21:02'),
(3750, 2, 1, 13, 19, 2, '2020-04-30 22:21:02'),
(3751, 2, 1, 14, 2, 2, '2020-04-30 22:21:02'),
(3752, 2, 1, 14, 3, 2, '2020-04-30 22:21:02'),
(3753, 2, 1, 14, 6, 2, '2020-04-30 22:21:02'),
(3754, 2, 1, 14, 7, 2, '2020-04-30 22:21:02'),
(3755, 2, 1, 14, 14, 2, '2020-04-30 22:21:02'),
(3756, 2, 1, 14, 15, 2, '2020-04-30 22:21:02'),
(3757, 2, 1, 14, 18, 2, '2020-04-30 22:21:02'),
(3758, 2, 1, 14, 19, 2, '2020-04-30 22:21:02'),
(3759, 2, 1, 17, 2, 2, '2020-04-30 22:21:02'),
(3760, 2, 1, 17, 3, 2, '2020-04-30 22:21:02'),
(3761, 2, 1, 17, 6, 2, '2020-04-30 22:21:02'),
(3762, 2, 1, 17, 7, 2, '2020-04-30 22:21:02'),
(3763, 2, 1, 17, 14, 2, '2020-04-30 22:21:02'),
(3764, 2, 1, 17, 15, 2, '2020-04-30 22:21:02'),
(3765, 2, 1, 17, 18, 2, '2020-04-30 22:21:02'),
(3766, 2, 1, 17, 19, 2, '2020-04-30 22:21:02'),
(3767, 2, 1, 18, 2, 2, '2020-04-30 22:21:02'),
(3768, 2, 1, 18, 3, 2, '2020-04-30 22:21:02'),
(3769, 2, 1, 18, 6, 2, '2020-04-30 22:21:02'),
(3770, 2, 1, 18, 7, 2, '2020-04-30 22:21:02'),
(3771, 2, 1, 18, 14, 2, '2020-04-30 22:21:02'),
(3772, 2, 1, 18, 15, 2, '2020-04-30 22:21:02'),
(3773, 2, 1, 18, 18, 2, '2020-04-30 22:21:02'),
(3774, 2, 1, 18, 19, 2, '2020-04-30 22:21:02'),
(3775, 2, 1, 19, 2, 2, '2020-04-30 22:21:02'),
(3776, 2, 1, 19, 3, 2, '2020-04-30 22:21:02'),
(3777, 2, 1, 19, 6, 2, '2020-04-30 22:21:02'),
(3778, 2, 1, 19, 7, 2, '2020-04-30 22:21:02'),
(3779, 2, 1, 19, 14, 2, '2020-04-30 22:21:02'),
(3780, 2, 1, 19, 15, 2, '2020-04-30 22:21:02'),
(3781, 2, 1, 19, 18, 2, '2020-04-30 22:21:02'),
(3782, 2, 1, 19, 19, 2, '2020-04-30 22:21:02'),
(3783, 2, 1, 3, 8, 2, '2020-04-30 22:21:02'),
(3784, 2, 1, 3, 9, 2, '2020-04-30 22:21:02'),
(3785, 2, 1, 3, 12, 2, '2020-04-30 22:21:02'),
(3786, 2, 1, 3, 13, 2, '2020-04-30 22:21:02'),
(3787, 2, 1, 4, 8, 2, '2020-04-30 22:21:02'),
(3788, 2, 1, 4, 9, 2, '2020-04-30 22:21:02'),
(3789, 2, 1, 4, 12, 2, '2020-04-30 22:21:02'),
(3790, 2, 1, 4, 13, 2, '2020-04-30 22:21:02'),
(3791, 2, 1, 22, 8, 2, '2020-04-30 22:21:02'),
(3792, 2, 1, 22, 9, 2, '2020-04-30 22:21:02'),
(3793, 2, 1, 22, 10, 2, '2020-04-30 22:21:02'),
(3794, 2, 1, 22, 11, 2, '2020-04-30 22:21:02'),
(3795, 2, 1, 22, 12, 2, '2020-04-30 22:21:02'),
(3796, 2, 1, 22, 13, 2, '2020-04-30 22:21:02'),
(3797, 2, 1, 3, 8, 2, '2020-04-30 22:21:02'),
(3798, 2, 1, 3, 9, 2, '2020-04-30 22:21:02'),
(3799, 2, 1, 3, 12, 2, '2020-04-30 22:21:02'),
(3800, 2, 1, 3, 13, 2, '2020-04-30 22:21:02'),
(3801, 2, 1, 4, 8, 2, '2020-04-30 22:21:02'),
(3802, 2, 1, 4, 9, 2, '2020-04-30 22:21:02'),
(3803, 2, 1, 4, 12, 2, '2020-04-30 22:21:02'),
(3804, 2, 1, 4, 13, 2, '2020-04-30 22:21:02'),
(3805, 2, 1, 22, 8, 2, '2020-04-30 22:21:02'),
(3806, 2, 1, 22, 9, 2, '2020-04-30 22:21:02'),
(3807, 2, 1, 22, 10, 2, '2020-04-30 22:21:02'),
(3808, 2, 1, 22, 11, 2, '2020-04-30 22:21:02'),
(3809, 2, 1, 22, 12, 2, '2020-04-30 22:21:02'),
(3810, 2, 1, 22, 13, 2, '2020-04-30 22:21:02'),
(3811, 2, 1, 23, 8, 2, '2020-04-30 22:21:02'),
(3812, 2, 1, 23, 9, 2, '2020-04-30 22:21:02'),
(3813, 2, 1, 23, 10, 2, '2020-04-30 22:21:02'),
(3814, 2, 1, 23, 11, 2, '2020-04-30 22:21:02'),
(3815, 2, 1, 23, 12, 2, '2020-04-30 22:21:02'),
(3816, 2, 1, 23, 13, 2, '2020-04-30 22:21:02'),
(3817, 2, 1, 3, 10, 2, '2020-04-30 22:21:03'),
(3818, 2, 1, 3, 11, 2, '2020-04-30 22:21:03'),
(3819, 2, 1, 4, 10, 2, '2020-04-30 22:21:03'),
(3820, 2, 1, 4, 11, 2, '2020-04-30 22:21:03'),
(3821, 2, 1, 7, 2, 2, '2020-04-30 22:21:03'),
(3822, 2, 1, 7, 3, 2, '2020-04-30 22:21:03'),
(3823, 2, 1, 7, 6, 2, '2020-04-30 22:21:03'),
(3824, 2, 1, 7, 7, 2, '2020-04-30 22:21:03'),
(3825, 2, 1, 7, 14, 2, '2020-04-30 22:21:03'),
(3826, 2, 1, 7, 15, 2, '2020-04-30 22:21:03'),
(3827, 2, 1, 7, 18, 2, '2020-04-30 22:21:03'),
(3828, 2, 1, 7, 19, 2, '2020-04-30 22:21:03'),
(3829, 2, 1, 8, 2, 2, '2020-04-30 22:21:03'),
(3830, 2, 1, 8, 3, 2, '2020-04-30 22:21:03'),
(3831, 2, 1, 8, 6, 2, '2020-04-30 22:21:03'),
(3832, 2, 1, 8, 7, 2, '2020-04-30 22:21:03'),
(3833, 2, 1, 8, 14, 2, '2020-04-30 22:21:03'),
(3834, 2, 1, 8, 15, 2, '2020-04-30 22:21:03'),
(3835, 2, 1, 8, 18, 2, '2020-04-30 22:21:03'),
(3836, 2, 1, 8, 19, 2, '2020-04-30 22:21:03'),
(3837, 2, 1, 9, 2, 2, '2020-04-30 22:21:03'),
(3838, 2, 1, 9, 3, 2, '2020-04-30 22:21:03'),
(3839, 2, 1, 9, 6, 2, '2020-04-30 22:21:03'),
(3840, 2, 1, 9, 7, 2, '2020-04-30 22:21:03'),
(3841, 2, 1, 9, 14, 2, '2020-04-30 22:21:03'),
(3842, 2, 1, 9, 15, 2, '2020-04-30 22:21:03'),
(3843, 2, 1, 9, 18, 2, '2020-04-30 22:21:03'),
(3844, 2, 1, 9, 19, 2, '2020-04-30 22:21:03'),
(3845, 2, 1, 12, 2, 2, '2020-04-30 22:21:03'),
(3846, 2, 1, 12, 3, 2, '2020-04-30 22:21:03'),
(3847, 2, 1, 12, 6, 2, '2020-04-30 22:21:03'),
(3848, 2, 1, 12, 7, 2, '2020-04-30 22:21:03'),
(3849, 2, 1, 12, 14, 2, '2020-04-30 22:21:03'),
(3850, 2, 1, 12, 15, 2, '2020-04-30 22:21:03'),
(3851, 2, 1, 12, 18, 2, '2020-04-30 22:21:03'),
(3852, 2, 1, 12, 19, 2, '2020-04-30 22:21:03'),
(3853, 2, 1, 13, 2, 2, '2020-04-30 22:21:03'),
(3854, 2, 1, 13, 3, 2, '2020-04-30 22:21:03'),
(3855, 2, 1, 13, 6, 2, '2020-04-30 22:21:03'),
(3856, 2, 1, 13, 7, 2, '2020-04-30 22:21:03'),
(3857, 2, 1, 13, 14, 2, '2020-04-30 22:21:03'),
(3858, 2, 1, 13, 15, 2, '2020-04-30 22:21:03'),
(3859, 2, 1, 13, 18, 2, '2020-04-30 22:21:03'),
(3860, 2, 1, 13, 19, 2, '2020-04-30 22:21:03'),
(3861, 2, 1, 14, 2, 2, '2020-04-30 22:21:03'),
(3862, 2, 1, 14, 3, 2, '2020-04-30 22:21:03'),
(3863, 2, 1, 14, 6, 2, '2020-04-30 22:21:03'),
(3864, 2, 1, 14, 7, 2, '2020-04-30 22:21:03'),
(3865, 2, 1, 14, 14, 2, '2020-04-30 22:21:03'),
(3866, 2, 1, 14, 15, 2, '2020-04-30 22:21:03'),
(3867, 2, 1, 14, 18, 2, '2020-04-30 22:21:03'),
(3868, 2, 1, 14, 19, 2, '2020-04-30 22:21:03'),
(3869, 2, 1, 17, 2, 2, '2020-04-30 22:21:03'),
(3870, 2, 1, 17, 3, 2, '2020-04-30 22:21:03'),
(3871, 2, 1, 17, 6, 2, '2020-04-30 22:21:03'),
(3872, 2, 1, 17, 7, 2, '2020-04-30 22:21:03'),
(3873, 2, 1, 17, 14, 2, '2020-04-30 22:21:03'),
(3874, 2, 1, 17, 15, 2, '2020-04-30 22:21:03'),
(3875, 2, 1, 17, 18, 2, '2020-04-30 22:21:03'),
(3876, 2, 1, 17, 19, 2, '2020-04-30 22:21:03'),
(3877, 2, 1, 18, 2, 2, '2020-04-30 22:21:03'),
(3878, 2, 1, 18, 3, 2, '2020-04-30 22:21:03'),
(3879, 2, 1, 18, 6, 2, '2020-04-30 22:21:03'),
(3880, 2, 1, 18, 7, 2, '2020-04-30 22:21:03'),
(3881, 2, 1, 18, 14, 2, '2020-04-30 22:21:03'),
(3882, 2, 1, 18, 15, 2, '2020-04-30 22:21:03'),
(3883, 2, 1, 18, 18, 2, '2020-04-30 22:21:03'),
(3884, 2, 1, 18, 19, 2, '2020-04-30 22:21:03'),
(3885, 2, 1, 19, 2, 2, '2020-04-30 22:21:03'),
(3886, 2, 1, 19, 3, 2, '2020-04-30 22:21:03'),
(3887, 2, 1, 19, 6, 2, '2020-04-30 22:21:03'),
(3888, 2, 1, 19, 7, 2, '2020-04-30 22:21:03'),
(3889, 2, 1, 19, 14, 2, '2020-04-30 22:21:03'),
(3890, 2, 1, 19, 15, 2, '2020-04-30 22:21:03'),
(3891, 2, 1, 19, 18, 2, '2020-04-30 22:21:03'),
(3892, 2, 1, 19, 19, 2, '2020-04-30 22:21:03'),
(3893, 2, 1, 3, 8, 2, '2020-04-30 22:21:03'),
(3894, 2, 1, 3, 9, 2, '2020-04-30 22:21:03'),
(3895, 2, 1, 3, 12, 2, '2020-04-30 22:21:03'),
(3896, 2, 1, 3, 13, 2, '2020-04-30 22:21:03'),
(3897, 2, 1, 4, 8, 2, '2020-04-30 22:21:03'),
(3898, 2, 1, 4, 9, 2, '2020-04-30 22:21:03'),
(3899, 2, 1, 4, 12, 2, '2020-04-30 22:21:03'),
(3900, 2, 1, 4, 13, 2, '2020-04-30 22:21:03'),
(3901, 2, 1, 22, 8, 2, '2020-04-30 22:21:03'),
(3902, 2, 1, 22, 9, 2, '2020-04-30 22:21:03'),
(3903, 2, 1, 22, 10, 2, '2020-04-30 22:21:03'),
(3904, 2, 1, 22, 11, 2, '2020-04-30 22:21:03'),
(3905, 2, 1, 22, 12, 2, '2020-04-30 22:21:03'),
(3906, 2, 1, 22, 13, 2, '2020-04-30 22:21:03'),
(3907, 2, 1, 3, 8, 2, '2020-04-30 22:21:03'),
(3908, 2, 1, 3, 9, 2, '2020-04-30 22:21:03'),
(3909, 2, 1, 3, 12, 2, '2020-04-30 22:21:03'),
(3910, 2, 1, 3, 13, 2, '2020-04-30 22:21:03'),
(3911, 2, 1, 4, 8, 2, '2020-04-30 22:21:03'),
(3912, 2, 1, 4, 9, 2, '2020-04-30 22:21:03'),
(3913, 2, 1, 4, 12, 2, '2020-04-30 22:21:03'),
(3914, 2, 1, 4, 13, 2, '2020-04-30 22:21:03'),
(3915, 2, 1, 22, 8, 2, '2020-04-30 22:21:03'),
(3916, 2, 1, 22, 9, 2, '2020-04-30 22:21:03'),
(3917, 2, 1, 22, 10, 2, '2020-04-30 22:21:03'),
(3918, 2, 1, 22, 11, 2, '2020-04-30 22:21:03'),
(3919, 2, 1, 22, 12, 2, '2020-04-30 22:21:03'),
(3920, 2, 1, 22, 13, 2, '2020-04-30 22:21:03'),
(3921, 2, 1, 23, 8, 2, '2020-04-30 22:21:03'),
(3922, 2, 1, 23, 9, 2, '2020-04-30 22:21:03'),
(3923, 2, 1, 23, 10, 2, '2020-04-30 22:21:03'),
(3924, 2, 1, 23, 11, 2, '2020-04-30 22:21:03'),
(3925, 2, 1, 23, 12, 2, '2020-04-30 22:21:03'),
(3926, 2, 1, 23, 13, 2, '2020-04-30 22:21:03'),
(3927, 2, 1, 3, 10, 0, '2020-04-30 22:21:04'),
(3928, 2, 1, 3, 11, 0, '2020-04-30 22:21:04'),
(3929, 2, 1, 4, 10, 0, '2020-04-30 22:21:04'),
(3930, 2, 1, 4, 11, 0, '2020-04-30 22:21:04'),
(3931, 2, 1, 7, 2, 0, '2020-04-30 22:21:04'),
(3932, 2, 1, 7, 3, 0, '2020-04-30 22:21:04'),
(3933, 2, 1, 7, 6, 0, '2020-04-30 22:21:04'),
(3934, 2, 1, 7, 7, 0, '2020-04-30 22:21:04'),
(3935, 2, 1, 7, 14, 0, '2020-04-30 22:21:04'),
(3936, 2, 1, 7, 15, 0, '2020-04-30 22:21:04'),
(3937, 2, 1, 7, 18, 0, '2020-04-30 22:21:04'),
(3938, 2, 1, 7, 19, 0, '2020-04-30 22:21:04'),
(3939, 2, 1, 8, 2, 0, '2020-04-30 22:21:04'),
(3940, 2, 1, 8, 3, 0, '2020-04-30 22:21:04'),
(3941, 2, 1, 8, 6, 0, '2020-04-30 22:21:04'),
(3942, 2, 1, 8, 7, 0, '2020-04-30 22:21:04'),
(3943, 2, 1, 8, 14, 0, '2020-04-30 22:21:04'),
(3944, 2, 1, 8, 15, 0, '2020-04-30 22:21:04'),
(3945, 2, 1, 8, 18, 0, '2020-04-30 22:21:04'),
(3946, 2, 1, 8, 19, 0, '2020-04-30 22:21:04'),
(3947, 2, 1, 9, 2, 0, '2020-04-30 22:21:04'),
(3948, 2, 1, 9, 3, 0, '2020-04-30 22:21:04'),
(3949, 2, 1, 9, 6, 0, '2020-04-30 22:21:04'),
(3950, 2, 1, 9, 7, 0, '2020-04-30 22:21:04'),
(3951, 2, 1, 9, 14, 0, '2020-04-30 22:21:04'),
(3952, 2, 1, 9, 15, 0, '2020-04-30 22:21:04'),
(3953, 2, 1, 9, 18, 0, '2020-04-30 22:21:04'),
(3954, 2, 1, 9, 19, 0, '2020-04-30 22:21:04'),
(3955, 2, 1, 12, 2, 0, '2020-04-30 22:21:04'),
(3956, 2, 1, 12, 3, 0, '2020-04-30 22:21:04'),
(3957, 2, 1, 12, 6, 0, '2020-04-30 22:21:04'),
(3958, 2, 1, 12, 7, 0, '2020-04-30 22:21:04'),
(3959, 2, 1, 12, 14, 0, '2020-04-30 22:21:04'),
(3960, 2, 1, 12, 15, 0, '2020-04-30 22:21:04'),
(3961, 2, 1, 12, 18, 0, '2020-04-30 22:21:04'),
(3962, 2, 1, 12, 19, 0, '2020-04-30 22:21:04'),
(3963, 2, 1, 13, 2, 0, '2020-04-30 22:21:04'),
(3964, 2, 1, 13, 3, 0, '2020-04-30 22:21:04'),
(3965, 2, 1, 13, 6, 0, '2020-04-30 22:21:04'),
(3966, 2, 1, 13, 7, 0, '2020-04-30 22:21:04'),
(3967, 2, 1, 13, 14, 0, '2020-04-30 22:21:04'),
(3968, 2, 1, 13, 15, 0, '2020-04-30 22:21:04'),
(3969, 2, 1, 13, 18, 0, '2020-04-30 22:21:04'),
(3970, 2, 1, 13, 19, 0, '2020-04-30 22:21:04'),
(3971, 2, 1, 14, 2, 0, '2020-04-30 22:21:04'),
(3972, 2, 1, 14, 3, 0, '2020-04-30 22:21:04'),
(3973, 2, 1, 14, 6, 0, '2020-04-30 22:21:04'),
(3974, 2, 1, 14, 7, 0, '2020-04-30 22:21:04'),
(3975, 2, 1, 14, 14, 0, '2020-04-30 22:21:04'),
(3976, 2, 1, 14, 15, 0, '2020-04-30 22:21:04'),
(3977, 2, 1, 14, 18, 0, '2020-04-30 22:21:04'),
(3978, 2, 1, 14, 19, 0, '2020-04-30 22:21:04'),
(3979, 2, 1, 17, 2, 0, '2020-04-30 22:21:04'),
(3980, 2, 1, 17, 3, 0, '2020-04-30 22:21:04'),
(3981, 2, 1, 17, 6, 0, '2020-04-30 22:21:04'),
(3982, 2, 1, 17, 7, 0, '2020-04-30 22:21:04'),
(3983, 2, 1, 17, 14, 0, '2020-04-30 22:21:04'),
(3984, 2, 1, 17, 15, 0, '2020-04-30 22:21:04'),
(3985, 2, 1, 17, 18, 0, '2020-04-30 22:21:04'),
(3986, 2, 1, 17, 19, 0, '2020-04-30 22:21:04'),
(3987, 2, 1, 18, 2, 0, '2020-04-30 22:21:04'),
(3988, 2, 1, 18, 3, 0, '2020-04-30 22:21:04'),
(3989, 2, 1, 18, 6, 0, '2020-04-30 22:21:04'),
(3990, 2, 1, 18, 7, 0, '2020-04-30 22:21:04'),
(3991, 2, 1, 18, 14, 0, '2020-04-30 22:21:04'),
(3992, 2, 1, 18, 15, 0, '2020-04-30 22:21:04'),
(3993, 2, 1, 18, 18, 0, '2020-04-30 22:21:04'),
(3994, 2, 1, 18, 19, 0, '2020-04-30 22:21:04'),
(3995, 2, 1, 19, 2, 0, '2020-04-30 22:21:04'),
(3996, 2, 1, 19, 3, 0, '2020-04-30 22:21:04'),
(3997, 2, 1, 19, 6, 0, '2020-04-30 22:21:04'),
(3998, 2, 1, 19, 7, 0, '2020-04-30 22:21:04'),
(3999, 2, 1, 19, 14, 0, '2020-04-30 22:21:04'),
(4000, 2, 1, 19, 15, 0, '2020-04-30 22:21:04'),
(4001, 2, 1, 19, 18, 0, '2020-04-30 22:21:04'),
(4002, 2, 1, 19, 19, 0, '2020-04-30 22:21:04'),
(4003, 2, 1, 3, 8, 0, '2020-04-30 22:21:04'),
(4004, 2, 1, 3, 9, 0, '2020-04-30 22:21:04'),
(4005, 2, 1, 3, 12, 0, '2020-04-30 22:21:04'),
(4006, 2, 1, 3, 13, 0, '2020-04-30 22:21:04'),
(4007, 2, 1, 4, 8, 0, '2020-04-30 22:21:04'),
(4008, 2, 1, 4, 9, 0, '2020-04-30 22:21:04'),
(4009, 2, 1, 4, 12, 0, '2020-04-30 22:21:04'),
(4010, 2, 1, 4, 13, 0, '2020-04-30 22:21:04'),
(4011, 2, 1, 22, 8, 0, '2020-04-30 22:21:04'),
(4012, 2, 1, 22, 9, 0, '2020-04-30 22:21:04'),
(4013, 2, 1, 22, 10, 0, '2020-04-30 22:21:04'),
(4014, 2, 1, 22, 11, 0, '2020-04-30 22:21:04'),
(4015, 2, 1, 22, 12, 0, '2020-04-30 22:21:04'),
(4016, 2, 1, 22, 13, 0, '2020-04-30 22:21:04'),
(4017, 2, 1, 3, 8, 0, '2020-04-30 22:21:04'),
(4018, 2, 1, 3, 9, 0, '2020-04-30 22:21:04'),
(4019, 2, 1, 3, 12, 0, '2020-04-30 22:21:04'),
(4020, 2, 1, 3, 13, 0, '2020-04-30 22:21:04'),
(4021, 2, 1, 4, 8, 0, '2020-04-30 22:21:04'),
(4022, 2, 1, 4, 9, 0, '2020-04-30 22:21:04'),
(4023, 2, 1, 4, 12, 0, '2020-04-30 22:21:04'),
(4024, 2, 1, 4, 13, 0, '2020-04-30 22:21:04'),
(4025, 2, 1, 22, 8, 0, '2020-04-30 22:21:04'),
(4026, 2, 1, 22, 9, 0, '2020-04-30 22:21:04'),
(4027, 2, 1, 22, 10, 0, '2020-04-30 22:21:04'),
(4028, 2, 1, 22, 11, 0, '2020-04-30 22:21:04'),
(4029, 2, 1, 22, 12, 0, '2020-04-30 22:21:04'),
(4030, 2, 1, 22, 13, 0, '2020-04-30 22:21:04'),
(4031, 2, 1, 23, 8, 0, '2020-04-30 22:21:04'),
(4032, 2, 1, 23, 9, 0, '2020-04-30 22:21:04'),
(4033, 2, 1, 23, 10, 0, '2020-04-30 22:21:04'),
(4034, 2, 1, 23, 11, 0, '2020-04-30 22:21:04'),
(4035, 2, 1, 23, 12, 0, '2020-04-30 22:21:04'),
(4036, 2, 1, 23, 13, 0, '2020-04-30 22:21:04'),
(4037, 2, 1, 3, 10, 0, '2020-04-30 22:21:05'),
(4038, 2, 1, 3, 11, 0, '2020-04-30 22:21:05'),
(4039, 2, 1, 4, 10, 0, '2020-04-30 22:21:05'),
(4040, 2, 1, 4, 11, 0, '2020-04-30 22:21:05'),
(4041, 2, 1, 7, 2, 0, '2020-04-30 22:21:05'),
(4042, 2, 1, 7, 3, 0, '2020-04-30 22:21:05'),
(4043, 2, 1, 7, 6, 0, '2020-04-30 22:21:05'),
(4044, 2, 1, 7, 7, 0, '2020-04-30 22:21:05'),
(4045, 2, 1, 7, 14, 0, '2020-04-30 22:21:05'),
(4046, 2, 1, 7, 15, 0, '2020-04-30 22:21:05'),
(4047, 2, 1, 7, 18, 0, '2020-04-30 22:21:05'),
(4048, 2, 1, 7, 19, 0, '2020-04-30 22:21:05'),
(4049, 2, 1, 8, 2, 0, '2020-04-30 22:21:05'),
(4050, 2, 1, 8, 3, 0, '2020-04-30 22:21:05'),
(4051, 2, 1, 8, 6, 0, '2020-04-30 22:21:05'),
(4052, 2, 1, 8, 7, 0, '2020-04-30 22:21:05'),
(4053, 2, 1, 8, 14, 0, '2020-04-30 22:21:05'),
(4054, 2, 1, 8, 15, 0, '2020-04-30 22:21:05'),
(4055, 2, 1, 8, 18, 0, '2020-04-30 22:21:05'),
(4056, 2, 1, 8, 19, 0, '2020-04-30 22:21:05'),
(4057, 2, 1, 9, 2, 0, '2020-04-30 22:21:05'),
(4058, 2, 1, 9, 3, 0, '2020-04-30 22:21:05'),
(4059, 2, 1, 9, 6, 0, '2020-04-30 22:21:05'),
(4060, 2, 1, 9, 7, 0, '2020-04-30 22:21:05'),
(4061, 2, 1, 9, 14, 0, '2020-04-30 22:21:05'),
(4062, 2, 1, 9, 15, 0, '2020-04-30 22:21:05'),
(4063, 2, 1, 9, 18, 0, '2020-04-30 22:21:05'),
(4064, 2, 1, 9, 19, 0, '2020-04-30 22:21:05'),
(4065, 2, 1, 12, 2, 0, '2020-04-30 22:21:05'),
(4066, 2, 1, 12, 3, 0, '2020-04-30 22:21:05'),
(4067, 2, 1, 12, 6, 0, '2020-04-30 22:21:05'),
(4068, 2, 1, 12, 7, 0, '2020-04-30 22:21:05'),
(4069, 2, 1, 12, 14, 0, '2020-04-30 22:21:05'),
(4070, 2, 1, 12, 15, 0, '2020-04-30 22:21:05'),
(4071, 2, 1, 12, 18, 0, '2020-04-30 22:21:05'),
(4072, 2, 1, 12, 19, 0, '2020-04-30 22:21:05'),
(4073, 2, 1, 13, 2, 0, '2020-04-30 22:21:05'),
(4074, 2, 1, 13, 3, 0, '2020-04-30 22:21:05'),
(4075, 2, 1, 13, 6, 0, '2020-04-30 22:21:05'),
(4076, 2, 1, 13, 7, 0, '2020-04-30 22:21:05'),
(4077, 2, 1, 13, 14, 0, '2020-04-30 22:21:05'),
(4078, 2, 1, 13, 15, 0, '2020-04-30 22:21:05'),
(4079, 2, 1, 13, 18, 0, '2020-04-30 22:21:05'),
(4080, 2, 1, 13, 19, 0, '2020-04-30 22:21:05'),
(4081, 2, 1, 14, 2, 0, '2020-04-30 22:21:05'),
(4082, 2, 1, 14, 3, 0, '2020-04-30 22:21:05'),
(4083, 2, 1, 14, 6, 0, '2020-04-30 22:21:05'),
(4084, 2, 1, 14, 7, 0, '2020-04-30 22:21:05'),
(4085, 2, 1, 14, 14, 0, '2020-04-30 22:21:05'),
(4086, 2, 1, 14, 15, 0, '2020-04-30 22:21:05'),
(4087, 2, 1, 14, 18, 0, '2020-04-30 22:21:05'),
(4088, 2, 1, 14, 19, 0, '2020-04-30 22:21:05'),
(4089, 2, 1, 17, 2, 0, '2020-04-30 22:21:05'),
(4090, 2, 1, 17, 3, 0, '2020-04-30 22:21:05'),
(4091, 2, 1, 17, 6, 0, '2020-04-30 22:21:05'),
(4092, 2, 1, 17, 7, 0, '2020-04-30 22:21:05'),
(4093, 2, 1, 17, 14, 0, '2020-04-30 22:21:05'),
(4094, 2, 1, 17, 15, 0, '2020-04-30 22:21:05'),
(4095, 2, 1, 17, 18, 0, '2020-04-30 22:21:05'),
(4096, 2, 1, 17, 19, 0, '2020-04-30 22:21:05'),
(4097, 2, 1, 18, 2, 0, '2020-04-30 22:21:05'),
(4098, 2, 1, 18, 3, 0, '2020-04-30 22:21:05'),
(4099, 2, 1, 18, 6, 0, '2020-04-30 22:21:05'),
(4100, 2, 1, 18, 7, 0, '2020-04-30 22:21:05'),
(4101, 2, 1, 18, 14, 0, '2020-04-30 22:21:05'),
(4102, 2, 1, 18, 15, 0, '2020-04-30 22:21:05'),
(4103, 2, 1, 18, 18, 0, '2020-04-30 22:21:05'),
(4104, 2, 1, 18, 19, 0, '2020-04-30 22:21:05'),
(4105, 2, 1, 19, 2, 0, '2020-04-30 22:21:05'),
(4106, 2, 1, 19, 3, 0, '2020-04-30 22:21:05'),
(4107, 2, 1, 19, 6, 0, '2020-04-30 22:21:05'),
(4108, 2, 1, 19, 7, 0, '2020-04-30 22:21:05'),
(4109, 2, 1, 19, 14, 0, '2020-04-30 22:21:05'),
(4110, 2, 1, 19, 15, 0, '2020-04-30 22:21:05'),
(4111, 2, 1, 19, 18, 0, '2020-04-30 22:21:05'),
(4112, 2, 1, 19, 19, 0, '2020-04-30 22:21:05'),
(4113, 2, 1, 3, 8, 0, '2020-04-30 22:21:05'),
(4114, 2, 1, 3, 9, 0, '2020-04-30 22:21:05'),
(4115, 2, 1, 3, 12, 0, '2020-04-30 22:21:05'),
(4116, 2, 1, 3, 13, 0, '2020-04-30 22:21:05'),
(4117, 2, 1, 4, 8, 0, '2020-04-30 22:21:05'),
(4118, 2, 1, 4, 9, 0, '2020-04-30 22:21:05'),
(4119, 2, 1, 4, 12, 0, '2020-04-30 22:21:05'),
(4120, 2, 1, 4, 13, 0, '2020-04-30 22:21:05'),
(4121, 2, 1, 22, 8, 0, '2020-04-30 22:21:05'),
(4122, 2, 1, 22, 9, 0, '2020-04-30 22:21:05'),
(4123, 2, 1, 22, 10, 0, '2020-04-30 22:21:05'),
(4124, 2, 1, 22, 11, 0, '2020-04-30 22:21:05'),
(4125, 2, 1, 22, 12, 0, '2020-04-30 22:21:05'),
(4126, 2, 1, 22, 13, 0, '2020-04-30 22:21:05'),
(4127, 2, 1, 3, 8, 0, '2020-04-30 22:21:05'),
(4128, 2, 1, 3, 9, 0, '2020-04-30 22:21:05'),
(4129, 2, 1, 3, 12, 0, '2020-04-30 22:21:05'),
(4130, 2, 1, 3, 13, 0, '2020-04-30 22:21:05'),
(4131, 2, 1, 4, 8, 0, '2020-04-30 22:21:05'),
(4132, 2, 1, 4, 9, 0, '2020-04-30 22:21:05'),
(4133, 2, 1, 4, 12, 0, '2020-04-30 22:21:05'),
(4134, 2, 1, 4, 13, 0, '2020-04-30 22:21:05'),
(4135, 2, 1, 22, 8, 0, '2020-04-30 22:21:05'),
(4136, 2, 1, 22, 9, 0, '2020-04-30 22:21:05'),
(4137, 2, 1, 22, 10, 0, '2020-04-30 22:21:05'),
(4138, 2, 1, 22, 11, 0, '2020-04-30 22:21:05'),
(4139, 2, 1, 22, 12, 0, '2020-04-30 22:21:05'),
(4140, 2, 1, 22, 13, 0, '2020-04-30 22:21:05'),
(4141, 2, 1, 23, 8, 0, '2020-04-30 22:21:05'),
(4142, 2, 1, 23, 9, 0, '2020-04-30 22:21:05'),
(4143, 2, 1, 23, 10, 0, '2020-04-30 22:21:05'),
(4144, 2, 1, 23, 11, 0, '2020-04-30 22:21:05'),
(4145, 2, 1, 23, 12, 0, '2020-04-30 22:21:05'),
(4146, 2, 1, 23, 13, 0, '2020-04-30 22:21:05'),
(4147, 8, 1, 5, 17, 1, '2020-05-01 03:31:45'),
(4148, 8, 1, 3, 4, 0, '2020-05-01 03:31:52'),
(4149, 8, 1, 3, 8, 0, '2020-05-01 03:31:52'),
(4150, 8, 1, 3, 9, 0, '2020-05-01 03:31:52'),
(4151, 8, 1, 3, 12, 0, '2020-05-01 03:31:52'),
(4152, 8, 1, 3, 13, 0, '2020-05-01 03:31:52'),
(4153, 8, 1, 3, 17, 0, '2020-05-01 03:31:52'),
(4154, 8, 1, 4, 3, 0, '2020-05-01 03:31:52'),
(4155, 8, 1, 4, 5, 0, '2020-05-01 03:31:52'),
(4156, 8, 1, 4, 8, 0, '2020-05-01 03:31:52'),
(4157, 8, 1, 4, 9, 0, '2020-05-01 03:31:52'),
(4158, 8, 1, 4, 12, 0, '2020-05-01 03:31:52'),
(4159, 8, 1, 4, 13, 0, '2020-05-01 03:31:52'),
(4160, 8, 1, 4, 16, 0, '2020-05-01 03:31:52'),
(4161, 8, 1, 4, 18, 0, '2020-05-01 03:31:52'),
(4162, 8, 1, 5, 4, 0, '2020-05-01 03:31:52'),
(4163, 8, 1, 5, 17, 0, '2020-05-01 03:31:52'),
(4164, 8, 1, 8, 4, 0, '2020-05-01 03:31:52'),
(4165, 8, 1, 8, 17, 0, '2020-05-01 03:31:52'),
(4166, 8, 1, 9, 3, 0, '2020-05-01 03:31:52'),
(4167, 8, 1, 9, 5, 0, '2020-05-01 03:31:52'),
(4168, 8, 1, 9, 8, 0, '2020-05-01 03:31:52'),
(4169, 8, 1, 9, 9, 0, '2020-05-01 03:31:52'),
(4170, 8, 1, 9, 12, 0, '2020-05-01 03:31:52'),
(4171, 8, 1, 9, 13, 0, '2020-05-01 03:31:52'),
(4172, 8, 1, 9, 16, 0, '2020-05-01 03:31:52'),
(4173, 8, 1, 9, 18, 0, '2020-05-01 03:31:52'),
(4174, 8, 1, 10, 4, 0, '2020-05-01 03:31:52'),
(4175, 8, 1, 10, 8, 0, '2020-05-01 03:31:52'),
(4176, 8, 1, 10, 9, 0, '2020-05-01 03:31:52'),
(4177, 8, 1, 10, 12, 0, '2020-05-01 03:31:52'),
(4178, 8, 1, 10, 13, 0, '2020-05-01 03:31:52'),
(4179, 8, 1, 10, 17, 0, '2020-05-01 03:31:52'),
(4180, 8, 1, 3, 4, 1, '2020-05-01 03:31:55'),
(4181, 8, 1, 3, 8, 1, '2020-05-01 03:31:55'),
(4182, 8, 1, 3, 9, 1, '2020-05-01 03:31:55'),
(4183, 8, 1, 3, 12, 1, '2020-05-01 03:31:55'),
(4184, 8, 1, 3, 13, 1, '2020-05-01 03:31:55'),
(4185, 8, 1, 3, 17, 1, '2020-05-01 03:31:55'),
(4186, 8, 1, 4, 3, 1, '2020-05-01 03:31:55'),
(4187, 8, 1, 4, 5, 1, '2020-05-01 03:31:55'),
(4188, 8, 1, 4, 8, 1, '2020-05-01 03:31:55'),
(4189, 8, 1, 4, 9, 1, '2020-05-01 03:31:55'),
(4190, 8, 1, 4, 12, 1, '2020-05-01 03:31:55'),
(4191, 8, 1, 4, 13, 1, '2020-05-01 03:31:55'),
(4192, 8, 1, 4, 16, 1, '2020-05-01 03:31:55'),
(4193, 8, 1, 4, 18, 1, '2020-05-01 03:31:55'),
(4194, 8, 1, 5, 4, 1, '2020-05-01 03:31:55'),
(4195, 8, 1, 5, 17, 1, '2020-05-01 03:31:55'),
(4196, 8, 1, 8, 4, 1, '2020-05-01 03:31:55'),
(4197, 8, 1, 8, 17, 1, '2020-05-01 03:31:55'),
(4198, 8, 1, 9, 3, 1, '2020-05-01 03:31:55'),
(4199, 8, 1, 9, 5, 1, '2020-05-01 03:31:55'),
(4200, 8, 1, 9, 8, 1, '2020-05-01 03:31:55'),
(4201, 8, 1, 9, 9, 1, '2020-05-01 03:31:55'),
(4202, 8, 1, 9, 12, 1, '2020-05-01 03:31:55'),
(4203, 8, 1, 9, 13, 1, '2020-05-01 03:31:55'),
(4204, 8, 1, 9, 16, 1, '2020-05-01 03:31:55'),
(4205, 8, 1, 9, 18, 1, '2020-05-01 03:31:55'),
(4206, 8, 1, 10, 4, 1, '2020-05-01 03:31:55'),
(4207, 8, 1, 10, 8, 1, '2020-05-01 03:31:55'),
(4208, 8, 1, 10, 9, 1, '2020-05-01 03:31:55'),
(4209, 8, 1, 10, 12, 1, '2020-05-01 03:31:55'),
(4210, 8, 1, 10, 13, 1, '2020-05-01 03:31:55'),
(4211, 8, 1, 10, 17, 1, '2020-05-01 03:31:55'),
(4212, 8, 1, 3, 4, 2, '2020-05-01 03:31:57'),
(4213, 8, 1, 3, 8, 2, '2020-05-01 03:31:57'),
(4214, 8, 1, 3, 9, 2, '2020-05-01 03:31:57'),
(4215, 8, 1, 3, 12, 2, '2020-05-01 03:31:57'),
(4216, 8, 1, 3, 13, 2, '2020-05-01 03:31:57'),
(4217, 8, 1, 3, 17, 2, '2020-05-01 03:31:57'),
(4218, 8, 1, 4, 3, 2, '2020-05-01 03:31:57'),
(4219, 8, 1, 4, 5, 2, '2020-05-01 03:31:57'),
(4220, 8, 1, 4, 8, 2, '2020-05-01 03:31:57'),
(4221, 8, 1, 4, 9, 2, '2020-05-01 03:31:57'),
(4222, 8, 1, 4, 12, 2, '2020-05-01 03:31:57'),
(4223, 8, 1, 4, 13, 2, '2020-05-01 03:31:57'),
(4224, 8, 1, 4, 16, 2, '2020-05-01 03:31:57'),
(4225, 8, 1, 4, 18, 2, '2020-05-01 03:31:57'),
(4226, 8, 1, 5, 4, 2, '2020-05-01 03:31:57'),
(4227, 8, 1, 5, 17, 2, '2020-05-01 03:31:57'),
(4228, 8, 1, 8, 4, 2, '2020-05-01 03:31:57'),
(4229, 8, 1, 8, 17, 2, '2020-05-01 03:31:57'),
(4230, 8, 1, 9, 3, 2, '2020-05-01 03:31:57'),
(4231, 8, 1, 9, 5, 2, '2020-05-01 03:31:57'),
(4232, 8, 1, 9, 8, 2, '2020-05-01 03:31:57'),
(4233, 8, 1, 9, 9, 2, '2020-05-01 03:31:57'),
(4234, 8, 1, 9, 12, 2, '2020-05-01 03:31:57'),
(4235, 8, 1, 9, 13, 2, '2020-05-01 03:31:57'),
(4236, 8, 1, 9, 16, 2, '2020-05-01 03:31:57'),
(4237, 8, 1, 9, 18, 2, '2020-05-01 03:31:57'),
(4238, 8, 1, 10, 4, 2, '2020-05-01 03:31:57'),
(4239, 8, 1, 10, 8, 2, '2020-05-01 03:31:57'),
(4240, 8, 1, 10, 9, 2, '2020-05-01 03:31:57'),
(4241, 8, 1, 10, 12, 2, '2020-05-01 03:31:57'),
(4242, 8, 1, 10, 13, 2, '2020-05-01 03:31:57'),
(4243, 8, 1, 10, 17, 2, '2020-05-01 03:31:57'),
(4244, 8, 1, 3, 4, 2, '2020-05-01 03:31:58'),
(4245, 8, 1, 3, 8, 2, '2020-05-01 03:31:58'),
(4246, 8, 1, 3, 9, 2, '2020-05-01 03:31:58'),
(4247, 8, 1, 3, 12, 2, '2020-05-01 03:31:58'),
(4248, 8, 1, 3, 13, 2, '2020-05-01 03:31:58'),
(4249, 8, 1, 3, 17, 2, '2020-05-01 03:31:58'),
(4250, 8, 1, 4, 3, 2, '2020-05-01 03:31:58'),
(4251, 8, 1, 4, 5, 2, '2020-05-01 03:31:58'),
(4252, 8, 1, 4, 8, 2, '2020-05-01 03:31:58'),
(4253, 8, 1, 4, 9, 2, '2020-05-01 03:31:58'),
(4254, 8, 1, 4, 12, 2, '2020-05-01 03:31:58'),
(4255, 8, 1, 4, 13, 2, '2020-05-01 03:31:58'),
(4256, 8, 1, 4, 16, 2, '2020-05-01 03:31:58'),
(4257, 8, 1, 4, 18, 2, '2020-05-01 03:31:58'),
(4258, 8, 1, 5, 4, 2, '2020-05-01 03:31:58'),
(4259, 8, 1, 5, 17, 2, '2020-05-01 03:31:58'),
(4260, 8, 1, 8, 4, 2, '2020-05-01 03:31:58'),
(4261, 8, 1, 8, 17, 2, '2020-05-01 03:31:58'),
(4262, 8, 1, 9, 3, 2, '2020-05-01 03:31:58'),
(4263, 8, 1, 9, 5, 2, '2020-05-01 03:31:58'),
(4264, 8, 1, 9, 8, 2, '2020-05-01 03:31:58'),
(4265, 8, 1, 9, 9, 2, '2020-05-01 03:31:58'),
(4266, 8, 1, 9, 12, 2, '2020-05-01 03:31:58'),
(4267, 8, 1, 9, 13, 2, '2020-05-01 03:31:58'),
(4268, 8, 1, 9, 16, 2, '2020-05-01 03:31:58'),
(4269, 8, 1, 9, 18, 2, '2020-05-01 03:31:58'),
(4270, 8, 1, 10, 4, 2, '2020-05-01 03:31:58'),
(4271, 8, 1, 10, 8, 2, '2020-05-01 03:31:58'),
(4272, 8, 1, 10, 9, 2, '2020-05-01 03:31:58'),
(4273, 8, 1, 10, 12, 2, '2020-05-01 03:31:58'),
(4274, 8, 1, 10, 13, 2, '2020-05-01 03:31:58'),
(4275, 8, 1, 10, 17, 2, '2020-05-01 03:31:58'),
(4276, 8, 1, 3, 4, 2, '2020-05-01 03:31:59'),
(4277, 8, 1, 3, 8, 2, '2020-05-01 03:31:59'),
(4278, 8, 1, 3, 9, 2, '2020-05-01 03:31:59'),
(4279, 8, 1, 3, 12, 2, '2020-05-01 03:31:59'),
(4280, 8, 1, 3, 13, 2, '2020-05-01 03:31:59'),
(4281, 8, 1, 3, 17, 2, '2020-05-01 03:31:59'),
(4282, 8, 1, 4, 3, 2, '2020-05-01 03:31:59'),
(4283, 8, 1, 4, 5, 2, '2020-05-01 03:31:59'),
(4284, 8, 1, 4, 8, 2, '2020-05-01 03:31:59'),
(4285, 8, 1, 4, 9, 2, '2020-05-01 03:31:59'),
(4286, 8, 1, 4, 12, 2, '2020-05-01 03:31:59'),
(4287, 8, 1, 4, 13, 2, '2020-05-01 03:31:59'),
(4288, 8, 1, 4, 16, 2, '2020-05-01 03:31:59'),
(4289, 8, 1, 4, 18, 2, '2020-05-01 03:31:59'),
(4290, 8, 1, 5, 4, 2, '2020-05-01 03:31:59'),
(4291, 8, 1, 5, 17, 2, '2020-05-01 03:31:59'),
(4292, 8, 1, 8, 4, 2, '2020-05-01 03:31:59'),
(4293, 8, 1, 8, 17, 2, '2020-05-01 03:31:59'),
(4294, 8, 1, 9, 3, 2, '2020-05-01 03:31:59'),
(4295, 8, 1, 9, 5, 2, '2020-05-01 03:31:59'),
(4296, 8, 1, 9, 8, 2, '2020-05-01 03:31:59'),
(4297, 8, 1, 9, 9, 2, '2020-05-01 03:31:59'),
(4298, 8, 1, 9, 12, 2, '2020-05-01 03:31:59'),
(4299, 8, 1, 9, 13, 2, '2020-05-01 03:31:59'),
(4300, 8, 1, 9, 16, 2, '2020-05-01 03:31:59'),
(4301, 8, 1, 9, 18, 2, '2020-05-01 03:31:59'),
(4302, 8, 1, 10, 4, 2, '2020-05-01 03:31:59'),
(4303, 8, 1, 10, 8, 2, '2020-05-01 03:31:59'),
(4304, 8, 1, 10, 9, 2, '2020-05-01 03:31:59'),
(4305, 8, 1, 10, 12, 2, '2020-05-01 03:31:59'),
(4306, 8, 1, 10, 13, 2, '2020-05-01 03:31:59'),
(4307, 8, 1, 10, 17, 2, '2020-05-01 03:31:59');

-- --------------------------------------------------------

--
-- Table structure for table `seat_status`
--

CREATE TABLE `seat_status` (
  `seat_status_id` int(10) NOT NULL,
  `seat_status_name` varchar(15) COLLATE utf8_unicode_ci NOT NULL
) ENGINE=InnoDB DEFAULT CHARSET=utf8 COLLATE=utf8_unicode_ci;

--
-- Dumping data for table `seat_status`
--

INSERT INTO `seat_status` (`seat_status_id`, `seat_status_name`) VALUES
(0, 'vacant'),
(1, 'occupied'),
(2, 'unavailable');

-- --------------------------------------------------------

--
-- Table structure for table `user`
--

CREATE TABLE `user` (
  `user_id` int(10) UNSIGNED NOT NULL,
  `username` varchar(50) COLLATE utf8_unicode_ci NOT NULL,
  `password` varchar(64) COLLATE utf8_unicode_ci NOT NULL,
  `email` varchar(50) COLLATE utf8_unicode_ci NOT NULL,
  `token` varchar(32) COLLATE utf8_unicode_ci DEFAULT NULL,
  `is_verified` int(1) DEFAULT '0',
  `last_login` timestamp NOT NULL DEFAULT CURRENT_TIMESTAMP ON UPDATE CURRENT_TIMESTAMP
) ENGINE=InnoDB DEFAULT CHARSET=utf8 COLLATE=utf8_unicode_ci;

--
-- Dumping data for table `user`
--

INSERT INTO `user` (`user_id`, `username`, `password`, `email`, `token`, `is_verified`, `last_login`) VALUES
(1, 'test1', '937e8d5fbb48bd4949536cd65b8d35c426b80d2f830c5c308e2cdec422ae2244', 'gladysbroce@gmail.com', 'a250a608cac375845351a247fab152e1', 1, '2020-04-30 05:31:13'),
(2, 'test2', '937e8d5fbb48bd4949536cd65b8d35c426b80d2f830c5c308e2cdec422ae2244', 'gladysbroce@gmail.com', 'a250a608cac375845351a247fab152e1', 1, '2020-04-30 05:31:13'),
(3, 'test3', '937e8d5fbb48bd4949536cd65b8d35c426b80d2f830c5c308e2cdec422ae2244', 'gladysbroce@gmail.com', 'a250a608cac375845351a247fab152e1', 1, '2020-04-30 05:31:13'),
(4, 'test4', '937e8d5fbb48bd4949536cd65b8d35c426b80d2f830c5c308e2cdec422ae2244', 'gladysbroce@gmail.com', 'a250a608cac375845351a247fab152e1', 1, '2020-04-30 05:31:13'),
(5, 'test5', '937e8d5fbb48bd4949536cd65b8d35c426b80d2f830c5c308e2cdec422ae2244', 'gladysbroce@gmail.com', 'a250a608cac375845351a247fab152e1', 1, '2020-04-30 05:31:13'),
(6, 'test6', '937e8d5fbb48bd4949536cd65b8d35c426b80d2f830c5c308e2cdec422ae2244', 'gladysbroce@gmail.com', 'a250a608cac375845351a247fab152e1', 1, '2020-04-30 09:13:02'),
(7, 'test7', '937e8d5fbb48bd4949536cd65b8d35c426b80d2f830c5c308e2cdec422ae2244', 'gladysbroce@gmail.com', 'a250a608cac375845351a247fab152e1', 1, '2020-04-30 05:31:13'),
(8, 'test8', '937e8d5fbb48bd4949536cd65b8d35c426b80d2f830c5c308e2cdec422ae2244', 'gladysbroce@gmail.com', 'a250a608cac375845351a247fab152e1', 1, '2020-04-30 05:31:13'),
(9, 'test9', '937e8d5fbb48bd4949536cd65b8d35c426b80d2f830c5c308e2cdec422ae2244', 'gladysbroce@gmail.com', 'a250a608cac375845351a247fab152e1', 1, '2020-04-30 05:31:13'),
(10, 'test10', '937e8d5fbb48bd4949536cd65b8d35c426b80d2f830c5c308e2cdec422ae2244', 'gladysbroce@gmail.com', 'a250a608cac375845351a247fab152e1', 1, '2020-04-30 05:31:13'),
(11, 'test11', '937e8d5fbb48bd4949536cd65b8d35c426b80d2f830c5c308e2cdec422ae2244', 'gladysbroce@gmail.com', 'a250a608cac375845351a247fab152e1', 1, '2020-04-30 05:31:13'),
(12, 'test12', '937e8d5fbb48bd4949536cd65b8d35c426b80d2f830c5c308e2cdec422ae2244', 'gladysbroce@gmail.com', 'a250a608cac375845351a247fab152e1', 1, '2020-04-30 05:31:13'),
(13, 'test13', '937e8d5fbb48bd4949536cd65b8d35c426b80d2f830c5c308e2cdec422ae2244', 'gladysbroce@gmail.com', 'a250a608cac375845351a247fab152e1', 1, '2020-04-30 05:31:13'),
(14, 'test14', '937e8d5fbb48bd4949536cd65b8d35c426b80d2f830c5c308e2cdec422ae2244', 'gladysbroce@gmail.com', 'a250a608cac375845351a247fab152e1', 1, '2020-04-30 05:31:13'),
(15, 'test15', '937e8d5fbb48bd4949536cd65b8d35c426b80d2f830c5c308e2cdec422ae2244', 'gladysbroce@gmail.com', 'a250a608cac375845351a247fab152e1', 1, '2020-04-30 05:31:13'),
(16, 'test16', '937e8d5fbb48bd4949536cd65b8d35c426b80d2f830c5c308e2cdec422ae2244', 'gladysbroce@gmail.com', 'a250a608cac375845351a247fab152e1', 1, '2020-04-30 05:31:13'),
(17, 'test17', '937e8d5fbb48bd4949536cd65b8d35c426b80d2f830c5c308e2cdec422ae2244', 'gladysbroce@gmail.com', 'a250a608cac375845351a247fab152e1', 1, '2020-04-30 05:31:13'),
(18, 'test18', '937e8d5fbb48bd4949536cd65b8d35c426b80d2f830c5c308e2cdec422ae2244', 'gladysbroce@gmail.com', 'a250a608cac375845351a247fab152e1', 1, '2020-04-30 05:31:13');

--
-- Indexes for dumped tables
--

--
-- Indexes for table `restaurant`
--
ALTER TABLE `restaurant`
  ADD PRIMARY KEY (`restaurant_id`),
  ADD KEY `restaurant_name` (`restaurant_name`);

--
-- Indexes for table `seat`
--
ALTER TABLE `seat`
  ADD PRIMARY KEY (`seat_id`);

--
-- Indexes for table `seat_log`
--
ALTER TABLE `seat_log`
  ADD PRIMARY KEY (`seat_log_id`);

--
-- Indexes for table `seat_status`
--
ALTER TABLE `seat_status`
  ADD PRIMARY KEY (`seat_status_id`);

--
-- Indexes for table `user`
--
ALTER TABLE `user`
  ADD PRIMARY KEY (`user_id`),
  ADD KEY `username` (`username`);

--
-- AUTO_INCREMENT for dumped tables
--

--
-- AUTO_INCREMENT for table `restaurant`
--
ALTER TABLE `restaurant`
  MODIFY `restaurant_id` int(10) NOT NULL AUTO_INCREMENT, AUTO_INCREMENT=19;

--
-- AUTO_INCREMENT for table `seat`
--
ALTER TABLE `seat`
  MODIFY `seat_id` int(10) NOT NULL AUTO_INCREMENT, AUTO_INCREMENT=1477;

--
-- AUTO_INCREMENT for table `seat_log`
--
ALTER TABLE `seat_log`
  MODIFY `seat_log_id` int(50) NOT NULL AUTO_INCREMENT, AUTO_INCREMENT=4308;

--
-- AUTO_INCREMENT for table `user`
--
ALTER TABLE `user`
  MODIFY `user_id` int(10) UNSIGNED NOT NULL AUTO_INCREMENT, AUTO_INCREMENT=19;
COMMIT;

/*!40101 SET CHARACTER_SET_CLIENT=@OLD_CHARACTER_SET_CLIENT */;
/*!40101 SET CHARACTER_SET_RESULTS=@OLD_CHARACTER_SET_RESULTS */;
/*!40101 SET COLLATION_CONNECTION=@OLD_COLLATION_CONNECTION */;
