-- phpMyAdmin SQL Dump
-- version 4.9.5
-- https://www.phpmyadmin.net/
--
-- Host: localhost
-- Generation Time: Apr 30, 2020 at 01:12 AM
-- Server version: 5.7.25-28-log
-- PHP Version: 7.3.16

SET SQL_MODE = "NO_AUTO_VALUE_ON_ZERO";
SET AUTOCOMMIT = 0;
START TRANSACTION;
SET time_zone = "+00:00";


/*!40101 SET @OLD_CHARACTER_SET_CLIENT=@@CHARACTER_SET_CLIENT */;
/*!40101 SET @OLD_CHARACTER_SET_RESULTS=@@CHARACTER_SET_RESULTS */;
/*!40101 SET @OLD_COLLATION_CONNECTION=@@COLLATION_CONNECTION */;
/*!40101 SET NAMES utf8mb4 */;

--
-- Database: `db3yeypkcucun9`
--

-- --------------------------------------------------------

--
-- Table structure for table `restaurant`
--

CREATE TABLE `restaurant` (
  `restaurant_id` int(10) NOT NULL,
  `user_id` int(10) NOT NULL,
  `restaurant_name` varchar(50) COLLATE utf8_unicode_ci DEFAULT NULL,
  `branch_name` varchar(50) COLLATE utf8_unicode_ci DEFAULT NULL,
  `short_desc` varchar(500) COLLATE utf8_unicode_ci DEFAULT NULL,
  `full_desc` varchar(500) COLLATE utf8_unicode_ci DEFAULT NULL,
  `business_hours` varchar(30) COLLATE utf8_unicode_ci DEFAULT NULL,
  `address` varchar(100) COLLATE utf8_unicode_ci DEFAULT NULL,
  `longitude` decimal(9,6) DEFAULT NULL,
  `latitude` decimal(9,6) DEFAULT NULL,
  `website` varchar(50) COLLATE utf8_unicode_ci DEFAULT NULL,
  `phone_no` varchar(20) COLLATE utf8_unicode_ci DEFAULT NULL,
  `image` varchar(20) COLLATE utf8_unicode_ci NOT NULL DEFAULT '0.png',
  `last_modified` timestamp NOT NULL DEFAULT CURRENT_TIMESTAMP ON UPDATE CURRENT_TIMESTAMP
) ENGINE=InnoDB DEFAULT CHARSET=utf8 COLLATE=utf8_unicode_ci;

--
-- Dumping data for table `restaurant`
--

INSERT INTO `restaurant` (`restaurant_id`, `user_id`, `restaurant_name`, `branch_name`, `short_desc`, `full_desc`, `business_hours`, `address`, `longitude`, `latitude`, `website`, `phone_no`, `image`, `last_modified`) VALUES
(1, 1, 'Jobili Mas Happy', 'Tanauan', 'Bacon ipsum dolor amet pork jerky pig turkey, drumstick brisket bresaola short ribs ham hock salami ball tip swine. ', 'Candy croissant donut candy canes candy cookie fruitcake. Cake tootsie roll chocolate cake apple pie gummies marzipan cotton candy jelly beans. Sesame snaps marshmallow apple pie toffee cupcake gingerbread ice cream muffin cheesecake. Macaroon sugar plum candy dessert cookie sesame snaps soufflé tootsie roll.', '8AM-10PM', 'Tanauan, Batangas, Philippines', '121.150000', '14.083330', 'www.jobili.com', '090-0000-0001', '1.jpg', '2020-04-30 05:01:42'),
(2, 2, 'Seafood Fiesta', 'Rizal', 'Fatback boudin biltong, chuck tri-tip bresaola pastrami sausage drumstick shankle. ', 'Sweet roll croissant candy canes cheesecake topping ice cream donut macaroon. Oat cake topping caramels. Candy caramels carrot cake tiramisu. Cake jelly chocolate bar tiramisu. Cake pastry dragée. Wafer carrot cake sesame snaps fruitcake jelly pastry jelly-o powder wafer.', '8AM-10PM', 'Pasig, Philippines', '121.083330', '14.575000', 'www.seafood.com', '090-0000-0002', '2.jpg', '2020-04-30 05:01:52'),
(3, 3, 'Healthy You', 'Makati', 'Fatback boudin flank ball tip meatball tongue venison chuck salami ribeye porchetta prosciutto pork belly.', 'Pudding caramels soufflé. Cake cookie candy canes tart gummi bears. Cookie gingerbread candy canes fruitcake sugar plum biscuit.', '9AM-10PM', 'Binangonan, Rizal, Philippines', '121.198024', '14.480115', 'www.healthy.com', '090-0000-0003', '3.jpg', '2020-04-30 05:01:58'),
(4, 4, 'Sprinkles', 'Makati', 'Ribeye meatball pork chop, chislic tenderloin cow salami shankle sausage turkey venison kevin frankfurter. ', 'Croissant tart tart donut chocolate cake. Toffee gingerbread macaroon wafer sugar plum. Gummi bears sweet roll ice cream icing marshmallow cotton candy. Tart gummi bears pie pastry tiramisu biscuit chocolate cake liquorice tiramisu. Donut sugar plum macaroon muffin.', '9AM-10PM', 'Mandaluyong, Philippines', '121.033330', '14.583330', 'www.sprinkles.com', '090-0000-0004', '4.jpg', '2020-04-30 05:04:19'),
(5, 5, 'Sip Away', 'Makati', 'Chislic pork loin buffalo andouille chuck tongue pork doner ground round ball tip leberkas rump.', 'Pastry soufflé ice cream jujubes topping donut. Lollipop pie cake cake croissant. Candy bear claw bear claw. Bear claw pastry jujubes oat cake wafer pastry liquorice dragée tiramisu. Tart gummies donut jelly beans candy halvah cake. Tootsie roll cotton candy halvah chupa chups carrot cake caramels gummi bears carrot cake muffin.', '5PM-11PM', 'Makati City', '121.033330', '14.550000', 'www.sipaway.com', '090-0000-0005', '5.jpg', '2020-04-30 05:04:22'),
(6, 6, 'SushiMo', 'Makati', 'Flank drumstick beef porchetta tenderloin pancetta.', 'Apple pie jujubes jelly marshmallow. Bonbon gummi bears tootsie roll pastry.', '10AM-9PM', 'Kyoto, Kyōto Prefecture, Japan', '135.768060', '35.011670', 'www.sushimo.com', '090-0000-0006', '6.jpg', '2020-04-30 05:04:25'),
(7, 7, 'Kapeko', 'Makati', 'Can\'t start my day without coffee!', 'Bonbon soufflé tart ice cream. Gingerbread croissant jujubes sugar plum gingerbread. Topping gummi bears bonbon. Powder jujubes brownie. Cookie dessert cake cotton candy liquorice soufflé oat cake gummi bears. Chupa chups pudding marzipan caramels candy canes jujubes pudding toffee.', '10AM-8PM', 'Pasig, Philippines', '121.083330', '14.575000', 'www.kapeko.com', '090-0000-0007', '7.jpg', '2020-04-30 05:04:28'),
(8, 8, 'Read and Sip', 'Makati', 'Jerky swine fatback brisket ball tip ham hock rump spare ribs.', 'Toffee ice cream candy canes chocolate bar gummi bears donut brownie gummi bears candy canes. Oat cake macaroon liquorice tiramisu gummi bears. Croissant chocolate bar tootsie roll croissant. Muffin chocolate dessert halvah halvah marshmallow gummi bears. Ice cream wafer dragée icing jujubes macaroon gummies. Carrot cake biscuit tart. Fruitcake pastry cotton candy liquorice jelly pie tart oat cake pastry.', '10AM-8PM', 'Makati City', '121.033330', '14.550000', 'www.readandsip.com', '090-0000-0008', '8.jpg', '2020-04-30 05:04:31'),
(9, 9, 'The Vibe', 'Makati', 'Chuck jerky meatloaf sausage biltong ribeye.', 'Macaroon dessert danish chupa chups jelly-o halvah pudding. Bonbon bear claw powder. Cupcake carrot cake dessert pudding. Liquorice soufflé jelly tiramisu bear claw chocolate bar. Bonbon toffee halvah sugar plum topping. Sugar plum topping cheesecake muffin sugar plum candy canes ice cream. Cookie biscuit topping marshmallow pudding tart ice cream dessert.', '5PM-11PM', 'Alabang, Muntinlupa, Muntinlupa, Philippines', '121.048300', '14.416900', 'www.thevibe.com', '090-0000-0009', '9.jpg', '2020-04-30 05:04:34'),
(10, 10, 'Something Cafe', 'Makati', 'Pig jowl shankle jerky. Ground round pork belly ham hock, frankfurter landjaeger turducken salami.', 'Candy canes chocolate cake apple pie brownie chupa chups cotton candy soufflé halvah. Dessert chocolate macaroon tart cheesecake muffin biscuit cookie powder. Liquorice caramels tootsie roll bonbon wafer icing wafer jelly beans brownie. Gingerbread liquorice cotton candy marzipan liquorice. Biscuit jelly sweet lollipop dessert brownie jelly-o sweet roll.', '8AM-7PM', 'Cavite, Philippines', '120.866670', '10.283330', 'www.somethingcafe.com', '090-0000-0010', '10.jpg', '2020-04-30 05:04:37'),
(11, 11, 'Red Hot Soup', 'Makati', 'Meatball strip steak cupim sirloin, meatloaf buffalo ham hock hamburger.', 'Biscuit jelly sweet lollipop dessert brownie jelly-o sweet roll. Sesame snaps tiramisu soufflé chocolate bar biscuit chocolate powder muffin apple pie. Pie chocolate bar chocolate fruitcake chocolate cheesecake bonbon gummi bears.', '9AM-10PM', 'Cebu City, Philippines', '123.900000', '14.550000', 'www.rehotsoup.com', '090-0000-0011', '11.jpg', '2020-04-30 05:04:39'),
(12, 12, 'Hungry Burger', 'Makati', 'Pork belly drumstick leberkas tail.', 'Topping soufflé biscuit bear claw. Cake tiramisu donut. Cake candy canes dragée. Oat cake marshmallow jujubes sweet roll gummi bears cheesecake liquorice icing. Sesame snaps marshmallow soufflé chocolate cake tart toffee wafer gummies sesame snaps. Muffin carrot cake cheesecake jelly donut macaroon bear claw. ', '9AM-10PM', 'Batangas City, Batangas, Philippines', '121.050000', '13.750000', 'www.hungryburger.com', '090-0000-0012', '12.jpg', '2020-04-30 05:04:42'),
(13, 13, 'KMC Spices', 'Makati', 'Turducken ball tip leberkas buffalo.', 'Tart ice cream jelly caramels pudding cookie muffin fruitcake candy. Pastry cake cake jelly bear claw sweet roll. Jelly beans carrot cake marzipan powder jelly beans pudding brownie. Lollipop cheesecake caramels muffin donut tootsie roll biscuit dragée. Ice cream gingerbread macaroon liquorice icing.', '9AM-11PM', 'Makati City', '121.033330', '14.550000', 'www.kmcspices.com', '090-0000-0013', '13.jpg', '2020-04-30 05:04:44'),
(14, 14, 'Sosyal Cafe', 'Makati', 'Tail pig burgdoggen strip steak.', 'Chocolate bar bear claw marshmallow gummi bears sugar plum dragée. Marshmallow chupa chups macaroon chocolate bar chocolate bar.', '8AM-10PM', 'Akihabara Electric Town, 外神田, Tokyo, Tokyo Prefecture, Japan', '139.772231', '35.698646', 'www.sosyalcafe.com', '090-0000-0014', '14.jpg', '2020-04-30 05:04:47'),
(15, 15, 'Kopi Ground', 'Makati', 'Pork capicola beef ribs shankle.', 'Bear claw pastry jujubes oat cake wafer pastry liquorice dragée tiramisu. Tart gummies donut jelly beans candy halvah cake. Tootsie roll cotton candy halvah chupa chups carrot cake caramels gummi bears carrot cake muffin. Danish bonbon sugar plum gingerbread dessert gingerbread cake.', '8AM-10PM', 'Shinjuku, Tokyo, Tokyo Prefecture, Japan', '139.700500', '35.691100', 'www.kopiground.com', '090-0000-0015', '15.jpg', '2020-04-30 05:04:49'),
(16, 16, 'Tambayan', 'Makati', 'Drumstick rump jowl hamburger cow beef ribs flank.', 'Gingerbread croissant jujubes sugar plum gingerbread. Topping gummi bears bonbon. Powder jujubes brownie. Cookie dessert cake cotton candy liquorice soufflé oat cake gummi bears. Chupa chups pudding marzipan caramels candy canes jujubes pudding toffee. Toffee ice cream candy canes chocolate bar gummi bears donut brownie gummi bears candy canes.', '10AM-10PM', 'Makati City', '121.033330', '14.550000', 'www.tambayan.com', '090-0000-0016', '16.jpg', '2020-04-30 05:04:53'),
(17, 17, 'Pianono', 'Makati', 'Picanha tenderloin kielbasa short loin.', 'Lollipop pie cake cake croissant. Candy bear claw bear claw. Bear claw pastry jujubes oat cake wafer pastry liquorice dragée tiramisu. Tart gummies donut jelly beans candy halvah cake. Tootsie roll cotton candy halvah chupa chups carrot cake caramels gummi bears carrot cake muffin. Danish bonbon sugar plum gingerbread dessert gingerbread cake. Apple pie jujubes jelly marshmallow. Bonbon gummi bears tootsie roll pastry.', '8AM-7PM', 'Batangas City, Batangas, Philippines', '121.050000', '13.750000', 'www.pianono.com', '090-0000-0017', '17.jpg', '2020-04-30 05:04:55'),
(18, 18, 'Bits and Pieces', 'Makati', 'Andouille tongue turkey pancetta pork chop fatback.', 'Toffee ice cream candy canes chocolate bar gummi bears donut brownie gummi bears candy canes. Oat cake macaroon liquorice tiramisu gummi bears. Croissant chocolate bar tootsie roll croissant. Muffin chocolate dessert halvah halvah marshmallow gummi bears. Ice cream wafer dragée icing jujubes macaroon gummies.', '8AM-8PM', 'Singapore, Central Region, Singapore', '103.808053', '1.351616', 'www.bits.com', '090-0000-0018', '18.jpg', '2020-04-30 05:04:58');

-- --------------------------------------------------------

--
-- Table structure for table `seat`
--

CREATE TABLE `seat` (
  `seat_id` int(10) NOT NULL,
  `restaurant_id` int(10) NOT NULL,
  `floor_id` int(10) NOT NULL,
  `row_no` int(5) NOT NULL,
  `col_no` int(5) NOT NULL,
  `status_id` int(2) NOT NULL DEFAULT '0',
  `date_modified` datetime NOT NULL DEFAULT CURRENT_TIMESTAMP
) ENGINE=InnoDB DEFAULT CHARSET=utf8 COLLATE=utf8_unicode_ci;

--
-- Dumping data for table `seat`
--

INSERT INTO `seat` (`seat_id`, `restaurant_id`, `floor_id`, `row_no`, `col_no`, `status_id`, `date_modified`) VALUES
(1, 2, 1, 2, 2, 1, '2020-04-30 05:18:58'),
(2, 2, 1, 2, 3, 1, '2020-04-30 05:18:58'),
(3, 2, 1, 2, 6, 0, '2020-04-30 05:18:58'),
(4, 2, 1, 2, 7, 0, '2020-04-30 05:18:58'),
(5, 2, 1, 2, 10, 1, '2020-04-30 05:18:58'),
(6, 2, 1, 2, 11, 1, '2020-04-30 05:18:58'),
(7, 2, 1, 2, 14, 0, '2020-04-30 05:18:58'),
(8, 2, 1, 2, 15, 0, '2020-04-30 05:18:58'),
(9, 2, 1, 2, 18, 0, '2020-04-30 05:18:58'),
(10, 2, 1, 2, 19, 1, '2020-04-30 05:18:58'),
(11, 2, 1, 3, 2, 0, '2020-04-30 05:18:58'),
(12, 2, 1, 3, 3, 1, '2020-04-30 05:18:58'),
(13, 2, 1, 3, 6, 1, '2020-04-30 05:18:58'),
(14, 2, 1, 3, 7, 1, '2020-04-30 05:18:58'),
(15, 2, 1, 3, 10, 1, '2020-04-30 05:18:58'),
(16, 2, 1, 3, 11, 0, '2020-04-30 05:18:58'),
(17, 2, 1, 3, 14, 0, '2020-04-30 05:18:58'),
(18, 2, 1, 3, 15, 1, '2020-04-30 05:18:58'),
(19, 2, 1, 3, 18, 0, '2020-04-30 05:18:58'),
(20, 2, 1, 3, 19, 0, '2020-04-30 05:18:58'),
(21, 2, 1, 4, 2, 0, '2020-04-30 05:18:58'),
(22, 2, 1, 4, 3, 0, '2020-04-30 05:18:58'),
(23, 2, 1, 4, 6, 1, '2020-04-30 05:18:58'),
(24, 2, 1, 4, 7, 1, '2020-04-30 05:18:58'),
(25, 2, 1, 4, 10, 0, '2020-04-30 05:18:58'),
(26, 2, 1, 4, 11, 0, '2020-04-30 05:18:58'),
(27, 2, 1, 4, 14, 1, '2020-04-30 05:18:58'),
(28, 2, 1, 4, 15, 1, '2020-04-30 05:18:58'),
(29, 2, 1, 4, 18, 0, '2020-04-30 05:18:58'),
(30, 2, 1, 4, 19, 0, '2020-04-30 05:18:58'),
(31, 2, 1, 7, 2, 0, '2020-04-30 05:18:58'),
(32, 2, 1, 7, 3, 0, '2020-04-30 05:18:58'),
(33, 2, 1, 7, 6, 0, '2020-04-30 05:18:58'),
(34, 2, 1, 7, 7, 0, '2020-04-30 05:18:58'),
(35, 2, 1, 7, 10, 0, '2020-04-30 05:18:58'),
(36, 2, 1, 7, 11, 0, '2020-04-30 05:18:58'),
(37, 2, 1, 7, 14, 0, '2020-04-30 05:18:58'),
(38, 2, 1, 7, 15, 0, '2020-04-30 05:18:58'),
(39, 2, 1, 7, 18, 0, '2020-04-30 05:18:58'),
(40, 2, 1, 7, 19, 0, '2020-04-30 05:18:58'),
(41, 2, 1, 8, 2, 0, '2020-04-30 05:18:58'),
(42, 2, 1, 8, 3, 0, '2020-04-30 05:18:58'),
(43, 2, 1, 8, 6, 0, '2020-04-30 05:18:58'),
(44, 2, 1, 8, 7, 0, '2020-04-30 05:18:58'),
(45, 2, 1, 8, 10, 1, '2020-04-30 05:18:58'),
(46, 2, 1, 8, 11, 0, '2020-04-30 05:18:58'),
(47, 2, 1, 8, 14, 0, '2020-04-30 05:18:58'),
(48, 2, 1, 8, 15, 0, '2020-04-30 05:18:58'),
(49, 2, 1, 8, 18, 0, '2020-04-30 05:18:58'),
(50, 2, 1, 8, 19, 0, '2020-04-30 05:18:58'),
(51, 2, 1, 9, 2, 0, '2020-04-30 05:18:58'),
(52, 2, 1, 9, 3, 0, '2020-04-30 05:18:58'),
(53, 2, 1, 9, 6, 0, '2020-04-30 05:18:58'),
(54, 2, 1, 9, 7, 0, '2020-04-30 05:18:58'),
(55, 2, 1, 9, 14, 0, '2020-04-30 05:18:58'),
(56, 2, 1, 9, 15, 0, '2020-04-30 05:18:58'),
(57, 2, 1, 9, 18, 0, '2020-04-30 05:18:58'),
(58, 2, 1, 9, 19, 0, '2020-04-30 05:18:58'),
(59, 2, 1, 12, 2, 0, '2020-04-30 05:18:58'),
(60, 2, 1, 12, 3, 0, '2020-04-30 05:18:58'),
(61, 2, 1, 12, 6, 0, '2020-04-30 05:18:58'),
(62, 2, 1, 12, 7, 0, '2020-04-30 05:18:58'),
(63, 2, 1, 12, 14, 0, '2020-04-30 05:18:58'),
(64, 2, 1, 12, 15, 0, '2020-04-30 05:18:58'),
(65, 2, 1, 12, 18, 0, '2020-04-30 05:18:58'),
(66, 2, 1, 12, 19, 0, '2020-04-30 05:18:58'),
(67, 2, 1, 13, 2, 0, '2020-04-30 05:18:58'),
(68, 2, 1, 13, 3, 1, '2020-04-30 05:18:58'),
(69, 2, 1, 13, 6, 0, '2020-04-30 05:18:58'),
(70, 2, 1, 13, 7, 0, '2020-04-30 05:18:58'),
(71, 2, 1, 13, 14, 0, '2020-04-30 05:18:58'),
(72, 2, 1, 13, 15, 0, '2020-04-30 05:18:58'),
(73, 2, 1, 13, 18, 0, '2020-04-30 05:18:58'),
(74, 2, 1, 13, 19, 0, '2020-04-30 05:18:58'),
(75, 2, 1, 14, 2, 1, '2020-04-30 05:18:58'),
(76, 2, 1, 14, 3, 0, '2020-04-30 05:18:58'),
(77, 2, 1, 14, 6, 0, '2020-04-30 05:18:58'),
(78, 2, 1, 14, 7, 0, '2020-04-30 05:18:58'),
(79, 2, 1, 14, 14, 0, '2020-04-30 05:18:58'),
(80, 2, 1, 14, 15, 0, '2020-04-30 05:18:58'),
(81, 2, 1, 14, 18, 0, '2020-04-30 05:18:58'),
(82, 2, 1, 14, 19, 1, '2020-04-30 05:18:58'),
(83, 2, 1, 17, 2, 0, '2020-04-30 05:18:58'),
(84, 2, 1, 17, 3, 0, '2020-04-30 05:18:58'),
(85, 2, 1, 17, 6, 2, '2020-04-30 05:18:58'),
(86, 2, 1, 17, 7, 1, '2020-04-30 05:18:58'),
(87, 2, 1, 17, 14, 1, '2020-04-30 05:18:58'),
(88, 2, 1, 17, 15, 2, '2020-04-30 05:18:58'),
(89, 2, 1, 17, 18, 0, '2020-04-30 05:18:58'),
(90, 2, 1, 17, 19, 0, '2020-04-30 05:18:58'),
(91, 2, 1, 18, 2, 0, '2020-04-30 05:18:58'),
(92, 2, 1, 18, 3, 0, '2020-04-30 05:18:58'),
(93, 2, 1, 18, 6, 0, '2020-04-30 05:18:58'),
(94, 2, 1, 18, 7, 2, '2020-04-30 05:18:58'),
(95, 2, 1, 18, 14, 2, '2020-04-30 05:18:58'),
(96, 2, 1, 18, 15, 0, '2020-04-30 05:18:58'),
(97, 2, 1, 18, 18, 0, '2020-04-30 05:18:58'),
(98, 2, 1, 18, 19, 0, '2020-04-30 05:18:58'),
(99, 2, 1, 19, 2, 0, '2020-04-30 05:18:58'),
(100, 2, 1, 19, 3, 0, '2020-04-30 05:18:58'),
(101, 2, 1, 19, 6, 2, '2020-04-30 05:18:58'),
(102, 2, 1, 19, 7, 1, '2020-04-30 05:18:58'),
(103, 2, 1, 19, 14, 0, '2020-04-30 05:18:58'),
(104, 2, 1, 19, 15, 2, '2020-04-30 05:18:58'),
(105, 2, 1, 19, 18, 0, '2020-04-30 05:18:58'),
(106, 2, 1, 19, 19, 0, '2020-04-30 05:18:58'),
(107, 2, 1, 22, 2, 0, '2020-04-30 05:18:58'),
(108, 2, 1, 22, 3, 0, '2020-04-30 05:18:58'),
(109, 2, 1, 22, 6, 2, '2020-04-30 05:18:58'),
(110, 2, 1, 22, 7, 2, '2020-04-30 05:18:58'),
(111, 2, 1, 22, 14, 2, '2020-04-30 05:18:58'),
(112, 2, 1, 22, 15, 2, '2020-04-30 05:18:58'),
(113, 2, 1, 22, 18, 0, '2020-04-30 05:18:58'),
(114, 2, 1, 22, 19, 0, '2020-04-30 05:18:58'),
(115, 2, 1, 23, 2, 0, '2020-04-30 05:18:58'),
(116, 2, 1, 23, 3, 1, '2020-04-30 05:18:58'),
(117, 2, 1, 23, 6, 1, '2020-04-30 05:18:58'),
(118, 2, 1, 23, 7, 1, '2020-04-30 05:18:58'),
(119, 2, 1, 23, 14, 0, '2020-04-30 05:18:58'),
(120, 2, 1, 23, 15, 1, '2020-04-30 05:18:58'),
(121, 2, 1, 23, 18, 0, '2020-04-30 05:18:58'),
(122, 2, 1, 23, 19, 1, '2020-04-30 05:18:58'),
(123, 2, 1, 24, 2, 0, '2020-04-30 05:18:58'),
(124, 2, 1, 24, 3, 0, '2020-04-30 05:18:58'),
(125, 2, 1, 24, 6, 2, '2020-04-30 05:18:58'),
(126, 2, 1, 24, 7, 2, '2020-04-30 05:18:58'),
(127, 2, 1, 24, 14, 2, '2020-04-30 05:18:58'),
(128, 2, 1, 24, 15, 2, '2020-04-30 05:18:58'),
(129, 2, 1, 24, 18, 1, '2020-04-30 05:18:58'),
(130, 2, 1, 24, 19, 1, '2020-04-30 05:18:58'),
(131, 2, 2, 2, 3, 0, '2020-04-30 05:18:58'),
(132, 2, 2, 2, 4, 0, '2020-04-30 05:18:58'),
(133, 2, 2, 2, 17, 0, '2020-04-30 05:18:58'),
(134, 2, 2, 2, 18, 0, '2020-04-30 05:18:58'),
(135, 2, 2, 3, 3, 0, '2020-04-30 05:18:58'),
(136, 2, 2, 3, 4, 0, '2020-04-30 05:18:58'),
(137, 2, 2, 3, 17, 0, '2020-04-30 05:18:58'),
(138, 2, 2, 3, 18, 0, '2020-04-30 05:18:58'),
(155, 2, 2, 12, 3, 0, '2020-04-30 05:18:58'),
(156, 2, 2, 12, 4, 1, '2020-04-30 05:18:58'),
(157, 2, 2, 12, 17, 1, '2020-04-30 05:18:58'),
(158, 2, 2, 12, 18, 0, '2020-04-30 05:18:58'),
(159, 2, 2, 13, 3, 0, '2020-04-30 05:18:58'),
(160, 2, 2, 13, 4, 0, '2020-04-30 05:18:58'),
(161, 2, 2, 13, 17, 0, '2020-04-30 05:18:58'),
(162, 2, 2, 13, 18, 0, '2020-04-30 05:18:58'),
(183, 2, 2, 23, 3, 0, '2020-04-30 05:18:58'),
(184, 2, 2, 23, 4, 0, '2020-04-30 05:18:58'),
(185, 2, 2, 23, 17, 1, '2020-04-30 05:18:58'),
(186, 2, 2, 23, 18, 1, '2020-04-30 05:18:58'),
(187, 2, 2, 24, 3, 1, '2020-04-30 05:18:58'),
(188, 2, 2, 24, 4, 1, '2020-04-30 05:18:58'),
(189, 2, 2, 24, 17, 1, '2020-04-30 05:18:58'),
(190, 2, 2, 24, 18, 0, '2020-04-30 05:18:58'),
(191, 2, 3, 3, 3, 0, '2020-04-30 05:18:58'),
(192, 2, 3, 3, 4, 0, '2020-04-30 05:18:58'),
(193, 2, 3, 3, 10, 0, '2020-04-30 05:18:58'),
(194, 2, 3, 3, 11, 0, '2020-04-30 05:18:58'),
(195, 2, 3, 3, 17, 0, '2020-04-30 05:18:58'),
(196, 2, 3, 3, 18, 0, '2020-04-30 05:18:58'),
(197, 2, 3, 4, 3, 0, '2020-04-30 05:18:58'),
(198, 2, 3, 4, 4, 0, '2020-04-30 05:18:58'),
(199, 2, 3, 4, 10, 0, '2020-04-30 05:18:58'),
(200, 2, 3, 4, 11, 0, '2020-04-30 05:18:58'),
(201, 2, 3, 4, 17, 0, '2020-04-30 05:18:58'),
(202, 2, 3, 4, 18, 0, '2020-04-30 05:18:58'),
(203, 2, 3, 5, 3, 0, '2020-04-30 05:18:58'),
(204, 2, 3, 5, 4, 1, '2020-04-30 05:18:58'),
(205, 2, 3, 5, 10, 0, '2020-04-30 05:18:58'),
(206, 2, 3, 5, 11, 0, '2020-04-30 05:18:58'),
(207, 2, 3, 5, 17, 0, '2020-04-30 05:18:58'),
(208, 2, 3, 5, 18, 1, '2020-04-30 05:18:58'),
(209, 2, 3, 6, 3, 1, '2020-04-30 05:18:58'),
(210, 2, 3, 6, 4, 0, '2020-04-30 05:18:58'),
(211, 2, 3, 6, 10, 0, '2020-04-30 05:18:58'),
(212, 2, 3, 6, 11, 1, '2020-04-30 05:18:58'),
(213, 2, 3, 6, 17, 0, '2020-04-30 05:18:58'),
(214, 2, 3, 6, 18, 0, '2020-04-30 05:18:58'),
(215, 2, 3, 7, 3, 0, '2020-04-30 05:18:58'),
(216, 2, 3, 7, 4, 0, '2020-04-30 05:18:58'),
(217, 2, 3, 7, 10, 0, '2020-04-30 05:18:58'),
(218, 2, 3, 7, 11, 1, '2020-04-30 05:18:58'),
(219, 2, 3, 7, 17, 0, '2020-04-30 05:18:58'),
(220, 2, 3, 7, 18, 0, '2020-04-30 05:18:58'),
(221, 2, 3, 8, 3, 0, '2020-04-30 05:18:58'),
(222, 2, 3, 8, 4, 0, '2020-04-30 05:18:58'),
(223, 2, 3, 8, 10, 1, '2020-04-30 05:18:58'),
(224, 2, 3, 8, 11, 0, '2020-04-30 05:18:58'),
(225, 2, 3, 8, 17, 0, '2020-04-30 05:18:58'),
(226, 2, 3, 8, 18, 0, '2020-04-30 05:18:58'),
(227, 2, 3, 18, 3, 1, '2020-04-30 05:18:58'),
(228, 2, 3, 18, 4, 0, '2020-04-30 05:18:58'),
(229, 2, 3, 18, 10, 0, '2020-04-30 05:18:58'),
(230, 2, 3, 18, 11, 0, '2020-04-30 05:18:58'),
(231, 2, 3, 18, 17, 0, '2020-04-30 05:18:58'),
(232, 2, 3, 18, 18, 1, '2020-04-30 05:18:58'),
(233, 2, 3, 19, 3, 0, '2020-04-30 05:18:58'),
(234, 2, 3, 19, 4, 0, '2020-04-30 05:18:58'),
(235, 2, 3, 19, 10, 0, '2020-04-30 05:18:58'),
(236, 2, 3, 19, 11, 1, '2020-04-30 05:18:58'),
(237, 2, 3, 19, 17, 0, '2020-04-30 05:18:58'),
(238, 2, 3, 19, 18, 0, '2020-04-30 05:18:58'),
(239, 2, 3, 20, 3, 0, '2020-04-30 05:18:58'),
(240, 2, 3, 20, 4, 0, '2020-04-30 05:18:58'),
(241, 2, 3, 20, 10, 1, '2020-04-30 05:18:58'),
(242, 2, 3, 20, 11, 0, '2020-04-30 05:18:58'),
(243, 2, 3, 20, 17, 0, '2020-04-30 05:18:58'),
(244, 2, 3, 20, 18, 0, '2020-04-30 05:18:58'),
(245, 2, 3, 21, 3, 0, '2020-04-30 05:18:58'),
(246, 2, 3, 21, 4, 0, '2020-04-30 05:18:58'),
(247, 2, 3, 21, 10, 0, '2020-04-30 05:18:58'),
(248, 2, 3, 21, 11, 0, '2020-04-30 05:18:58'),
(249, 2, 3, 21, 17, 0, '2020-04-30 05:18:58'),
(250, 2, 3, 21, 18, 0, '2020-04-30 05:18:58'),
(251, 2, 3, 22, 3, 0, '2020-04-30 05:18:58'),
(252, 2, 3, 22, 4, 1, '2020-04-30 05:18:58'),
(253, 2, 3, 22, 10, 0, '2020-04-30 05:18:58'),
(254, 2, 3, 22, 11, 0, '2020-04-30 05:18:58'),
(255, 2, 3, 22, 17, 1, '2020-04-30 05:18:58'),
(256, 2, 3, 22, 18, 1, '2020-04-30 05:18:58'),
(257, 2, 3, 23, 3, 2, '2020-04-30 05:18:58'),
(258, 2, 3, 23, 4, 2, '2020-04-30 05:18:58'),
(259, 2, 3, 23, 10, 0, '2020-04-30 05:18:58'),
(260, 2, 3, 23, 11, 0, '2020-04-30 05:18:58'),
(261, 2, 3, 23, 17, 2, '2020-04-30 05:18:58'),
(262, 2, 3, 23, 18, 2, '2020-04-30 05:18:58'),
(263, 2, 4, 3, 3, 1, '2020-04-30 05:18:58'),
(264, 2, 4, 3, 8, 0, '2020-04-30 05:18:58'),
(265, 2, 4, 3, 13, 0, '2020-04-30 05:18:58'),
(266, 2, 4, 3, 18, 1, '2020-04-30 05:18:58'),
(267, 2, 4, 4, 2, 1, '2020-04-30 05:18:58'),
(268, 2, 4, 4, 4, 0, '2020-04-30 05:18:58'),
(269, 2, 4, 4, 7, 0, '2020-04-30 05:18:58'),
(270, 2, 4, 4, 9, 1, '2020-04-30 05:18:58'),
(271, 2, 4, 4, 12, 1, '2020-04-30 05:18:58'),
(272, 2, 4, 4, 14, 0, '2020-04-30 05:18:58'),
(273, 2, 4, 4, 17, 0, '2020-04-30 05:18:58'),
(274, 2, 4, 4, 19, 1, '2020-04-30 05:18:58'),
(275, 2, 4, 5, 3, 0, '2020-04-30 05:18:58'),
(276, 2, 4, 5, 8, 0, '2020-04-30 05:18:58'),
(277, 2, 4, 5, 13, 0, '2020-04-30 05:18:58'),
(278, 2, 4, 5, 18, 0, '2020-04-30 05:18:58'),
(279, 2, 4, 8, 3, 1, '2020-04-30 05:18:58'),
(280, 2, 4, 8, 8, 0, '2020-04-30 05:18:58'),
(281, 2, 4, 8, 13, 0, '2020-04-30 05:18:58'),
(282, 2, 4, 8, 18, 0, '2020-04-30 05:18:58'),
(283, 2, 4, 9, 2, 0, '2020-04-30 05:18:58'),
(284, 2, 4, 9, 4, 0, '2020-04-30 05:18:58'),
(285, 2, 4, 9, 7, 0, '2020-04-30 05:18:58'),
(286, 2, 4, 9, 9, 0, '2020-04-30 05:18:58'),
(287, 2, 4, 9, 12, 0, '2020-04-30 05:18:58'),
(288, 2, 4, 9, 14, 0, '2020-04-30 05:18:58'),
(289, 2, 4, 9, 17, 0, '2020-04-30 05:18:58'),
(290, 2, 4, 9, 19, 0, '2020-04-30 05:18:58'),
(291, 2, 4, 10, 3, 1, '2020-04-30 05:18:58'),
(292, 2, 4, 10, 8, 0, '2020-04-30 05:18:58'),
(293, 2, 4, 10, 13, 0, '2020-04-30 05:18:58'),
(294, 2, 4, 10, 18, 1, '2020-04-30 05:18:58'),
(295, 2, 4, 13, 3, 0, '2020-04-30 05:18:58'),
(296, 2, 4, 13, 8, 0, '2020-04-30 05:18:58'),
(297, 2, 4, 13, 13, 0, '2020-04-30 05:18:58'),
(298, 2, 4, 13, 18, 0, '2020-04-30 05:18:58'),
(299, 2, 4, 14, 2, 0, '2020-04-30 05:18:58'),
(300, 2, 4, 14, 4, 1, '2020-04-30 05:18:58'),
(301, 2, 4, 14, 7, 0, '2020-04-30 05:18:58'),
(302, 2, 4, 14, 9, 0, '2020-04-30 05:18:58'),
(303, 2, 4, 14, 12, 0, '2020-04-30 05:18:58'),
(304, 2, 4, 14, 14, 0, '2020-04-30 05:18:58'),
(305, 2, 4, 14, 17, 1, '2020-04-30 05:18:58'),
(306, 2, 4, 14, 19, 0, '2020-04-30 05:18:58'),
(307, 2, 4, 15, 3, 0, '2020-04-30 05:18:58'),
(308, 2, 4, 15, 8, 0, '2020-04-30 05:18:58'),
(309, 2, 4, 15, 13, 0, '2020-04-30 05:18:58'),
(310, 2, 4, 15, 18, 0, '2020-04-30 05:18:58'),
(311, 2, 4, 18, 3, 0, '2020-04-30 05:18:58'),
(312, 2, 4, 18, 8, 0, '2020-04-30 05:18:58'),
(313, 2, 4, 18, 13, 1, '2020-04-30 05:18:58'),
(314, 2, 4, 18, 18, 0, '2020-04-30 05:18:58'),
(315, 2, 4, 19, 2, 0, '2020-04-30 05:18:58'),
(316, 2, 4, 19, 4, 0, '2020-04-30 05:18:58'),
(317, 2, 4, 19, 7, 0, '2020-04-30 05:18:58'),
(318, 2, 4, 19, 9, 1, '2020-04-30 05:18:58'),
(319, 2, 4, 19, 12, 1, '2020-04-30 05:18:58'),
(320, 2, 4, 19, 14, 0, '2020-04-30 05:18:58'),
(321, 2, 4, 19, 17, 0, '2020-04-30 05:18:58'),
(322, 2, 4, 19, 19, 0, '2020-04-30 05:18:58'),
(323, 2, 4, 20, 3, 0, '2020-04-30 05:18:58'),
(324, 2, 4, 20, 8, 0, '2020-04-30 05:18:58'),
(325, 2, 4, 20, 13, 0, '2020-04-30 05:18:58'),
(326, 2, 4, 20, 18, 0, '2020-04-30 05:18:58'),
(327, 2, 2, 2, 10, 1, '2020-04-30 05:20:18'),
(328, 2, 2, 2, 11, 0, '2020-04-30 05:20:18'),
(329, 2, 2, 3, 10, 0, '2020-04-30 05:20:18'),
(330, 2, 2, 3, 11, 1, '2020-04-30 05:20:18'),
(331, 2, 2, 23, 10, 0, '2020-04-30 05:20:18'),
(332, 2, 2, 23, 11, 2, '2020-04-30 05:20:18'),
(333, 2, 2, 24, 10, 2, '2020-04-30 05:20:18'),
(334, 2, 2, 24, 11, 0, '2020-04-30 05:20:18'),
(335, 2, 1, 9, 10, 0, '2020-04-30 05:20:33'),
(336, 2, 1, 9, 11, 0, '2020-04-30 05:20:33'),
(337, 2, 2, 2, 10, 1, '2020-04-30 05:20:33'),
(338, 2, 2, 2, 11, 0, '2020-04-30 05:20:33'),
(339, 2, 2, 3, 10, 0, '2020-04-30 05:20:33'),
(340, 2, 2, 3, 11, 1, '2020-04-30 05:20:33'),
(341, 2, 2, 23, 10, 0, '2020-04-30 05:20:33'),
(342, 2, 2, 23, 11, 2, '2020-04-30 05:20:33'),
(343, 2, 2, 24, 10, 2, '2020-04-30 05:20:33'),
(344, 2, 2, 24, 11, 0, '2020-04-30 05:20:33'),
(345, 2, 1, 9, 10, 0, '2020-04-30 05:21:04'),
(346, 2, 1, 9, 11, 0, '2020-04-30 05:21:04'),
(347, 2, 2, 2, 10, 1, '2020-04-30 05:21:04'),
(348, 2, 2, 2, 11, 0, '2020-04-30 05:21:04'),
(349, 2, 2, 3, 10, 0, '2020-04-30 05:21:04'),
(350, 2, 2, 3, 11, 1, '2020-04-30 05:21:04'),
(351, 2, 2, 23, 10, 0, '2020-04-30 05:21:04'),
(352, 2, 2, 23, 11, 2, '2020-04-30 05:21:04'),
(353, 2, 2, 24, 10, 2, '2020-04-30 05:21:04'),
(354, 2, 2, 24, 11, 0, '2020-04-30 05:21:04'),
(355, 2, 4, 23, 2, 0, '2020-04-30 05:21:04'),
(356, 2, 4, 23, 3, 0, '2020-04-30 05:21:04'),
(357, 2, 4, 23, 18, 0, '2020-04-30 05:21:04'),
(358, 2, 4, 23, 19, 0, '2020-04-30 05:21:04'),
(359, 2, 4, 24, 2, 0, '2020-04-30 05:21:04'),
(360, 2, 4, 24, 3, 2, '2020-04-30 05:21:04'),
(361, 2, 4, 24, 18, 0, '2020-04-30 05:21:04'),
(362, 2, 4, 24, 19, 2, '2020-04-30 05:21:04'),
(363, 2, 1, 9, 10, 0, '2020-04-30 05:21:33'),
(364, 2, 1, 9, 11, 0, '2020-04-30 05:21:33'),
(365, 2, 2, 2, 9, 0, '2020-04-30 05:21:33'),
(366, 2, 2, 2, 10, 1, '2020-04-30 05:21:33'),
(367, 2, 2, 2, 11, 0, '2020-04-30 05:21:33'),
(368, 2, 2, 2, 12, 0, '2020-04-30 05:21:33'),
(369, 2, 2, 3, 9, 1, '2020-04-30 05:21:33'),
(370, 2, 2, 3, 10, 0, '2020-04-30 05:21:33'),
(371, 2, 2, 3, 11, 1, '2020-04-30 05:21:33'),
(372, 2, 2, 3, 12, 0, '2020-04-30 05:21:33'),
(373, 2, 2, 11, 3, 0, '2020-04-30 05:21:33'),
(374, 2, 2, 11, 4, 1, '2020-04-30 05:21:33'),
(375, 2, 2, 11, 17, 0, '2020-04-30 05:21:33'),
(376, 2, 2, 11, 18, 0, '2020-04-30 05:21:33'),
(377, 2, 2, 23, 9, 2, '2020-04-30 05:21:33'),
(378, 2, 2, 23, 10, 0, '2020-04-30 05:21:33'),
(379, 2, 2, 23, 11, 2, '2020-04-30 05:21:33'),
(380, 2, 2, 23, 12, 0, '2020-04-30 05:21:33'),
(381, 2, 2, 24, 9, 0, '2020-04-30 05:21:33'),
(382, 2, 2, 24, 10, 2, '2020-04-30 05:21:33'),
(383, 2, 2, 24, 11, 0, '2020-04-30 05:21:33'),
(384, 2, 2, 24, 12, 2, '2020-04-30 05:21:33'),
(385, 2, 4, 23, 2, 0, '2020-04-30 05:21:33'),
(386, 2, 4, 23, 3, 0, '2020-04-30 05:21:33'),
(387, 2, 4, 23, 18, 0, '2020-04-30 05:21:33'),
(388, 2, 4, 23, 19, 0, '2020-04-30 05:21:33'),
(389, 2, 4, 24, 2, 0, '2020-04-30 05:21:33'),
(390, 2, 4, 24, 3, 2, '2020-04-30 05:21:33'),
(391, 2, 4, 24, 18, 0, '2020-04-30 05:21:33'),
(392, 2, 4, 24, 19, 2, '2020-04-30 05:21:33'),
(393, 2, 1, 9, 10, 0, '2020-04-30 05:21:48'),
(394, 2, 1, 9, 11, 0, '2020-04-30 05:21:48'),
(395, 2, 2, 2, 9, 0, '2020-04-30 05:21:48'),
(396, 2, 2, 2, 10, 1, '2020-04-30 05:21:48'),
(397, 2, 2, 2, 11, 0, '2020-04-30 05:21:48'),
(398, 2, 2, 2, 12, 0, '2020-04-30 05:21:48'),
(399, 2, 2, 3, 9, 1, '2020-04-30 05:21:48'),
(400, 2, 2, 3, 10, 0, '2020-04-30 05:21:48'),
(401, 2, 2, 3, 11, 1, '2020-04-30 05:21:48'),
(402, 2, 2, 3, 12, 0, '2020-04-30 05:21:48'),
(403, 2, 2, 11, 3, 0, '2020-04-30 05:21:48'),
(404, 2, 2, 11, 4, 1, '2020-04-30 05:21:48'),
(405, 2, 2, 11, 17, 0, '2020-04-30 05:21:48'),
(406, 2, 2, 11, 18, 0, '2020-04-30 05:21:48'),
(407, 2, 2, 23, 9, 2, '2020-04-30 05:21:48'),
(408, 2, 2, 23, 10, 0, '2020-04-30 05:21:48'),
(409, 2, 2, 23, 11, 2, '2020-04-30 05:21:48'),
(410, 2, 2, 23, 12, 0, '2020-04-30 05:21:48'),
(411, 2, 2, 24, 9, 0, '2020-04-30 05:21:48'),
(412, 2, 2, 24, 10, 2, '2020-04-30 05:21:48'),
(413, 2, 2, 24, 11, 0, '2020-04-30 05:21:48'),
(414, 2, 2, 24, 12, 2, '2020-04-30 05:21:48'),
(415, 2, 4, 23, 2, 0, '2020-04-30 05:21:48'),
(416, 2, 4, 23, 3, 0, '2020-04-30 05:21:48'),
(417, 2, 4, 23, 18, 0, '2020-04-30 05:21:48'),
(418, 2, 4, 23, 19, 0, '2020-04-30 05:21:48'),
(419, 2, 4, 24, 2, 0, '2020-04-30 05:21:48'),
(420, 2, 4, 24, 3, 2, '2020-04-30 05:21:48'),
(421, 2, 4, 24, 18, 0, '2020-04-30 05:21:48'),
(422, 2, 4, 24, 19, 2, '2020-04-30 05:21:48'),
(423, 2, 1, 9, 10, 0, '2020-04-30 05:21:48'),
(424, 2, 1, 9, 11, 0, '2020-04-30 05:21:48'),
(425, 2, 2, 2, 9, 0, '2020-04-30 05:21:48'),
(426, 2, 2, 2, 10, 1, '2020-04-30 05:21:48'),
(427, 2, 2, 2, 11, 0, '2020-04-30 05:21:48'),
(428, 2, 2, 2, 12, 0, '2020-04-30 05:21:48'),
(429, 2, 2, 3, 9, 1, '2020-04-30 05:21:48'),
(430, 2, 2, 3, 10, 0, '2020-04-30 05:21:48'),
(431, 2, 2, 3, 11, 1, '2020-04-30 05:21:48'),
(432, 2, 2, 3, 12, 0, '2020-04-30 05:21:48'),
(433, 2, 2, 11, 3, 0, '2020-04-30 05:21:48'),
(434, 2, 2, 11, 4, 1, '2020-04-30 05:21:48'),
(435, 2, 2, 11, 17, 0, '2020-04-30 05:21:48'),
(436, 2, 2, 11, 18, 0, '2020-04-30 05:21:48'),
(437, 2, 2, 23, 9, 2, '2020-04-30 05:21:48'),
(438, 2, 2, 23, 10, 0, '2020-04-30 05:21:48'),
(439, 2, 2, 23, 11, 2, '2020-04-30 05:21:48'),
(440, 2, 2, 23, 12, 0, '2020-04-30 05:21:48'),
(441, 2, 2, 24, 9, 0, '2020-04-30 05:21:48'),
(442, 2, 2, 24, 10, 2, '2020-04-30 05:21:48'),
(443, 2, 2, 24, 11, 0, '2020-04-30 05:21:48'),
(444, 2, 2, 24, 12, 2, '2020-04-30 05:21:48'),
(445, 2, 4, 23, 2, 0, '2020-04-30 05:21:48'),
(446, 2, 4, 23, 3, 0, '2020-04-30 05:21:48'),
(447, 2, 4, 23, 18, 0, '2020-04-30 05:21:48'),
(448, 2, 4, 23, 19, 0, '2020-04-30 05:21:48'),
(449, 2, 4, 24, 2, 0, '2020-04-30 05:21:48'),
(450, 2, 4, 24, 3, 2, '2020-04-30 05:21:48'),
(451, 2, 4, 24, 18, 0, '2020-04-30 05:21:48'),
(452, 2, 4, 24, 19, 2, '2020-04-30 05:21:48'),
(453, 1, 1, 2, 2, 0, '2020-04-30 05:37:38'),
(454, 1, 1, 2, 3, 1, '2020-04-30 05:37:38'),
(455, 1, 1, 2, 7, 0, '2020-04-30 05:37:38'),
(456, 1, 1, 2, 8, 2, '2020-04-30 05:37:38'),
(457, 1, 1, 2, 13, 0, '2020-04-30 05:37:38'),
(458, 1, 1, 2, 14, 2, '2020-04-30 05:37:38'),
(459, 1, 1, 2, 18, 1, '2020-04-30 05:37:38'),
(460, 1, 1, 2, 19, 1, '2020-04-30 05:37:38'),
(461, 1, 1, 3, 2, 0, '2020-04-30 05:37:38'),
(462, 1, 1, 3, 3, 0, '2020-04-30 05:37:38'),
(463, 1, 1, 3, 7, 1, '2020-04-30 05:37:38'),
(464, 1, 1, 3, 8, 0, '2020-04-30 05:37:38'),
(465, 1, 1, 3, 13, 0, '2020-04-30 05:37:38'),
(466, 1, 1, 3, 14, 0, '2020-04-30 05:37:38'),
(467, 1, 1, 3, 18, 0, '2020-04-30 05:37:38'),
(468, 1, 1, 3, 19, 0, '2020-04-30 05:37:38'),
(469, 1, 1, 6, 2, 0, '2020-04-30 05:37:38'),
(470, 1, 1, 6, 3, 0, '2020-04-30 05:37:38'),
(471, 1, 1, 6, 7, 0, '2020-04-30 05:37:38'),
(472, 1, 1, 6, 8, 2, '2020-04-30 05:37:38'),
(473, 1, 1, 6, 13, 0, '2020-04-30 05:37:38'),
(474, 1, 1, 6, 14, 2, '2020-04-30 05:37:38'),
(475, 1, 1, 6, 18, 0, '2020-04-30 05:37:38'),
(476, 1, 1, 6, 19, 0, '2020-04-30 05:37:38'),
(477, 1, 1, 7, 2, 0, '2020-04-30 05:37:38'),
(478, 1, 1, 7, 3, 0, '2020-04-30 05:37:38'),
(479, 1, 1, 7, 7, 0, '2020-04-30 05:37:38'),
(480, 1, 1, 7, 8, 2, '2020-04-30 05:37:38'),
(481, 1, 1, 7, 13, 0, '2020-04-30 05:37:38'),
(482, 1, 1, 7, 14, 0, '2020-04-30 05:37:38'),
(483, 1, 1, 7, 18, 0, '2020-04-30 05:37:38'),
(484, 1, 1, 7, 19, 0, '2020-04-30 05:37:38'),
(485, 1, 1, 10, 2, 0, '2020-04-30 05:37:38'),
(486, 1, 1, 10, 3, 0, '2020-04-30 05:37:38'),
(487, 1, 1, 10, 7, 0, '2020-04-30 05:37:38'),
(488, 1, 1, 10, 8, 2, '2020-04-30 05:37:38'),
(489, 1, 1, 10, 13, 0, '2020-04-30 05:37:38'),
(490, 1, 1, 10, 14, 2, '2020-04-30 05:37:38'),
(491, 1, 1, 10, 18, 0, '2020-04-30 05:37:38'),
(492, 1, 1, 10, 19, 0, '2020-04-30 05:37:38'),
(493, 1, 1, 11, 2, 0, '2020-04-30 05:37:38'),
(494, 1, 1, 11, 3, 0, '2020-04-30 05:37:38'),
(495, 1, 1, 11, 7, 2, '2020-04-30 05:37:38'),
(496, 1, 1, 11, 8, 0, '2020-04-30 05:37:38'),
(497, 1, 1, 11, 13, 2, '2020-04-30 05:37:38'),
(498, 1, 1, 11, 14, 0, '2020-04-30 05:37:38'),
(499, 1, 1, 11, 18, 0, '2020-04-30 05:37:38'),
(500, 1, 1, 11, 19, 0, '2020-04-30 05:37:38'),
(501, 1, 1, 15, 2, 0, '2020-04-30 05:37:38'),
(502, 1, 1, 15, 3, 0, '2020-04-30 05:37:38'),
(503, 1, 1, 15, 7, 0, '2020-04-30 05:37:38'),
(504, 1, 1, 15, 8, 2, '2020-04-30 05:37:38'),
(505, 1, 1, 15, 13, 0, '2020-04-30 05:37:38'),
(506, 1, 1, 15, 14, 2, '2020-04-30 05:37:38'),
(507, 1, 1, 15, 18, 0, '2020-04-30 05:37:38'),
(508, 1, 1, 15, 19, 0, '2020-04-30 05:37:38'),
(509, 1, 1, 16, 2, 0, '2020-04-30 05:37:38'),
(510, 1, 1, 16, 3, 0, '2020-04-30 05:37:38'),
(511, 1, 1, 16, 7, 2, '2020-04-30 05:37:38'),
(512, 1, 1, 16, 8, 0, '2020-04-30 05:37:38'),
(513, 1, 1, 16, 13, 2, '2020-04-30 05:37:38'),
(514, 1, 1, 16, 14, 0, '2020-04-30 05:37:38'),
(515, 1, 1, 16, 18, 0, '2020-04-30 05:37:38'),
(516, 1, 1, 16, 19, 0, '2020-04-30 05:37:38'),
(517, 1, 1, 19, 2, 1, '2020-04-30 05:37:38'),
(518, 1, 1, 19, 3, 0, '2020-04-30 05:37:38'),
(519, 1, 1, 19, 7, 1, '2020-04-30 05:37:38'),
(520, 1, 1, 19, 8, 2, '2020-04-30 05:37:38'),
(521, 1, 1, 19, 13, 1, '2020-04-30 05:37:38'),
(522, 1, 1, 19, 14, 2, '2020-04-30 05:37:38'),
(523, 1, 1, 19, 18, 1, '2020-04-30 05:37:38'),
(524, 1, 1, 19, 19, 1, '2020-04-30 05:37:38'),
(525, 1, 1, 20, 2, 1, '2020-04-30 05:37:38'),
(526, 1, 1, 20, 3, 0, '2020-04-30 05:37:38'),
(527, 1, 1, 20, 7, 2, '2020-04-30 05:37:38'),
(528, 1, 1, 20, 8, 1, '2020-04-30 05:37:38'),
(529, 1, 1, 20, 13, 2, '2020-04-30 05:37:38'),
(530, 1, 1, 20, 14, 1, '2020-04-30 05:37:38'),
(531, 1, 1, 20, 18, 0, '2020-04-30 05:37:38'),
(532, 1, 1, 20, 19, 0, '2020-04-30 05:37:38'),
(533, 1, 1, 23, 2, 0, '2020-04-30 05:37:38'),
(534, 1, 1, 23, 3, 0, '2020-04-30 05:37:38'),
(535, 1, 1, 23, 18, 0, '2020-04-30 05:37:38'),
(536, 1, 1, 23, 19, 0, '2020-04-30 05:37:38'),
(537, 1, 1, 24, 2, 0, '2020-04-30 05:37:38'),
(538, 1, 1, 24, 3, 0, '2020-04-30 05:37:38'),
(539, 1, 1, 24, 18, 0, '2020-04-30 05:37:38'),
(540, 1, 1, 24, 19, 0, '2020-04-30 05:37:38'),
(541, 1, 2, 3, 3, 0, '2020-04-30 05:37:38'),
(542, 1, 2, 3, 18, 0, '2020-04-30 05:37:38'),
(543, 1, 2, 4, 2, 0, '2020-04-30 05:37:38'),
(544, 1, 2, 4, 4, 1, '2020-04-30 05:37:38'),
(545, 1, 2, 4, 17, 0, '2020-04-30 05:37:38'),
(546, 1, 2, 4, 19, 1, '2020-04-30 05:37:38'),
(547, 1, 2, 5, 3, 0, '2020-04-30 05:37:38'),
(548, 1, 2, 5, 18, 0, '2020-04-30 05:37:38'),
(549, 1, 2, 8, 3, 1, '2020-04-30 05:37:38'),
(550, 1, 2, 8, 18, 0, '2020-04-30 05:37:38'),
(551, 1, 2, 9, 2, 0, '2020-04-30 05:37:38'),
(552, 1, 2, 9, 4, 0, '2020-04-30 05:37:38'),
(553, 1, 2, 9, 17, 0, '2020-04-30 05:37:38'),
(554, 1, 2, 9, 19, 0, '2020-04-30 05:37:38'),
(555, 1, 2, 10, 3, 1, '2020-04-30 05:37:38'),
(556, 1, 2, 10, 18, 1, '2020-04-30 05:37:38'),
(557, 1, 2, 16, 3, 0, '2020-04-30 05:37:38'),
(558, 1, 2, 16, 18, 0, '2020-04-30 05:37:38'),
(559, 1, 2, 17, 2, 0, '2020-04-30 05:37:38'),
(560, 1, 2, 17, 4, 0, '2020-04-30 05:37:38'),
(561, 1, 2, 17, 17, 0, '2020-04-30 05:37:38'),
(562, 1, 2, 17, 19, 0, '2020-04-30 05:37:38'),
(563, 1, 2, 18, 3, 1, '2020-04-30 05:37:38'),
(564, 1, 2, 18, 18, 1, '2020-04-30 05:37:38'),
(565, 1, 2, 21, 3, 0, '2020-04-30 05:37:38'),
(566, 1, 2, 21, 18, 0, '2020-04-30 05:37:38'),
(567, 1, 2, 22, 2, 1, '2020-04-30 05:37:38'),
(568, 1, 2, 22, 4, 1, '2020-04-30 05:37:38'),
(569, 1, 2, 22, 17, 0, '2020-04-30 05:37:38'),
(570, 1, 2, 22, 19, 1, '2020-04-30 05:37:38'),
(571, 1, 2, 23, 3, 0, '2020-04-30 05:37:38'),
(572, 1, 2, 23, 18, 0, '2020-04-30 05:37:38'),
(573, 3, 1, 3, 3, 1, '2020-04-30 05:41:52'),
(574, 3, 1, 3, 4, 2, '2020-04-30 05:41:52'),
(575, 3, 1, 3, 10, 0, '2020-04-30 05:41:52'),
(576, 3, 1, 3, 11, 0, '2020-04-30 05:41:52'),
(577, 3, 1, 3, 17, 2, '2020-04-30 05:41:52'),
(578, 3, 1, 3, 18, 1, '2020-04-30 05:41:52'),
(579, 3, 1, 4, 3, 0, '2020-04-30 05:41:52'),
(580, 3, 1, 4, 4, 1, '2020-04-30 05:41:52'),
(581, 3, 1, 4, 10, 1, '2020-04-30 05:41:52'),
(582, 3, 1, 4, 11, 1, '2020-04-30 05:41:52'),
(583, 3, 1, 4, 17, 0, '2020-04-30 05:41:52'),
(584, 3, 1, 4, 18, 2, '2020-04-30 05:41:52'),
(585, 3, 1, 5, 3, 0, '2020-04-30 05:41:52'),
(586, 3, 1, 5, 4, 0, '2020-04-30 05:41:52'),
(587, 3, 1, 5, 17, 0, '2020-04-30 05:41:52'),
(588, 3, 1, 5, 18, 1, '2020-04-30 05:41:52'),
(589, 3, 1, 9, 3, 2, '2020-04-30 05:41:52'),
(590, 3, 1, 9, 4, 0, '2020-04-30 05:41:52'),
(591, 3, 1, 9, 17, 0, '2020-04-30 05:41:52'),
(592, 3, 1, 9, 18, 2, '2020-04-30 05:41:52'),
(593, 3, 1, 10, 3, 0, '2020-04-30 05:41:52'),
(594, 3, 1, 10, 4, 2, '2020-04-30 05:41:52'),
(595, 3, 1, 10, 17, 0, '2020-04-30 05:41:52'),
(596, 3, 1, 10, 18, 0, '2020-04-30 05:41:52'),
(597, 3, 1, 11, 3, 2, '2020-04-30 05:41:52'),
(598, 3, 1, 11, 4, 0, '2020-04-30 05:41:52'),
(599, 3, 1, 11, 17, 0, '2020-04-30 05:41:52'),
(600, 3, 1, 11, 18, 2, '2020-04-30 05:41:52'),
(601, 3, 1, 14, 3, 0, '2020-04-30 05:41:52'),
(602, 3, 1, 14, 4, 2, '2020-04-30 05:41:52'),
(603, 3, 1, 14, 17, 2, '2020-04-30 05:41:52'),
(604, 3, 1, 14, 18, 0, '2020-04-30 05:41:52'),
(605, 3, 1, 15, 3, 0, '2020-04-30 05:41:52'),
(606, 3, 1, 15, 4, 1, '2020-04-30 05:41:52'),
(607, 3, 1, 15, 17, 1, '2020-04-30 05:41:52'),
(608, 3, 1, 15, 18, 0, '2020-04-30 05:41:52'),
(609, 3, 1, 16, 3, 0, '2020-04-30 05:41:52'),
(610, 3, 1, 16, 4, 2, '2020-04-30 05:41:52'),
(611, 3, 1, 16, 17, 2, '2020-04-30 05:41:52'),
(612, 3, 1, 16, 18, 0, '2020-04-30 05:41:52'),
(613, 3, 1, 19, 4, 1, '2020-04-30 05:41:52'),
(614, 3, 1, 19, 17, 1, '2020-04-30 05:41:52'),
(615, 3, 1, 20, 3, 0, '2020-04-30 05:41:52'),
(616, 3, 1, 20, 5, 0, '2020-04-30 05:41:52'),
(617, 3, 1, 20, 16, 0, '2020-04-30 05:41:52'),
(618, 3, 1, 20, 18, 0, '2020-04-30 05:41:52'),
(619, 3, 1, 21, 4, 1, '2020-04-30 05:41:52'),
(620, 3, 1, 21, 17, 1, '2020-04-30 05:41:52'),
(621, 3, 2, 4, 9, 0, '2020-04-30 05:41:52'),
(622, 3, 2, 4, 10, 1, '2020-04-30 05:41:52'),
(623, 3, 2, 4, 11, 0, '2020-04-30 05:41:52'),
(624, 3, 2, 4, 12, 1, '2020-04-30 05:41:52'),
(625, 3, 2, 5, 9, 0, '2020-04-30 05:41:52'),
(626, 3, 2, 5, 10, 0, '2020-04-30 05:41:52'),
(627, 3, 2, 5, 11, 0, '2020-04-30 05:41:52'),
(628, 3, 2, 5, 12, 0, '2020-04-30 05:41:52'),
(629, 3, 2, 8, 9, 2, '2020-04-30 05:41:52'),
(630, 3, 2, 8, 10, 1, '2020-04-30 05:41:52'),
(631, 3, 2, 8, 11, 2, '2020-04-30 05:41:52'),
(632, 3, 2, 8, 12, 1, '2020-04-30 05:41:52'),
(633, 3, 2, 9, 9, 1, '2020-04-30 05:41:52'),
(634, 3, 2, 9, 10, 2, '2020-04-30 05:41:52'),
(635, 3, 2, 9, 11, 0, '2020-04-30 05:41:52'),
(636, 3, 2, 9, 12, 2, '2020-04-30 05:41:52'),
(637, 3, 2, 12, 9, 0, '2020-04-30 05:41:52'),
(638, 3, 2, 12, 10, 0, '2020-04-30 05:41:52'),
(639, 3, 2, 12, 11, 0, '2020-04-30 05:41:52'),
(640, 3, 2, 12, 12, 0, '2020-04-30 05:41:52'),
(641, 3, 2, 13, 9, 0, '2020-04-30 05:41:52'),
(642, 3, 2, 13, 10, 0, '2020-04-30 05:41:52'),
(643, 3, 2, 13, 11, 0, '2020-04-30 05:41:52'),
(644, 3, 2, 13, 12, 0, '2020-04-30 05:41:52'),
(645, 3, 2, 16, 9, 0, '2020-04-30 05:41:52'),
(646, 3, 2, 16, 10, 0, '2020-04-30 05:41:52'),
(647, 3, 2, 16, 11, 0, '2020-04-30 05:41:52'),
(648, 3, 2, 16, 12, 0, '2020-04-30 05:41:52'),
(649, 3, 2, 17, 9, 0, '2020-04-30 05:41:52'),
(650, 3, 2, 17, 10, 0, '2020-04-30 05:41:52'),
(651, 3, 2, 17, 11, 0, '2020-04-30 05:41:52'),
(652, 3, 2, 17, 12, 0, '2020-04-30 05:41:52'),
(653, 3, 2, 20, 9, 0, '2020-04-30 05:41:52'),
(654, 3, 2, 20, 10, 0, '2020-04-30 05:41:52'),
(655, 3, 2, 20, 11, 0, '2020-04-30 05:41:52'),
(656, 3, 2, 20, 12, 1, '2020-04-30 05:41:52'),
(657, 3, 2, 21, 9, 0, '2020-04-30 05:41:52'),
(658, 3, 2, 21, 10, 0, '2020-04-30 05:41:52'),
(659, 3, 2, 21, 11, 0, '2020-04-30 05:41:52'),
(660, 3, 2, 21, 12, 0, '2020-04-30 05:41:52'),
(661, 4, 1, 3, 3, 1, '2020-04-30 05:44:28'),
(662, 4, 1, 3, 4, 0, '2020-04-30 05:44:28'),
(663, 4, 1, 3, 7, 0, '2020-04-30 05:44:28'),
(664, 4, 1, 3, 8, 0, '2020-04-30 05:44:28'),
(665, 4, 1, 3, 13, 0, '2020-04-30 05:44:28'),
(666, 4, 1, 3, 14, 0, '2020-04-30 05:44:28'),
(667, 4, 1, 3, 17, 0, '2020-04-30 05:44:28'),
(668, 4, 1, 3, 18, 1, '2020-04-30 05:44:28'),
(669, 4, 1, 4, 3, 0, '2020-04-30 05:44:28'),
(670, 4, 1, 4, 4, 1, '2020-04-30 05:44:28'),
(671, 4, 1, 4, 7, 0, '2020-04-30 05:44:28'),
(672, 4, 1, 4, 8, 0, '2020-04-30 05:44:28'),
(673, 4, 1, 4, 13, 0, '2020-04-30 05:44:28'),
(674, 4, 1, 4, 14, 0, '2020-04-30 05:44:28'),
(675, 4, 1, 4, 17, 0, '2020-04-30 05:44:28'),
(676, 4, 1, 4, 18, 0, '2020-04-30 05:44:28'),
(677, 4, 1, 5, 3, 1, '2020-04-30 05:44:28'),
(678, 4, 1, 5, 4, 1, '2020-04-30 05:44:28'),
(679, 4, 1, 5, 7, 0, '2020-04-30 05:44:28'),
(680, 4, 1, 5, 8, 0, '2020-04-30 05:44:28'),
(681, 4, 1, 5, 13, 0, '2020-04-30 05:44:28'),
(682, 4, 1, 5, 14, 0, '2020-04-30 05:44:28'),
(683, 4, 1, 5, 17, 0, '2020-04-30 05:44:28'),
(684, 4, 1, 5, 18, 0, '2020-04-30 05:44:28'),
(685, 4, 1, 8, 3, 0, '2020-04-30 05:44:28'),
(686, 4, 1, 8, 4, 0, '2020-04-30 05:44:28'),
(687, 4, 1, 8, 17, 0, '2020-04-30 05:44:28'),
(688, 4, 1, 8, 18, 0, '2020-04-30 05:44:28'),
(689, 4, 1, 9, 3, 0, '2020-04-30 05:44:28'),
(690, 4, 1, 9, 4, 0, '2020-04-30 05:44:28'),
(691, 4, 1, 9, 17, 0, '2020-04-30 05:44:28'),
(692, 4, 1, 9, 18, 0, '2020-04-30 05:44:28'),
(693, 4, 1, 10, 3, 0, '2020-04-30 05:44:28'),
(694, 4, 1, 10, 4, 1, '2020-04-30 05:44:28'),
(695, 4, 1, 10, 17, 1, '2020-04-30 05:44:28'),
(696, 4, 1, 10, 18, 0, '2020-04-30 05:44:28'),
(697, 5, 1, 4, 8, 0, '2020-04-30 05:45:42'),
(698, 5, 1, 4, 9, 0, '2020-04-30 05:45:42'),
(699, 5, 1, 4, 10, 0, '2020-04-30 05:45:42'),
(700, 5, 1, 4, 11, 0, '2020-04-30 05:45:42'),
(701, 5, 1, 4, 12, 0, '2020-04-30 05:45:42'),
(702, 5, 1, 4, 13, 0, '2020-04-30 05:45:42'),
(703, 5, 1, 5, 8, 1, '2020-04-30 05:45:42'),
(704, 5, 1, 5, 9, 0, '2020-04-30 05:45:42'),
(705, 5, 1, 5, 10, 0, '2020-04-30 05:45:42'),
(706, 5, 1, 5, 11, 0, '2020-04-30 05:45:42'),
(707, 5, 1, 5, 12, 0, '2020-04-30 05:45:42'),
(708, 5, 1, 5, 13, 1, '2020-04-30 05:45:42'),
(709, 5, 1, 8, 8, 0, '2020-04-30 05:45:42'),
(710, 5, 1, 8, 9, 0, '2020-04-30 05:45:42'),
(711, 5, 1, 8, 12, 0, '2020-04-30 05:45:42'),
(712, 5, 1, 8, 13, 0, '2020-04-30 05:45:42'),
(713, 5, 1, 9, 8, 0, '2020-04-30 05:45:42'),
(714, 5, 1, 9, 9, 0, '2020-04-30 05:45:42'),
(715, 5, 1, 9, 12, 0, '2020-04-30 05:45:42'),
(716, 5, 1, 9, 13, 0, '2020-04-30 05:45:42'),
(717, 5, 1, 12, 8, 0, '2020-04-30 05:45:42'),
(718, 5, 1, 12, 9, 1, '2020-04-30 05:45:42'),
(719, 5, 1, 12, 12, 0, '2020-04-30 05:45:42'),
(720, 5, 1, 12, 13, 0, '2020-04-30 05:45:42'),
(721, 5, 1, 13, 8, 0, '2020-04-30 05:45:42'),
(722, 5, 1, 13, 9, 1, '2020-04-30 05:45:42'),
(723, 5, 1, 13, 12, 1, '2020-04-30 05:45:42'),
(724, 5, 1, 13, 13, 1, '2020-04-30 05:45:42'),
(725, 5, 1, 16, 8, 0, '2020-04-30 05:45:42'),
(726, 5, 1, 16, 9, 1, '2020-04-30 05:45:42'),
(727, 5, 1, 16, 12, 1, '2020-04-30 05:45:42'),
(728, 5, 1, 16, 13, 0, '2020-04-30 05:45:42'),
(729, 5, 1, 17, 8, 1, '2020-04-30 05:45:42'),
(730, 5, 1, 17, 9, 2, '2020-04-30 05:45:42'),
(731, 5, 1, 17, 12, 2, '2020-04-30 05:45:42'),
(732, 5, 1, 17, 13, 0, '2020-04-30 05:45:42'),
(733, 6, 1, 3, 5, 0, '2020-04-30 05:47:00'),
(734, 6, 1, 3, 6, 0, '2020-04-30 05:47:00'),
(735, 6, 1, 3, 10, 0, '2020-04-30 05:47:00'),
(736, 6, 1, 3, 11, 1, '2020-04-30 05:47:00'),
(737, 6, 1, 3, 15, 0, '2020-04-30 05:47:00'),
(738, 6, 1, 3, 16, 0, '2020-04-30 05:47:00'),
(739, 6, 1, 4, 5, 0, '2020-04-30 05:47:00'),
(740, 6, 1, 4, 6, 0, '2020-04-30 05:47:00'),
(741, 6, 1, 4, 10, 0, '2020-04-30 05:47:00'),
(742, 6, 1, 4, 11, 0, '2020-04-30 05:47:00'),
(743, 6, 1, 4, 15, 0, '2020-04-30 05:47:00'),
(744, 6, 1, 4, 16, 0, '2020-04-30 05:47:00'),
(745, 6, 1, 5, 5, 1, '2020-04-30 05:47:00'),
(746, 6, 1, 5, 6, 1, '2020-04-30 05:47:00'),
(747, 6, 1, 5, 10, 0, '2020-04-30 05:47:00'),
(748, 6, 1, 5, 11, 0, '2020-04-30 05:47:00'),
(749, 6, 1, 5, 15, 0, '2020-04-30 05:47:00'),
(750, 6, 1, 5, 16, 1, '2020-04-30 05:47:00'),
(751, 6, 1, 8, 5, 0, '2020-04-30 05:47:00'),
(752, 6, 1, 8, 6, 0, '2020-04-30 05:47:00'),
(753, 6, 1, 8, 10, 2, '2020-04-30 05:47:00'),
(754, 6, 1, 8, 11, 2, '2020-04-30 05:47:00'),
(755, 6, 1, 8, 15, 0, '2020-04-30 05:47:00'),
(756, 6, 1, 8, 16, 0, '2020-04-30 05:47:00'),
(757, 6, 1, 9, 5, 0, '2020-04-30 05:47:00'),
(758, 6, 1, 9, 6, 0, '2020-04-30 05:47:00'),
(759, 6, 1, 9, 10, 0, '2020-04-30 05:47:00'),
(760, 6, 1, 9, 11, 0, '2020-04-30 05:47:00'),
(761, 6, 1, 9, 15, 0, '2020-04-30 05:47:00'),
(762, 6, 1, 9, 16, 0, '2020-04-30 05:47:00'),
(763, 6, 1, 10, 5, 0, '2020-04-30 05:47:00'),
(764, 6, 1, 10, 6, 0, '2020-04-30 05:47:00'),
(765, 6, 1, 10, 10, 0, '2020-04-30 05:47:00'),
(766, 6, 1, 10, 11, 0, '2020-04-30 05:47:00'),
(767, 6, 1, 10, 15, 0, '2020-04-30 05:47:00'),
(768, 6, 1, 10, 16, 0, '2020-04-30 05:47:00'),
(769, 6, 1, 13, 5, 0, '2020-04-30 05:47:00'),
(770, 6, 1, 13, 6, 0, '2020-04-30 05:47:00'),
(771, 6, 1, 13, 10, 0, '2020-04-30 05:47:00'),
(772, 6, 1, 13, 11, 0, '2020-04-30 05:47:00'),
(773, 6, 1, 13, 15, 0, '2020-04-30 05:47:00'),
(774, 6, 1, 13, 16, 0, '2020-04-30 05:47:00'),
(775, 6, 1, 14, 5, 0, '2020-04-30 05:47:00'),
(776, 6, 1, 14, 6, 0, '2020-04-30 05:47:00'),
(777, 6, 1, 14, 10, 0, '2020-04-30 05:47:00'),
(778, 6, 1, 14, 11, 0, '2020-04-30 05:47:00'),
(779, 6, 1, 14, 15, 0, '2020-04-30 05:47:00'),
(780, 6, 1, 14, 16, 0, '2020-04-30 05:47:00'),
(781, 6, 1, 15, 5, 0, '2020-04-30 05:47:00'),
(782, 6, 1, 15, 6, 1, '2020-04-30 05:47:00'),
(783, 6, 1, 15, 10, 0, '2020-04-30 05:47:00'),
(784, 6, 1, 15, 11, 0, '2020-04-30 05:47:00'),
(785, 6, 1, 15, 15, 1, '2020-04-30 05:47:00'),
(786, 6, 1, 15, 16, 1, '2020-04-30 05:47:00'),
(787, 7, 1, 3, 3, 1, '2020-04-30 05:48:22'),
(788, 7, 1, 3, 8, 1, '2020-04-30 05:48:22'),
(789, 7, 1, 3, 13, 1, '2020-04-30 05:48:22'),
(790, 7, 1, 3, 18, 0, '2020-04-30 05:48:22'),
(791, 7, 1, 4, 2, 1, '2020-04-30 05:48:22'),
(792, 7, 1, 4, 4, 1, '2020-04-30 05:48:22'),
(793, 7, 1, 4, 7, 0, '2020-04-30 05:48:22'),
(794, 7, 1, 4, 9, 0, '2020-04-30 05:48:22'),
(795, 7, 1, 4, 12, 0, '2020-04-30 05:48:22'),
(796, 7, 1, 4, 14, 0, '2020-04-30 05:48:22'),
(797, 7, 1, 4, 17, 1, '2020-04-30 05:48:22'),
(798, 7, 1, 4, 19, 0, '2020-04-30 05:48:22'),
(799, 7, 1, 5, 3, 0, '2020-04-30 05:48:22'),
(800, 7, 1, 5, 8, 0, '2020-04-30 05:48:22'),
(801, 7, 1, 5, 13, 0, '2020-04-30 05:48:22'),
(802, 7, 1, 5, 18, 1, '2020-04-30 05:48:22'),
(803, 7, 1, 8, 3, 0, '2020-04-30 05:48:22'),
(804, 7, 1, 8, 8, 0, '2020-04-30 05:48:22'),
(805, 7, 1, 8, 13, 0, '2020-04-30 05:48:22'),
(806, 7, 1, 8, 18, 0, '2020-04-30 05:48:22'),
(807, 7, 1, 9, 2, 0, '2020-04-30 05:48:22'),
(808, 7, 1, 9, 4, 1, '2020-04-30 05:48:22'),
(809, 7, 1, 9, 7, 1, '2020-04-30 05:48:22'),
(810, 7, 1, 9, 9, 2, '2020-04-30 05:48:22'),
(811, 7, 1, 9, 12, 0, '2020-04-30 05:48:22'),
(812, 7, 1, 9, 14, 1, '2020-04-30 05:48:22'),
(813, 7, 1, 9, 17, 1, '2020-04-30 05:48:22'),
(814, 7, 1, 9, 19, 1, '2020-04-30 05:48:22'),
(815, 7, 1, 10, 3, 0, '2020-04-30 05:48:22'),
(816, 7, 1, 10, 8, 2, '2020-04-30 05:48:22'),
(817, 7, 1, 10, 13, 2, '2020-04-30 05:48:22'),
(818, 7, 1, 10, 18, 0, '2020-04-30 05:48:22'),
(819, 7, 1, 13, 3, 1, '2020-04-30 05:48:22'),
(820, 7, 1, 13, 18, 1, '2020-04-30 05:48:22'),
(821, 7, 1, 14, 2, 0, '2020-04-30 05:48:22'),
(822, 7, 1, 14, 4, 0, '2020-04-30 05:48:22'),
(823, 7, 1, 14, 17, 0, '2020-04-30 05:48:22'),
(824, 7, 1, 14, 19, 0, '2020-04-30 05:48:22'),
(825, 7, 1, 15, 3, 0, '2020-04-30 05:48:22'),
(826, 7, 1, 15, 18, 0, '2020-04-30 05:48:22'),
(827, 7, 1, 3, 3, 1, '2020-04-30 05:48:45'),
(828, 7, 1, 3, 8, 1, '2020-04-30 05:48:45'),
(829, 7, 1, 3, 13, 1, '2020-04-30 05:48:45'),
(830, 7, 1, 3, 18, 0, '2020-04-30 05:48:45'),
(831, 7, 1, 4, 2, 1, '2020-04-30 05:48:45'),
(832, 7, 1, 4, 4, 1, '2020-04-30 05:48:45'),
(833, 7, 1, 4, 7, 0, '2020-04-30 05:48:45'),
(834, 7, 1, 4, 9, 0, '2020-04-30 05:48:45'),
(835, 7, 1, 4, 12, 0, '2020-04-30 05:48:45'),
(836, 7, 1, 4, 14, 0, '2020-04-30 05:48:45'),
(837, 7, 1, 4, 17, 1, '2020-04-30 05:48:45'),
(838, 7, 1, 4, 19, 0, '2020-04-30 05:48:45'),
(839, 7, 1, 5, 3, 0, '2020-04-30 05:48:45'),
(840, 7, 1, 5, 8, 0, '2020-04-30 05:48:45'),
(841, 7, 1, 5, 13, 0, '2020-04-30 05:48:45'),
(842, 7, 1, 5, 18, 1, '2020-04-30 05:48:45'),
(843, 7, 1, 8, 3, 0, '2020-04-30 05:48:45'),
(844, 7, 1, 8, 8, 0, '2020-04-30 05:48:45'),
(845, 7, 1, 8, 13, 0, '2020-04-30 05:48:45'),
(846, 7, 1, 8, 18, 0, '2020-04-30 05:48:45'),
(847, 7, 1, 9, 2, 0, '2020-04-30 05:48:45'),
(848, 7, 1, 9, 4, 1, '2020-04-30 05:48:45'),
(849, 7, 1, 9, 7, 1, '2020-04-30 05:48:45'),
(850, 7, 1, 9, 9, 2, '2020-04-30 05:48:45'),
(851, 7, 1, 9, 12, 0, '2020-04-30 05:48:45'),
(852, 7, 1, 9, 14, 1, '2020-04-30 05:48:45'),
(853, 7, 1, 9, 17, 1, '2020-04-30 05:48:45'),
(854, 7, 1, 9, 19, 1, '2020-04-30 05:48:45'),
(855, 7, 1, 10, 3, 0, '2020-04-30 05:48:45'),
(856, 7, 1, 10, 8, 2, '2020-04-30 05:48:45'),
(857, 7, 1, 10, 13, 2, '2020-04-30 05:48:45'),
(858, 7, 1, 10, 18, 0, '2020-04-30 05:48:45'),
(859, 7, 1, 13, 3, 1, '2020-04-30 05:48:45'),
(860, 7, 1, 13, 18, 1, '2020-04-30 05:48:45'),
(861, 7, 1, 14, 2, 0, '2020-04-30 05:48:45'),
(862, 7, 1, 14, 4, 0, '2020-04-30 05:48:45'),
(863, 7, 1, 14, 17, 0, '2020-04-30 05:48:45'),
(864, 7, 1, 14, 19, 0, '2020-04-30 05:48:45'),
(865, 7, 1, 15, 3, 0, '2020-04-30 05:48:45'),
(866, 7, 1, 15, 18, 0, '2020-04-30 05:48:45'),
(867, 7, 2, 3, 3, 0, '2020-04-30 05:48:45'),
(868, 7, 2, 3, 4, 0, '2020-04-30 05:48:45'),
(869, 7, 2, 3, 7, 0, '2020-04-30 05:48:45'),
(870, 7, 2, 3, 8, 0, '2020-04-30 05:48:45'),
(871, 7, 2, 3, 14, 0, '2020-04-30 05:48:45'),
(872, 7, 2, 3, 15, 0, '2020-04-30 05:48:45'),
(873, 7, 2, 3, 17, 0, '2020-04-30 05:48:45'),
(874, 7, 2, 3, 18, 0, '2020-04-30 05:48:45'),
(875, 7, 2, 4, 3, 0, '2020-04-30 05:48:45'),
(876, 7, 2, 4, 4, 0, '2020-04-30 05:48:45'),
(877, 7, 2, 4, 7, 0, '2020-04-30 05:48:45'),
(878, 7, 2, 4, 8, 0, '2020-04-30 05:48:45'),
(879, 7, 2, 4, 14, 0, '2020-04-30 05:48:45'),
(880, 7, 2, 4, 15, 0, '2020-04-30 05:48:45'),
(881, 7, 2, 4, 17, 0, '2020-04-30 05:48:45'),
(882, 7, 2, 4, 18, 0, '2020-04-30 05:48:45'),
(883, 7, 2, 7, 3, 0, '2020-04-30 05:48:45'),
(884, 7, 2, 7, 4, 0, '2020-04-30 05:48:45'),
(885, 7, 2, 7, 7, 0, '2020-04-30 05:48:45'),
(886, 7, 2, 7, 8, 0, '2020-04-30 05:48:45'),
(887, 7, 2, 7, 14, 0, '2020-04-30 05:48:45'),
(888, 7, 2, 7, 15, 0, '2020-04-30 05:48:45'),
(889, 7, 2, 7, 17, 0, '2020-04-30 05:48:45'),
(890, 7, 2, 7, 18, 0, '2020-04-30 05:48:45'),
(891, 7, 2, 8, 3, 0, '2020-04-30 05:48:45'),
(892, 7, 2, 8, 4, 0, '2020-04-30 05:48:45'),
(893, 7, 2, 8, 7, 0, '2020-04-30 05:48:45'),
(894, 7, 2, 8, 8, 0, '2020-04-30 05:48:45'),
(895, 7, 2, 8, 14, 0, '2020-04-30 05:48:45'),
(896, 7, 2, 8, 15, 0, '2020-04-30 05:48:45'),
(897, 7, 2, 8, 17, 0, '2020-04-30 05:48:45'),
(898, 7, 2, 8, 18, 0, '2020-04-30 05:48:45'),
(903, 8, 1, 3, 4, 0, '2020-04-30 05:50:42'),
(904, 8, 1, 3, 8, 0, '2020-04-30 05:50:42'),
(905, 8, 1, 3, 9, 1, '2020-04-30 05:50:42'),
(906, 8, 1, 3, 12, 0, '2020-04-30 05:50:42'),
(907, 8, 1, 3, 13, 0, '2020-04-30 05:50:42'),
(908, 8, 1, 3, 17, 0, '2020-04-30 05:50:42'),
(909, 8, 1, 4, 3, 0, '2020-04-30 05:50:42'),
(910, 8, 1, 4, 5, 0, '2020-04-30 05:50:42'),
(911, 8, 1, 4, 8, 1, '2020-04-30 05:50:42'),
(912, 8, 1, 4, 9, 0, '2020-04-30 05:50:42'),
(913, 8, 1, 4, 12, 0, '2020-04-30 05:50:42'),
(914, 8, 1, 4, 13, 1, '2020-04-30 05:50:42'),
(915, 8, 1, 4, 16, 0, '2020-04-30 05:50:42'),
(916, 8, 1, 4, 18, 0, '2020-04-30 05:50:42'),
(917, 8, 1, 5, 4, 0, '2020-04-30 05:50:42'),
(918, 8, 1, 5, 17, 0, '2020-04-30 05:50:42'),
(919, 8, 1, 8, 4, 0, '2020-04-30 05:50:42'),
(920, 8, 1, 8, 17, 0, '2020-04-30 05:50:42'),
(921, 8, 1, 9, 3, 1, '2020-04-30 05:50:42'),
(922, 8, 1, 9, 5, 1, '2020-04-30 05:50:42'),
(923, 8, 1, 9, 8, 0, '2020-04-30 05:50:42'),
(924, 8, 1, 9, 9, 1, '2020-04-30 05:50:42'),
(925, 8, 1, 9, 12, 1, '2020-04-30 05:50:42'),
(926, 8, 1, 9, 13, 0, '2020-04-30 05:50:42'),
(927, 8, 1, 9, 16, 1, '2020-04-30 05:50:42'),
(928, 8, 1, 9, 18, 1, '2020-04-30 05:50:42'),
(929, 8, 1, 10, 4, 0, '2020-04-30 05:50:42'),
(930, 8, 1, 10, 8, 1, '2020-04-30 05:50:42'),
(931, 8, 1, 10, 9, 0, '2020-04-30 05:50:42'),
(932, 8, 1, 10, 12, 0, '2020-04-30 05:50:42'),
(933, 8, 1, 10, 13, 1, '2020-04-30 05:50:42'),
(934, 8, 1, 10, 17, 0, '2020-04-30 05:50:42'),
(935, 9, 1, 4, 4, 0, '2020-04-30 05:52:10'),
(936, 9, 1, 4, 5, 1, '2020-04-30 05:52:10'),
(937, 9, 1, 4, 7, 0, '2020-04-30 05:52:10'),
(938, 9, 1, 4, 8, 0, '2020-04-30 05:52:10'),
(939, 9, 1, 4, 10, 1, '2020-04-30 05:52:10'),
(940, 9, 1, 4, 11, 1, '2020-04-30 05:52:10'),
(941, 9, 1, 4, 13, 0, '2020-04-30 05:52:10'),
(942, 9, 1, 4, 14, 0, '2020-04-30 05:52:10'),
(943, 9, 1, 4, 16, 1, '2020-04-30 05:52:10'),
(944, 9, 1, 4, 17, 0, '2020-04-30 05:52:10'),
(945, 9, 1, 5, 4, 0, '2020-04-30 05:52:10'),
(946, 9, 1, 5, 5, 1, '2020-04-30 05:52:10'),
(947, 9, 1, 5, 7, 0, '2020-04-30 05:52:10'),
(948, 9, 1, 5, 8, 0, '2020-04-30 05:52:10'),
(949, 9, 1, 5, 10, 0, '2020-04-30 05:52:10'),
(950, 9, 1, 5, 11, 0, '2020-04-30 05:52:10'),
(951, 9, 1, 5, 13, 0, '2020-04-30 05:52:10'),
(952, 9, 1, 5, 14, 0, '2020-04-30 05:52:10'),
(953, 9, 1, 5, 16, 1, '2020-04-30 05:52:10'),
(954, 9, 1, 5, 17, 0, '2020-04-30 05:52:10'),
(955, 9, 1, 8, 4, 1, '2020-04-30 05:52:10'),
(956, 9, 1, 8, 5, 1, '2020-04-30 05:52:10'),
(957, 9, 1, 8, 7, 1, '2020-04-30 05:52:10'),
(958, 9, 1, 8, 8, 1, '2020-04-30 05:52:10'),
(959, 9, 1, 8, 10, 0, '2020-04-30 05:52:10'),
(960, 9, 1, 8, 11, 0, '2020-04-30 05:52:10'),
(961, 9, 1, 8, 13, 1, '2020-04-30 05:52:10'),
(962, 9, 1, 8, 14, 1, '2020-04-30 05:52:10'),
(963, 9, 1, 8, 16, 1, '2020-04-30 05:52:10'),
(964, 9, 1, 8, 17, 1, '2020-04-30 05:52:10'),
(965, 9, 1, 9, 4, 2, '2020-04-30 05:52:10'),
(966, 9, 1, 9, 5, 2, '2020-04-30 05:52:10'),
(967, 9, 1, 9, 7, 1, '2020-04-30 05:52:10'),
(968, 9, 1, 9, 8, 1, '2020-04-30 05:52:10'),
(969, 9, 1, 9, 10, 0, '2020-04-30 05:52:10'),
(970, 9, 1, 9, 11, 0, '2020-04-30 05:52:10'),
(971, 9, 1, 9, 13, 1, '2020-04-30 05:52:10'),
(972, 9, 1, 9, 14, 1, '2020-04-30 05:52:10'),
(973, 9, 1, 9, 16, 2, '2020-04-30 05:52:10'),
(974, 9, 1, 9, 17, 2, '2020-04-30 05:52:10'),
(975, 10, 1, 3, 5, 0, '2020-04-30 05:54:27'),
(976, 10, 1, 3, 17, 0, '2020-04-30 05:54:27'),
(977, 10, 1, 4, 4, 1, '2020-04-30 05:54:27'),
(978, 10, 1, 4, 6, 1, '2020-04-30 05:54:27'),
(979, 10, 1, 4, 16, 1, '2020-04-30 05:54:27'),
(980, 10, 1, 4, 18, 1, '2020-04-30 05:54:27'),
(981, 10, 1, 5, 4, 1, '2020-04-30 05:54:27'),
(982, 10, 1, 5, 6, 1, '2020-04-30 05:54:27'),
(983, 10, 1, 5, 16, 1, '2020-04-30 05:54:27'),
(984, 10, 1, 5, 18, 1, '2020-04-30 05:54:27'),
(985, 10, 1, 6, 5, 0, '2020-04-30 05:54:27'),
(986, 10, 1, 6, 17, 0, '2020-04-30 05:54:27'),
(987, 10, 1, 9, 5, 2, '2020-04-30 05:54:27'),
(988, 10, 1, 9, 17, 2, '2020-04-30 05:54:27'),
(989, 10, 1, 10, 4, 1, '2020-04-30 05:54:27'),
(990, 10, 1, 10, 6, 1, '2020-04-30 05:54:27'),
(991, 10, 1, 10, 16, 1, '2020-04-30 05:54:27'),
(992, 10, 1, 10, 18, 1, '2020-04-30 05:54:27'),
(993, 10, 1, 11, 4, 1, '2020-04-30 05:54:27'),
(994, 10, 1, 11, 6, 1, '2020-04-30 05:54:27'),
(995, 10, 1, 11, 16, 1, '2020-04-30 05:54:27'),
(996, 10, 1, 11, 18, 1, '2020-04-30 05:54:27'),
(997, 10, 1, 12, 5, 2, '2020-04-30 05:54:27'),
(998, 10, 1, 12, 17, 2, '2020-04-30 05:54:27'),
(999, 10, 1, 15, 5, 1, '2020-04-30 05:54:27'),
(1000, 10, 1, 15, 17, 1, '2020-04-30 05:54:27'),
(1001, 10, 1, 16, 4, 0, '2020-04-30 05:54:27'),
(1002, 10, 1, 16, 6, 0, '2020-04-30 05:54:27'),
(1003, 10, 1, 16, 16, 0, '2020-04-30 05:54:27'),
(1004, 10, 1, 16, 18, 0, '2020-04-30 05:54:27'),
(1005, 10, 1, 17, 4, 0, '2020-04-30 05:54:27'),
(1006, 10, 1, 17, 6, 0, '2020-04-30 05:54:27'),
(1007, 10, 1, 17, 16, 0, '2020-04-30 05:54:27'),
(1008, 10, 1, 17, 18, 0, '2020-04-30 05:54:27'),
(1009, 10, 1, 18, 5, 1, '2020-04-30 05:54:27'),
(1010, 10, 1, 18, 17, 1, '2020-04-30 05:54:27'),
(1011, 11, 1, 3, 3, 1, '2020-04-30 05:56:44'),
(1012, 11, 1, 3, 4, 1, '2020-04-30 05:56:44'),
(1013, 11, 1, 3, 7, 1, '2020-04-30 05:56:44'),
(1014, 11, 1, 3, 8, 2, '2020-04-30 05:56:44'),
(1015, 11, 1, 3, 13, 1, '2020-04-30 05:56:44'),
(1016, 11, 1, 3, 14, 2, '2020-04-30 05:56:44'),
(1017, 11, 1, 3, 17, 1, '2020-04-30 05:56:44'),
(1018, 11, 1, 3, 18, 1, '2020-04-30 05:56:44'),
(1019, 11, 1, 4, 3, 1, '2020-04-30 05:56:44'),
(1020, 11, 1, 4, 4, 1, '2020-04-30 05:56:44'),
(1021, 11, 1, 4, 7, 2, '2020-04-30 05:56:44'),
(1022, 11, 1, 4, 8, 1, '2020-04-30 05:56:44'),
(1023, 11, 1, 4, 13, 2, '2020-04-30 05:56:44'),
(1024, 11, 1, 4, 14, 1, '2020-04-30 05:56:44'),
(1025, 11, 1, 4, 17, 1, '2020-04-30 05:56:44'),
(1026, 11, 1, 4, 18, 1, '2020-04-30 05:56:44'),
(1027, 11, 1, 7, 3, 0, '2020-04-30 05:56:44'),
(1028, 11, 1, 7, 4, 0, '2020-04-30 05:56:44'),
(1029, 11, 1, 7, 17, 0, '2020-04-30 05:56:44'),
(1030, 11, 1, 7, 18, 0, '2020-04-30 05:56:44'),
(1031, 11, 1, 8, 3, 0, '2020-04-30 05:56:44'),
(1032, 11, 1, 8, 4, 0, '2020-04-30 05:56:44'),
(1033, 11, 1, 8, 17, 0, '2020-04-30 05:56:44'),
(1034, 11, 1, 8, 18, 0, '2020-04-30 05:56:44'),
(1035, 11, 1, 11, 3, 0, '2020-04-30 05:56:44'),
(1036, 11, 1, 11, 4, 0, '2020-04-30 05:56:44'),
(1037, 11, 1, 11, 17, 0, '2020-04-30 05:56:44'),
(1038, 11, 1, 11, 18, 0, '2020-04-30 05:56:44'),
(1039, 11, 1, 12, 3, 0, '2020-04-30 05:56:44'),
(1040, 11, 1, 12, 4, 0, '2020-04-30 05:56:44'),
(1041, 11, 1, 12, 17, 0, '2020-04-30 05:56:44'),
(1042, 11, 1, 12, 18, 0, '2020-04-30 05:56:44'),
(1043, 11, 1, 14, 3, 0, '2020-04-30 05:56:44'),
(1044, 11, 1, 14, 4, 0, '2020-04-30 05:56:44'),
(1045, 11, 1, 14, 17, 0, '2020-04-30 05:56:44'),
(1046, 11, 1, 14, 18, 0, '2020-04-30 05:56:44'),
(1047, 11, 1, 15, 3, 0, '2020-04-30 05:56:44'),
(1048, 11, 1, 15, 4, 0, '2020-04-30 05:56:44'),
(1049, 11, 1, 15, 17, 0, '2020-04-30 05:56:44'),
(1050, 11, 1, 15, 18, 0, '2020-04-30 05:56:44'),
(1051, 11, 1, 18, 3, 0, '2020-04-30 05:56:44'),
(1052, 11, 1, 18, 4, 0, '2020-04-30 05:56:44'),
(1053, 11, 1, 18, 17, 0, '2020-04-30 05:56:44'),
(1054, 11, 1, 18, 18, 0, '2020-04-30 05:56:44'),
(1055, 11, 1, 19, 3, 0, '2020-04-30 05:56:44'),
(1056, 11, 1, 19, 4, 0, '2020-04-30 05:56:44'),
(1057, 11, 1, 19, 17, 0, '2020-04-30 05:56:44'),
(1058, 11, 1, 19, 18, 0, '2020-04-30 05:56:44'),
(1059, 11, 1, 22, 3, 0, '2020-04-30 05:56:44'),
(1060, 11, 1, 22, 4, 0, '2020-04-30 05:56:44'),
(1061, 11, 1, 22, 17, 0, '2020-04-30 05:56:44'),
(1062, 11, 1, 22, 18, 0, '2020-04-30 05:56:44'),
(1063, 11, 1, 23, 3, 0, '2020-04-30 05:56:44'),
(1064, 11, 1, 23, 4, 0, '2020-04-30 05:56:44'),
(1065, 11, 1, 23, 17, 0, '2020-04-30 05:56:44'),
(1066, 11, 1, 23, 18, 0, '2020-04-30 05:56:44'),
(1067, 11, 2, 3, 6, 0, '2020-04-30 05:56:44'),
(1068, 11, 2, 3, 7, 0, '2020-04-30 05:56:44'),
(1069, 11, 2, 3, 10, 1, '2020-04-30 05:56:44'),
(1070, 11, 2, 3, 11, 0, '2020-04-30 05:56:44'),
(1071, 11, 2, 3, 14, 0, '2020-04-30 05:56:44'),
(1072, 11, 2, 3, 15, 0, '2020-04-30 05:56:44'),
(1073, 11, 2, 4, 6, 0, '2020-04-30 05:56:44'),
(1074, 11, 2, 4, 7, 0, '2020-04-30 05:56:44'),
(1075, 11, 2, 4, 10, 1, '2020-04-30 05:56:44'),
(1076, 11, 2, 4, 11, 0, '2020-04-30 05:56:44'),
(1077, 11, 2, 4, 14, 0, '2020-04-30 05:56:44'),
(1078, 11, 2, 4, 15, 0, '2020-04-30 05:56:44'),
(1079, 11, 2, 7, 6, 0, '2020-04-30 05:56:44'),
(1080, 11, 2, 7, 7, 0, '2020-04-30 05:56:44'),
(1081, 11, 2, 7, 14, 0, '2020-04-30 05:56:44'),
(1082, 11, 2, 7, 15, 0, '2020-04-30 05:56:44'),
(1083, 11, 2, 8, 6, 0, '2020-04-30 05:56:44'),
(1084, 11, 2, 8, 7, 0, '2020-04-30 05:56:44'),
(1085, 11, 2, 8, 14, 0, '2020-04-30 05:56:44'),
(1086, 11, 2, 8, 15, 0, '2020-04-30 05:56:44'),
(1087, 12, 1, 7, 6, 0, '2020-04-30 05:58:22'),
(1088, 12, 1, 7, 7, 0, '2020-04-30 05:58:22'),
(1089, 12, 1, 7, 10, 1, '2020-04-30 05:58:22'),
(1090, 12, 1, 7, 11, 1, '2020-04-30 05:58:22'),
(1091, 12, 1, 7, 14, 0, '2020-04-30 05:58:22'),
(1092, 12, 1, 7, 15, 0, '2020-04-30 05:58:22'),
(1093, 12, 1, 8, 6, 0, '2020-04-30 05:58:22'),
(1094, 12, 1, 8, 7, 0, '2020-04-30 05:58:22'),
(1095, 12, 1, 8, 10, 1, '2020-04-30 05:58:22'),
(1096, 12, 1, 8, 11, 1, '2020-04-30 05:58:22'),
(1097, 12, 1, 8, 14, 0, '2020-04-30 05:58:22'),
(1098, 12, 1, 8, 15, 0, '2020-04-30 05:58:22'),
(1099, 12, 1, 11, 6, 1, '2020-04-30 05:58:22'),
(1100, 12, 1, 11, 7, 1, '2020-04-30 05:58:22'),
(1101, 12, 1, 11, 10, 0, '2020-04-30 05:58:22'),
(1102, 12, 1, 11, 11, 0, '2020-04-30 05:58:22'),
(1103, 12, 1, 11, 14, 1, '2020-04-30 05:58:22'),
(1104, 12, 1, 11, 15, 1, '2020-04-30 05:58:22'),
(1105, 12, 1, 12, 6, 1, '2020-04-30 05:58:22'),
(1106, 12, 1, 12, 7, 1, '2020-04-30 05:58:22'),
(1107, 12, 1, 12, 10, 0, '2020-04-30 05:58:22'),
(1108, 12, 1, 12, 11, 0, '2020-04-30 05:58:22'),
(1109, 12, 1, 12, 14, 1, '2020-04-30 05:58:22'),
(1110, 12, 1, 12, 15, 1, '2020-04-30 05:58:22'),
(1111, 12, 1, 15, 6, 0, '2020-04-30 05:58:22'),
(1112, 12, 1, 15, 7, 0, '2020-04-30 05:58:22'),
(1113, 12, 1, 15, 10, 1, '2020-04-30 05:58:22'),
(1114, 12, 1, 15, 11, 1, '2020-04-30 05:58:22'),
(1115, 12, 1, 15, 14, 0, '2020-04-30 05:58:22'),
(1116, 12, 1, 15, 15, 0, '2020-04-30 05:58:22'),
(1117, 12, 1, 16, 6, 0, '2020-04-30 05:58:22'),
(1118, 12, 1, 16, 7, 0, '2020-04-30 05:58:22'),
(1119, 12, 1, 16, 10, 1, '2020-04-30 05:58:22'),
(1120, 12, 1, 16, 11, 1, '2020-04-30 05:58:22'),
(1121, 12, 1, 16, 14, 0, '2020-04-30 05:58:22'),
(1122, 12, 1, 16, 15, 0, '2020-04-30 05:58:22'),
(1123, 13, 1, 3, 3, 0, '2020-04-30 05:59:38'),
(1124, 13, 1, 3, 4, 0, '2020-04-30 05:59:38'),
(1125, 13, 1, 3, 8, 2, '2020-04-30 05:59:38'),
(1126, 13, 1, 3, 9, 2, '2020-04-30 05:59:38'),
(1127, 13, 1, 3, 12, 2, '2020-04-30 05:59:38'),
(1128, 13, 1, 3, 13, 2, '2020-04-30 05:59:38'),
(1129, 13, 1, 3, 17, 0, '2020-04-30 05:59:38'),
(1130, 13, 1, 3, 18, 0, '2020-04-30 05:59:38'),
(1131, 13, 1, 4, 3, 0, '2020-04-30 05:59:38'),
(1132, 13, 1, 4, 4, 0, '2020-04-30 05:59:38'),
(1133, 13, 1, 4, 8, 0, '2020-04-30 05:59:38'),
(1134, 13, 1, 4, 9, 0, '2020-04-30 05:59:38'),
(1135, 13, 1, 4, 12, 0, '2020-04-30 05:59:38'),
(1136, 13, 1, 4, 13, 0, '2020-04-30 05:59:38'),
(1137, 13, 1, 4, 17, 0, '2020-04-30 05:59:38'),
(1138, 13, 1, 4, 18, 0, '2020-04-30 05:59:38'),
(1139, 13, 1, 5, 3, 0, '2020-04-30 05:59:38'),
(1140, 13, 1, 5, 4, 0, '2020-04-30 05:59:38'),
(1141, 13, 1, 5, 8, 0, '2020-04-30 05:59:38'),
(1142, 13, 1, 5, 9, 0, '2020-04-30 05:59:38'),
(1143, 13, 1, 5, 12, 0, '2020-04-30 05:59:38'),
(1144, 13, 1, 5, 13, 0, '2020-04-30 05:59:38'),
(1145, 13, 1, 5, 17, 0, '2020-04-30 05:59:38'),
(1146, 13, 1, 5, 18, 0, '2020-04-30 05:59:38'),
(1147, 13, 1, 8, 3, 0, '2020-04-30 05:59:38'),
(1148, 13, 1, 8, 4, 0, '2020-04-30 05:59:38'),
(1149, 13, 1, 8, 8, 1, '2020-04-30 05:59:38'),
(1150, 13, 1, 8, 9, 1, '2020-04-30 05:59:38'),
(1151, 13, 1, 8, 12, 1, '2020-04-30 05:59:38'),
(1152, 13, 1, 8, 13, 1, '2020-04-30 05:59:38'),
(1153, 13, 1, 8, 17, 0, '2020-04-30 05:59:38'),
(1154, 13, 1, 8, 18, 0, '2020-04-30 05:59:38'),
(1155, 13, 1, 9, 3, 1, '2020-04-30 05:59:38'),
(1156, 13, 1, 9, 4, 1, '2020-04-30 05:59:38'),
(1157, 13, 1, 9, 8, 1, '2020-04-30 05:59:38'),
(1158, 13, 1, 9, 9, 1, '2020-04-30 05:59:38'),
(1159, 13, 1, 9, 12, 1, '2020-04-30 05:59:38'),
(1160, 13, 1, 9, 13, 1, '2020-04-30 05:59:38'),
(1161, 13, 1, 9, 17, 1, '2020-04-30 05:59:38'),
(1162, 13, 1, 9, 18, 1, '2020-04-30 05:59:38'),
(1163, 14, 1, 2, 4, 1, '2020-04-30 06:01:13'),
(1164, 14, 1, 2, 9, 0, '2020-04-30 06:01:13'),
(1165, 14, 1, 2, 10, 0, '2020-04-30 06:01:13'),
(1166, 14, 1, 2, 11, 0, '2020-04-30 06:01:13'),
(1167, 14, 1, 2, 12, 0, '2020-04-30 06:01:13');
INSERT INTO `seat` (`seat_id`, `restaurant_id`, `floor_id`, `row_no`, `col_no`, `status_id`, `date_modified`) VALUES
(1168, 14, 1, 2, 17, 1, '2020-04-30 06:01:13'),
(1169, 14, 1, 3, 3, 2, '2020-04-30 06:01:13'),
(1170, 14, 1, 3, 5, 2, '2020-04-30 06:01:13'),
(1171, 14, 1, 3, 9, 0, '2020-04-30 06:01:13'),
(1172, 14, 1, 3, 10, 0, '2020-04-30 06:01:13'),
(1173, 14, 1, 3, 11, 0, '2020-04-30 06:01:13'),
(1174, 14, 1, 3, 12, 0, '2020-04-30 06:01:13'),
(1175, 14, 1, 3, 16, 2, '2020-04-30 06:01:13'),
(1176, 14, 1, 3, 18, 2, '2020-04-30 06:01:13'),
(1177, 14, 1, 4, 4, 1, '2020-04-30 06:01:13'),
(1178, 14, 1, 4, 17, 1, '2020-04-30 06:01:13'),
(1179, 14, 1, 6, 3, 0, '2020-04-30 06:01:13'),
(1180, 14, 1, 6, 4, 0, '2020-04-30 06:01:13'),
(1181, 14, 1, 6, 5, 0, '2020-04-30 06:01:13'),
(1182, 14, 1, 6, 9, 0, '2020-04-30 06:01:13'),
(1183, 14, 1, 6, 10, 1, '2020-04-30 06:01:13'),
(1184, 14, 1, 6, 11, 1, '2020-04-30 06:01:13'),
(1185, 14, 1, 6, 12, 0, '2020-04-30 06:01:13'),
(1186, 14, 1, 6, 16, 0, '2020-04-30 06:01:13'),
(1187, 14, 1, 6, 17, 0, '2020-04-30 06:01:13'),
(1188, 14, 1, 6, 18, 0, '2020-04-30 06:01:13'),
(1189, 14, 1, 7, 3, 0, '2020-04-30 06:01:13'),
(1190, 14, 1, 7, 4, 0, '2020-04-30 06:01:13'),
(1191, 14, 1, 7, 5, 0, '2020-04-30 06:01:13'),
(1192, 14, 1, 7, 9, 2, '2020-04-30 06:01:13'),
(1193, 14, 1, 7, 10, 1, '2020-04-30 06:01:13'),
(1194, 14, 1, 7, 11, 1, '2020-04-30 06:01:13'),
(1195, 14, 1, 7, 12, 2, '2020-04-30 06:01:13'),
(1196, 14, 1, 7, 16, 0, '2020-04-30 06:01:13'),
(1197, 14, 1, 7, 17, 0, '2020-04-30 06:01:13'),
(1198, 14, 1, 7, 18, 0, '2020-04-30 06:01:13'),
(1199, 14, 1, 9, 4, 1, '2020-04-30 06:01:13'),
(1200, 14, 1, 9, 17, 1, '2020-04-30 06:01:13'),
(1201, 14, 1, 10, 3, 1, '2020-04-30 06:01:13'),
(1202, 14, 1, 10, 5, 1, '2020-04-30 06:01:13'),
(1203, 14, 1, 10, 9, 0, '2020-04-30 06:01:13'),
(1204, 14, 1, 10, 10, 0, '2020-04-30 06:01:13'),
(1205, 14, 1, 10, 11, 0, '2020-04-30 06:01:13'),
(1206, 14, 1, 10, 12, 0, '2020-04-30 06:01:13'),
(1207, 14, 1, 10, 16, 1, '2020-04-30 06:01:13'),
(1208, 14, 1, 10, 18, 1, '2020-04-30 06:01:13'),
(1209, 14, 1, 11, 4, 1, '2020-04-30 06:01:13'),
(1210, 14, 1, 11, 9, 0, '2020-04-30 06:01:13'),
(1211, 14, 1, 11, 10, 0, '2020-04-30 06:01:13'),
(1212, 14, 1, 11, 11, 0, '2020-04-30 06:01:13'),
(1213, 14, 1, 11, 12, 0, '2020-04-30 06:01:13'),
(1214, 14, 1, 11, 17, 1, '2020-04-30 06:01:13'),
(1215, 15, 1, 3, 4, 0, '2020-04-30 06:02:41'),
(1216, 15, 1, 3, 10, 1, '2020-04-30 06:02:41'),
(1217, 15, 1, 3, 11, 1, '2020-04-30 06:02:41'),
(1218, 15, 1, 3, 17, 0, '2020-04-30 06:02:41'),
(1219, 15, 1, 4, 3, 0, '2020-04-30 06:02:41'),
(1220, 15, 1, 4, 5, 0, '2020-04-30 06:02:41'),
(1221, 15, 1, 4, 10, 1, '2020-04-30 06:02:41'),
(1222, 15, 1, 4, 11, 1, '2020-04-30 06:02:41'),
(1223, 15, 1, 4, 16, 0, '2020-04-30 06:02:41'),
(1224, 15, 1, 4, 18, 0, '2020-04-30 06:02:41'),
(1225, 15, 1, 5, 4, 0, '2020-04-30 06:02:41'),
(1226, 15, 1, 5, 17, 0, '2020-04-30 06:02:41'),
(1227, 15, 1, 8, 3, 0, '2020-04-30 06:02:41'),
(1228, 15, 1, 8, 4, 0, '2020-04-30 06:02:41'),
(1229, 15, 1, 8, 10, 1, '2020-04-30 06:02:41'),
(1230, 15, 1, 8, 11, 0, '2020-04-30 06:02:41'),
(1231, 15, 1, 8, 17, 0, '2020-04-30 06:02:41'),
(1232, 15, 1, 8, 18, 0, '2020-04-30 06:02:41'),
(1233, 15, 1, 9, 3, 0, '2020-04-30 06:02:41'),
(1234, 15, 1, 9, 4, 0, '2020-04-30 06:02:41'),
(1235, 15, 1, 9, 10, 0, '2020-04-30 06:02:41'),
(1236, 15, 1, 9, 11, 1, '2020-04-30 06:02:41'),
(1237, 15, 1, 9, 17, 0, '2020-04-30 06:02:41'),
(1238, 15, 1, 9, 18, 0, '2020-04-30 06:02:41'),
(1239, 15, 1, 12, 3, 2, '2020-04-30 06:02:41'),
(1240, 15, 1, 12, 4, 1, '2020-04-30 06:02:41'),
(1241, 15, 1, 12, 10, 0, '2020-04-30 06:02:41'),
(1242, 15, 1, 12, 11, 1, '2020-04-30 06:02:41'),
(1243, 15, 1, 12, 17, 2, '2020-04-30 06:02:41'),
(1244, 15, 1, 12, 18, 1, '2020-04-30 06:02:41'),
(1245, 15, 1, 13, 3, 1, '2020-04-30 06:02:41'),
(1246, 15, 1, 13, 4, 2, '2020-04-30 06:02:41'),
(1247, 15, 1, 13, 10, 1, '2020-04-30 06:02:41'),
(1248, 15, 1, 13, 11, 0, '2020-04-30 06:02:41'),
(1249, 15, 1, 13, 17, 1, '2020-04-30 06:02:41'),
(1250, 15, 1, 13, 18, 2, '2020-04-30 06:02:41'),
(1251, 16, 1, 3, 4, 2, '2020-04-30 06:04:30'),
(1252, 16, 1, 3, 5, 2, '2020-04-30 06:04:30'),
(1253, 16, 1, 3, 8, 1, '2020-04-30 06:04:30'),
(1254, 16, 1, 3, 9, 1, '2020-04-30 06:04:30'),
(1255, 16, 1, 3, 12, 1, '2020-04-30 06:04:30'),
(1256, 16, 1, 3, 13, 1, '2020-04-30 06:04:30'),
(1257, 16, 1, 3, 16, 2, '2020-04-30 06:04:30'),
(1258, 16, 1, 3, 17, 2, '2020-04-30 06:04:30'),
(1259, 16, 1, 4, 4, 1, '2020-04-30 06:04:30'),
(1260, 16, 1, 4, 5, 1, '2020-04-30 06:04:30'),
(1261, 16, 1, 4, 8, 0, '2020-04-30 06:04:30'),
(1262, 16, 1, 4, 9, 0, '2020-04-30 06:04:30'),
(1263, 16, 1, 4, 12, 0, '2020-04-30 06:04:30'),
(1264, 16, 1, 4, 13, 0, '2020-04-30 06:04:30'),
(1265, 16, 1, 4, 16, 1, '2020-04-30 06:04:30'),
(1266, 16, 1, 4, 17, 1, '2020-04-30 06:04:30'),
(1267, 16, 1, 7, 4, 0, '2020-04-30 06:04:30'),
(1268, 16, 1, 7, 5, 0, '2020-04-30 06:04:30'),
(1269, 16, 1, 7, 8, 0, '2020-04-30 06:04:30'),
(1270, 16, 1, 7, 9, 0, '2020-04-30 06:04:30'),
(1271, 16, 1, 7, 12, 0, '2020-04-30 06:04:30'),
(1272, 16, 1, 7, 13, 0, '2020-04-30 06:04:30'),
(1273, 16, 1, 7, 16, 0, '2020-04-30 06:04:30'),
(1274, 16, 1, 7, 17, 0, '2020-04-30 06:04:30'),
(1275, 16, 1, 8, 4, 0, '2020-04-30 06:04:30'),
(1276, 16, 1, 8, 5, 0, '2020-04-30 06:04:30'),
(1277, 16, 1, 8, 8, 0, '2020-04-30 06:04:30'),
(1278, 16, 1, 8, 9, 0, '2020-04-30 06:04:30'),
(1279, 16, 1, 8, 12, 0, '2020-04-30 06:04:30'),
(1280, 16, 1, 8, 13, 0, '2020-04-30 06:04:30'),
(1281, 16, 1, 8, 16, 0, '2020-04-30 06:04:30'),
(1282, 16, 1, 8, 17, 0, '2020-04-30 06:04:30'),
(1283, 16, 1, 11, 5, 1, '2020-04-30 06:04:30'),
(1284, 16, 1, 11, 10, 1, '2020-04-30 06:04:30'),
(1285, 16, 1, 11, 11, 1, '2020-04-30 06:04:30'),
(1286, 16, 1, 11, 16, 1, '2020-04-30 06:04:30'),
(1287, 16, 1, 12, 4, 1, '2020-04-30 06:04:30'),
(1288, 16, 1, 12, 6, 0, '2020-04-30 06:04:30'),
(1289, 16, 1, 12, 10, 1, '2020-04-30 06:04:30'),
(1290, 16, 1, 12, 11, 1, '2020-04-30 06:04:30'),
(1291, 16, 1, 12, 15, 0, '2020-04-30 06:04:30'),
(1292, 16, 1, 12, 17, 1, '2020-04-30 06:04:30'),
(1293, 16, 1, 13, 5, 0, '2020-04-30 06:04:30'),
(1294, 16, 1, 13, 10, 1, '2020-04-30 06:04:30'),
(1295, 16, 1, 13, 11, 1, '2020-04-30 06:04:30'),
(1296, 16, 1, 13, 16, 0, '2020-04-30 06:04:30'),
(1297, 17, 1, 3, 3, 2, '2020-04-30 06:07:41'),
(1298, 17, 1, 3, 4, 2, '2020-04-30 06:07:41'),
(1299, 17, 1, 3, 7, 0, '2020-04-30 06:07:41'),
(1300, 17, 1, 3, 8, 0, '2020-04-30 06:07:41'),
(1301, 17, 1, 3, 13, 0, '2020-04-30 06:07:41'),
(1302, 17, 1, 3, 14, 0, '2020-04-30 06:07:41'),
(1303, 17, 1, 3, 17, 0, '2020-04-30 06:07:41'),
(1304, 17, 1, 3, 18, 2, '2020-04-30 06:07:41'),
(1305, 17, 1, 4, 3, 2, '2020-04-30 06:07:41'),
(1306, 17, 1, 4, 4, 2, '2020-04-30 06:07:41'),
(1307, 17, 1, 4, 7, 0, '2020-04-30 06:07:41'),
(1308, 17, 1, 4, 8, 0, '2020-04-30 06:07:41'),
(1309, 17, 1, 4, 13, 0, '2020-04-30 06:07:41'),
(1310, 17, 1, 4, 14, 0, '2020-04-30 06:07:41'),
(1311, 17, 1, 4, 17, 0, '2020-04-30 06:07:41'),
(1312, 17, 1, 4, 18, 0, '2020-04-30 06:07:41'),
(1313, 17, 1, 7, 3, 0, '2020-04-30 06:07:41'),
(1314, 17, 1, 7, 4, 0, '2020-04-30 06:07:41'),
(1315, 17, 1, 7, 7, 0, '2020-04-30 06:07:41'),
(1316, 17, 1, 7, 8, 0, '2020-04-30 06:07:41'),
(1317, 17, 1, 7, 13, 0, '2020-04-30 06:07:41'),
(1318, 17, 1, 7, 14, 0, '2020-04-30 06:07:41'),
(1319, 17, 1, 7, 17, 0, '2020-04-30 06:07:41'),
(1320, 17, 1, 7, 18, 0, '2020-04-30 06:07:41'),
(1321, 17, 1, 8, 3, 0, '2020-04-30 06:07:41'),
(1322, 17, 1, 8, 4, 0, '2020-04-30 06:07:41'),
(1323, 17, 1, 8, 7, 0, '2020-04-30 06:07:41'),
(1324, 17, 1, 8, 8, 0, '2020-04-30 06:07:41'),
(1325, 17, 1, 8, 13, 0, '2020-04-30 06:07:41'),
(1326, 17, 1, 8, 14, 0, '2020-04-30 06:07:41'),
(1327, 17, 1, 8, 17, 0, '2020-04-30 06:07:41'),
(1328, 17, 1, 8, 18, 0, '2020-04-30 06:07:41'),
(1329, 17, 1, 11, 4, 1, '2020-04-30 06:07:41'),
(1330, 17, 1, 11, 17, 1, '2020-04-30 06:07:41'),
(1331, 17, 1, 12, 3, 0, '2020-04-30 06:07:41'),
(1332, 17, 1, 12, 5, 0, '2020-04-30 06:07:41'),
(1333, 17, 1, 12, 16, 0, '2020-04-30 06:07:41'),
(1334, 17, 1, 12, 18, 0, '2020-04-30 06:07:41'),
(1335, 17, 1, 13, 4, 1, '2020-04-30 06:07:41'),
(1336, 17, 1, 13, 17, 1, '2020-04-30 06:07:41'),
(1337, 17, 1, 16, 4, 0, '2020-04-30 06:07:41'),
(1338, 17, 1, 16, 17, 0, '2020-04-30 06:07:41'),
(1339, 17, 1, 17, 3, 1, '2020-04-30 06:07:41'),
(1340, 17, 1, 17, 5, 1, '2020-04-30 06:07:41'),
(1341, 17, 1, 17, 16, 1, '2020-04-30 06:07:41'),
(1342, 17, 1, 17, 18, 1, '2020-04-30 06:07:41'),
(1343, 17, 1, 18, 4, 0, '2020-04-30 06:07:41'),
(1344, 17, 1, 18, 17, 0, '2020-04-30 06:07:41'),
(1345, 18, 1, 3, 3, 1, '2020-04-30 06:09:06'),
(1346, 18, 1, 3, 4, 1, '2020-04-30 06:09:06'),
(1347, 18, 1, 3, 7, 0, '2020-04-30 06:09:06'),
(1348, 18, 1, 3, 8, 2, '2020-04-30 06:09:06'),
(1349, 18, 1, 3, 13, 0, '2020-04-30 06:09:06'),
(1350, 18, 1, 3, 14, 2, '2020-04-30 06:09:06'),
(1351, 18, 1, 3, 17, 1, '2020-04-30 06:09:06'),
(1352, 18, 1, 3, 18, 1, '2020-04-30 06:09:06'),
(1353, 18, 1, 4, 3, 1, '2020-04-30 06:09:06'),
(1354, 18, 1, 4, 4, 1, '2020-04-30 06:09:06'),
(1355, 18, 1, 4, 7, 2, '2020-04-30 06:09:06'),
(1356, 18, 1, 4, 8, 0, '2020-04-30 06:09:06'),
(1357, 18, 1, 4, 13, 2, '2020-04-30 06:09:06'),
(1358, 18, 1, 4, 14, 0, '2020-04-30 06:09:06'),
(1359, 18, 1, 4, 17, 1, '2020-04-30 06:09:06'),
(1360, 18, 1, 4, 18, 1, '2020-04-30 06:09:06'),
(1361, 18, 1, 7, 3, 0, '2020-04-30 06:09:06'),
(1362, 18, 1, 7, 4, 2, '2020-04-30 06:09:06'),
(1363, 18, 1, 7, 7, 0, '2020-04-30 06:09:06'),
(1364, 18, 1, 7, 8, 2, '2020-04-30 06:09:06'),
(1365, 18, 1, 7, 13, 0, '2020-04-30 06:09:06'),
(1366, 18, 1, 7, 14, 2, '2020-04-30 06:09:06'),
(1367, 18, 1, 7, 17, 0, '2020-04-30 06:09:06'),
(1368, 18, 1, 7, 18, 2, '2020-04-30 06:09:06'),
(1369, 18, 1, 8, 3, 2, '2020-04-30 06:09:06'),
(1370, 18, 1, 8, 4, 0, '2020-04-30 06:09:06'),
(1371, 18, 1, 8, 7, 2, '2020-04-30 06:09:06'),
(1372, 18, 1, 8, 8, 0, '2020-04-30 06:09:06'),
(1373, 18, 1, 8, 13, 0, '2020-04-30 06:09:06'),
(1374, 18, 1, 8, 14, 0, '2020-04-30 06:09:06'),
(1375, 18, 1, 8, 17, 2, '2020-04-30 06:09:06'),
(1376, 18, 1, 8, 18, 0, '2020-04-30 06:09:06'),
(1377, 18, 1, 11, 3, 0, '2020-04-30 06:09:06'),
(1378, 18, 1, 11, 4, 2, '2020-04-30 06:09:06'),
(1379, 18, 1, 11, 7, 0, '2020-04-30 06:09:06'),
(1380, 18, 1, 11, 8, 2, '2020-04-30 06:09:06'),
(1381, 18, 1, 11, 13, 0, '2020-04-30 06:09:06'),
(1382, 18, 1, 11, 14, 2, '2020-04-30 06:09:06'),
(1383, 18, 1, 11, 17, 0, '2020-04-30 06:09:06'),
(1384, 18, 1, 11, 18, 2, '2020-04-30 06:09:06'),
(1385, 18, 1, 12, 3, 2, '2020-04-30 06:09:06'),
(1386, 18, 1, 12, 4, 0, '2020-04-30 06:09:06'),
(1387, 18, 1, 12, 7, 2, '2020-04-30 06:09:06'),
(1388, 18, 1, 12, 8, 0, '2020-04-30 06:09:06'),
(1389, 18, 1, 12, 13, 2, '2020-04-30 06:09:06'),
(1390, 18, 1, 12, 14, 0, '2020-04-30 06:09:06'),
(1391, 18, 1, 12, 17, 2, '2020-04-30 06:09:06'),
(1392, 18, 1, 12, 18, 0, '2020-04-30 06:09:06'),
(1393, 18, 1, 15, 3, 1, '2020-04-30 06:09:06'),
(1394, 18, 1, 15, 4, 1, '2020-04-30 06:09:06'),
(1395, 18, 1, 15, 17, 1, '2020-04-30 06:09:06'),
(1396, 18, 1, 15, 18, 1, '2020-04-30 06:09:06'),
(1397, 18, 1, 16, 3, 1, '2020-04-30 06:09:06'),
(1398, 18, 1, 16, 4, 1, '2020-04-30 06:09:06'),
(1399, 18, 1, 16, 17, 1, '2020-04-30 06:09:06'),
(1400, 18, 1, 16, 18, 1, '2020-04-30 06:09:06'),
(1401, 18, 2, 4, 3, 0, '2020-04-30 06:09:29'),
(1402, 18, 2, 4, 4, 0, '2020-04-30 06:09:29'),
(1403, 18, 2, 4, 7, 0, '2020-04-30 06:09:29'),
(1404, 18, 2, 4, 8, 0, '2020-04-30 06:09:29'),
(1405, 18, 2, 4, 13, 0, '2020-04-30 06:09:29'),
(1406, 18, 2, 4, 14, 0, '2020-04-30 06:09:29'),
(1407, 18, 2, 4, 17, 0, '2020-04-30 06:09:29'),
(1408, 18, 2, 4, 18, 0, '2020-04-30 06:09:29'),
(1409, 18, 2, 5, 3, 0, '2020-04-30 06:09:29'),
(1410, 18, 2, 5, 4, 0, '2020-04-30 06:09:29'),
(1411, 18, 2, 5, 7, 0, '2020-04-30 06:09:29'),
(1412, 18, 2, 5, 8, 0, '2020-04-30 06:09:29'),
(1413, 18, 2, 5, 13, 0, '2020-04-30 06:09:29'),
(1414, 18, 2, 5, 14, 0, '2020-04-30 06:09:29'),
(1415, 18, 2, 5, 17, 0, '2020-04-30 06:09:29'),
(1416, 18, 2, 5, 18, 0, '2020-04-30 06:09:29'),
(1417, 18, 2, 6, 3, 0, '2020-04-30 06:09:29'),
(1418, 18, 2, 6, 4, 0, '2020-04-30 06:09:29'),
(1419, 18, 2, 6, 7, 0, '2020-04-30 06:09:29'),
(1420, 18, 2, 6, 8, 0, '2020-04-30 06:09:29'),
(1421, 18, 2, 6, 13, 0, '2020-04-30 06:09:29'),
(1422, 18, 2, 6, 14, 0, '2020-04-30 06:09:29'),
(1423, 18, 2, 6, 17, 0, '2020-04-30 06:09:29'),
(1424, 18, 2, 6, 18, 0, '2020-04-30 06:09:29');

-- --------------------------------------------------------

--
-- Table structure for table `seat_log`
--

CREATE TABLE `seat_log` (
  `seat_log_id` int(50) NOT NULL,
  `restaurant_id` int(10) NOT NULL,
  `floor_id` int(10) NOT NULL,
  `row_no` int(5) NOT NULL,
  `col_no` int(5) NOT NULL,
  `status_id` int(2) NOT NULL,
  `date_created` datetime NOT NULL DEFAULT CURRENT_TIMESTAMP
) ENGINE=InnoDB DEFAULT CHARSET=utf8 COLLATE=utf8_unicode_ci;

--
-- Dumping data for table `seat_log`
--

INSERT INTO `seat_log` (`seat_log_id`, `restaurant_id`, `floor_id`, `row_no`, `col_no`, `status_id`, `date_created`) VALUES
(1, 2, 1, 2, 2, 1, '2020-04-30 05:22:12'),
(2, 2, 1, 2, 2, 2, '2020-04-30 05:22:14'),
(3, 2, 1, 2, 2, 0, '2020-04-30 05:22:16'),
(4, 2, 1, 2, 2, 1, '2020-04-30 05:22:19'),
(5, 2, 1, 2, 3, 1, '2020-04-30 05:22:19'),
(6, 2, 1, 3, 3, 1, '2020-04-30 05:22:22'),
(7, 2, 1, 2, 19, 1, '2020-04-30 05:22:25'),
(8, 2, 1, 23, 3, 1, '2020-04-30 05:22:27'),
(9, 2, 1, 24, 18, 1, '2020-04-30 05:22:29'),
(10, 2, 1, 24, 19, 1, '2020-04-30 05:22:30'),
(11, 2, 1, 23, 19, 1, '2020-04-30 05:22:31'),
(12, 2, 1, 2, 10, 1, '2020-04-30 05:22:34'),
(13, 2, 1, 3, 10, 1, '2020-04-30 05:22:35'),
(14, 2, 1, 2, 11, 1, '2020-04-30 05:22:36'),
(15, 2, 1, 13, 3, 1, '2020-04-30 05:22:42'),
(16, 2, 1, 14, 2, 1, '2020-04-30 05:22:43'),
(17, 2, 1, 14, 19, 1, '2020-04-30 05:22:46'),
(18, 2, 1, 8, 10, 1, '2020-04-30 05:22:48'),
(19, 2, 1, 17, 7, 1, '2020-04-30 05:22:53'),
(20, 2, 1, 17, 14, 1, '2020-04-30 05:22:54'),
(21, 2, 1, 24, 7, 1, '2020-04-30 05:22:59'),
(22, 2, 1, 23, 7, 1, '2020-04-30 05:23:00'),
(23, 2, 1, 22, 7, 2, '2020-04-30 05:23:02'),
(24, 2, 1, 22, 14, 1, '2020-04-30 05:23:02'),
(25, 2, 1, 22, 14, 2, '2020-04-30 05:23:03'),
(26, 2, 1, 23, 14, 2, '2020-04-30 05:23:04'),
(27, 2, 1, 22, 15, 2, '2020-04-30 05:23:06'),
(28, 2, 1, 22, 6, 2, '2020-04-30 05:23:07'),
(29, 2, 1, 23, 6, 0, '2020-04-30 05:23:09'),
(30, 2, 1, 23, 6, 1, '2020-04-30 05:23:09'),
(31, 2, 1, 24, 6, 2, '2020-04-30 05:23:11'),
(32, 2, 1, 19, 7, 1, '2020-04-30 05:23:16'),
(33, 2, 1, 18, 14, 1, '2020-04-30 05:23:17'),
(34, 2, 1, 18, 14, 2, '2020-04-30 05:23:18'),
(35, 2, 1, 18, 7, 2, '2020-04-30 05:23:19'),
(36, 2, 1, 17, 6, 2, '2020-04-30 05:23:22'),
(37, 2, 1, 19, 6, 2, '2020-04-30 05:23:24'),
(38, 2, 1, 17, 15, 2, '2020-04-30 05:23:26'),
(39, 2, 1, 19, 15, 2, '2020-04-30 05:23:26'),
(40, 2, 1, 4, 6, 2, '2020-04-30 05:23:51'),
(41, 2, 1, 4, 6, 0, '2020-04-30 05:23:52'),
(42, 2, 1, 4, 6, 1, '2020-04-30 05:23:52'),
(43, 2, 1, 4, 7, 1, '2020-04-30 05:23:53'),
(44, 2, 1, 4, 14, 1, '2020-04-30 05:23:55'),
(45, 2, 1, 4, 15, 1, '2020-04-30 05:23:56'),
(46, 2, 1, 3, 6, 1, '2020-04-30 05:24:04'),
(47, 2, 1, 3, 7, 1, '2020-04-30 05:24:05'),
(48, 2, 1, 3, 15, 1, '2020-04-30 05:24:06'),
(49, 2, 1, 2, 7, 1, '2020-04-30 05:24:10'),
(50, 2, 1, 2, 15, 1, '2020-04-30 05:24:11'),
(51, 2, 1, 2, 15, 2, '2020-04-30 05:24:13'),
(52, 2, 1, 2, 15, 0, '2020-04-30 05:24:13'),
(53, 2, 1, 2, 6, 0, '2020-04-30 05:24:15'),
(54, 2, 1, 2, 14, 0, '2020-04-30 05:24:17'),
(55, 2, 1, 2, 7, 0, '2020-04-30 05:24:18'),
(56, 2, 2, 2, 10, 1, '2020-04-30 05:24:27'),
(57, 2, 2, 3, 11, 1, '2020-04-30 05:24:28'),
(58, 2, 2, 3, 9, 1, '2020-04-30 05:24:29'),
(59, 2, 2, 11, 4, 1, '2020-04-30 05:24:33'),
(60, 2, 2, 12, 4, 1, '2020-04-30 05:24:33'),
(61, 2, 2, 12, 17, 1, '2020-04-30 05:24:35'),
(62, 2, 2, 24, 3, 1, '2020-04-30 05:24:39'),
(63, 2, 2, 24, 4, 1, '2020-04-30 05:24:40'),
(64, 2, 2, 23, 17, 1, '2020-04-30 05:24:41'),
(65, 2, 2, 24, 17, 1, '2020-04-30 05:24:42'),
(66, 2, 2, 23, 18, 1, '2020-04-30 05:24:43'),
(67, 2, 2, 23, 9, 2, '2020-04-30 05:24:44'),
(68, 2, 2, 24, 10, 2, '2020-04-30 05:24:45'),
(69, 2, 2, 23, 11, 2, '2020-04-30 05:24:46'),
(70, 2, 2, 24, 12, 2, '2020-04-30 05:24:47'),
(71, 2, 3, 8, 10, 1, '2020-04-30 05:24:52'),
(72, 2, 3, 7, 11, 1, '2020-04-30 05:24:52'),
(73, 2, 3, 6, 11, 1, '2020-04-30 05:24:54'),
(74, 2, 3, 5, 18, 1, '2020-04-30 05:24:57'),
(75, 2, 3, 6, 3, 1, '2020-04-30 05:24:58'),
(76, 2, 3, 5, 4, 1, '2020-04-30 05:24:59'),
(77, 2, 3, 23, 3, 2, '2020-04-30 05:25:02'),
(78, 2, 3, 22, 4, 1, '2020-04-30 05:25:02'),
(79, 2, 3, 23, 4, 2, '2020-04-30 05:25:05'),
(80, 2, 3, 23, 17, 2, '2020-04-30 05:25:07'),
(81, 2, 3, 23, 18, 2, '2020-04-30 05:25:08'),
(82, 2, 3, 22, 17, 1, '2020-04-30 05:25:09'),
(83, 2, 3, 22, 18, 1, '2020-04-30 05:25:09'),
(84, 2, 3, 20, 10, 1, '2020-04-30 05:25:11'),
(85, 2, 3, 19, 11, 1, '2020-04-30 05:25:12'),
(86, 2, 3, 18, 18, 1, '2020-04-30 05:25:14'),
(87, 2, 3, 18, 3, 1, '2020-04-30 05:25:15'),
(88, 2, 4, 8, 3, 1, '2020-04-30 05:25:19'),
(89, 2, 4, 10, 3, 1, '2020-04-30 05:25:19'),
(90, 2, 4, 10, 18, 1, '2020-04-30 05:25:21'),
(91, 2, 4, 14, 4, 1, '2020-04-30 05:25:22'),
(92, 2, 4, 14, 17, 1, '2020-04-30 05:25:25'),
(93, 2, 4, 19, 9, 1, '2020-04-30 05:25:27'),
(94, 2, 4, 19, 12, 1, '2020-04-30 05:25:27'),
(95, 2, 4, 18, 13, 1, '2020-04-30 05:25:28'),
(96, 2, 4, 4, 9, 1, '2020-04-30 05:25:30'),
(97, 2, 4, 4, 12, 1, '2020-04-30 05:25:31'),
(98, 2, 4, 24, 3, 2, '2020-04-30 05:25:33'),
(99, 2, 4, 24, 19, 2, '2020-04-30 05:25:36'),
(100, 2, 4, 3, 3, 1, '2020-04-30 05:25:38'),
(101, 2, 4, 4, 2, 1, '2020-04-30 05:25:39'),
(102, 2, 4, 3, 18, 1, '2020-04-30 05:25:40'),
(103, 2, 4, 4, 19, 1, '2020-04-30 05:25:41'),
(104, 2, 1, 24, 7, 2, '2020-04-30 05:27:05'),
(105, 2, 1, 23, 14, 0, '2020-04-30 05:27:05'),
(106, 2, 1, 24, 14, 2, '2020-04-30 05:27:05'),
(107, 2, 1, 24, 15, 2, '2020-04-30 05:27:05'),
(108, 2, 1, 23, 15, 1, '2020-04-30 05:27:05'),
(109, 1, 1, 2, 3, 1, '2020-04-30 05:37:44'),
(110, 1, 1, 2, 18, 1, '2020-04-30 05:37:45'),
(111, 1, 1, 2, 19, 1, '2020-04-30 05:37:46'),
(112, 1, 1, 3, 7, 1, '2020-04-30 05:37:51'),
(113, 1, 1, 2, 8, 1, '2020-04-30 05:37:52'),
(114, 1, 1, 2, 14, 2, '2020-04-30 05:37:54'),
(115, 1, 1, 2, 8, 2, '2020-04-30 05:37:55'),
(116, 1, 1, 6, 7, 2, '2020-04-30 05:37:57'),
(117, 1, 1, 7, 8, 2, '2020-04-30 05:37:57'),
(118, 1, 1, 7, 14, 2, '2020-04-30 05:37:59'),
(119, 1, 1, 10, 8, 2, '2020-04-30 05:38:00'),
(120, 1, 1, 11, 7, 2, '2020-04-30 05:38:01'),
(121, 1, 1, 6, 7, 0, '2020-04-30 05:38:09'),
(122, 1, 1, 6, 8, 2, '2020-04-30 05:38:11'),
(123, 1, 1, 6, 13, 1, '2020-04-30 05:38:12'),
(124, 1, 1, 7, 14, 1, '2020-04-30 05:38:13'),
(125, 1, 1, 6, 13, 2, '2020-04-30 05:38:14'),
(126, 1, 1, 7, 14, 2, '2020-04-30 05:38:15'),
(127, 1, 1, 7, 14, 0, '2020-04-30 05:38:15'),
(128, 1, 1, 6, 13, 1, '2020-04-30 05:38:16'),
(129, 1, 1, 6, 13, 2, '2020-04-30 05:38:17'),
(130, 1, 1, 6, 13, 0, '2020-04-30 05:38:18'),
(131, 1, 1, 6, 14, 1, '2020-04-30 05:38:19'),
(132, 1, 1, 6, 14, 0, '2020-04-30 05:38:21'),
(133, 1, 1, 6, 14, 2, '2020-04-30 05:38:21'),
(134, 1, 1, 10, 14, 2, '2020-04-30 05:38:23'),
(135, 1, 1, 11, 13, 2, '2020-04-30 05:38:24'),
(136, 1, 1, 15, 8, 2, '2020-04-30 05:38:29'),
(137, 1, 1, 16, 7, 2, '2020-04-30 05:38:30'),
(138, 1, 1, 15, 14, 2, '2020-04-30 05:38:31'),
(139, 1, 1, 16, 13, 2, '2020-04-30 05:38:32'),
(140, 1, 1, 19, 8, 2, '2020-04-30 05:38:33'),
(141, 1, 1, 20, 7, 2, '2020-04-30 05:38:34'),
(142, 1, 1, 19, 14, 2, '2020-04-30 05:38:35'),
(143, 1, 1, 20, 13, 2, '2020-04-30 05:38:36'),
(144, 1, 1, 20, 2, 1, '2020-04-30 05:38:40'),
(145, 1, 1, 19, 2, 1, '2020-04-30 05:38:41'),
(146, 1, 1, 19, 19, 1, '2020-04-30 05:38:43'),
(147, 1, 1, 19, 18, 1, '2020-04-30 05:38:43'),
(148, 1, 1, 19, 7, 1, '2020-04-30 05:38:45'),
(149, 1, 1, 20, 8, 1, '2020-04-30 05:38:45'),
(150, 1, 1, 19, 13, 1, '2020-04-30 05:38:46'),
(151, 1, 1, 20, 14, 1, '2020-04-30 05:38:49'),
(152, 1, 2, 8, 3, 1, '2020-04-30 05:38:52'),
(153, 1, 2, 10, 3, 1, '2020-04-30 05:38:53'),
(154, 1, 2, 10, 18, 1, '2020-04-30 05:38:54'),
(155, 1, 2, 4, 4, 1, '2020-04-30 05:38:55'),
(156, 1, 2, 4, 19, 1, '2020-04-30 05:38:57'),
(157, 1, 2, 18, 3, 1, '2020-04-30 05:38:59'),
(158, 1, 2, 18, 18, 1, '2020-04-30 05:39:01'),
(159, 1, 2, 22, 2, 1, '2020-04-30 05:39:02'),
(160, 1, 2, 22, 4, 1, '2020-04-30 05:39:02'),
(161, 1, 2, 22, 19, 1, '2020-04-30 05:39:04'),
(162, 3, 1, 19, 4, 1, '2020-04-30 05:41:59'),
(163, 3, 1, 21, 4, 1, '2020-04-30 05:42:00'),
(164, 3, 1, 19, 17, 1, '2020-04-30 05:42:01'),
(165, 3, 1, 21, 17, 1, '2020-04-30 05:42:02'),
(166, 3, 1, 16, 4, 2, '2020-04-30 05:42:05'),
(167, 3, 1, 14, 4, 2, '2020-04-30 05:42:07'),
(168, 3, 1, 14, 17, 2, '2020-04-30 05:42:09'),
(169, 3, 1, 16, 17, 2, '2020-04-30 05:42:10'),
(170, 3, 1, 15, 4, 1, '2020-04-30 05:42:11'),
(171, 3, 1, 15, 17, 1, '2020-04-30 05:42:12'),
(172, 3, 1, 11, 3, 2, '2020-04-30 05:42:20'),
(173, 3, 1, 10, 4, 2, '2020-04-30 05:42:21'),
(174, 3, 1, 9, 3, 2, '2020-04-30 05:42:22'),
(175, 3, 1, 11, 18, 2, '2020-04-30 05:42:23'),
(176, 3, 1, 9, 18, 2, '2020-04-30 05:42:25'),
(177, 3, 1, 3, 4, 2, '2020-04-30 05:42:31'),
(178, 3, 1, 4, 18, 2, '2020-04-30 05:42:32'),
(179, 3, 1, 3, 17, 2, '2020-04-30 05:42:33'),
(180, 3, 1, 4, 4, 1, '2020-04-30 05:42:35'),
(181, 3, 1, 3, 3, 1, '2020-04-30 05:42:36'),
(182, 3, 1, 3, 18, 1, '2020-04-30 05:42:37'),
(183, 3, 1, 5, 18, 1, '2020-04-30 05:42:38'),
(184, 3, 1, 4, 10, 1, '2020-04-30 05:42:40'),
(185, 3, 1, 4, 11, 1, '2020-04-30 05:42:41'),
(186, 3, 2, 4, 10, 1, '2020-04-30 05:42:49'),
(187, 3, 2, 4, 12, 1, '2020-04-30 05:42:50'),
(188, 3, 2, 9, 9, 1, '2020-04-30 05:42:51'),
(189, 3, 2, 8, 10, 1, '2020-04-30 05:42:52'),
(190, 3, 2, 8, 12, 1, '2020-04-30 05:42:53'),
(191, 3, 2, 8, 9, 2, '2020-04-30 05:42:56'),
(192, 3, 2, 8, 11, 2, '2020-04-30 05:42:57'),
(193, 3, 2, 9, 10, 2, '2020-04-30 05:42:59'),
(194, 3, 2, 9, 12, 2, '2020-04-30 05:43:00'),
(195, 3, 2, 20, 12, 1, '2020-04-30 05:43:04'),
(196, 4, 1, 5, 3, 1, '2020-04-30 05:44:34'),
(197, 4, 1, 4, 4, 1, '2020-04-30 05:44:34'),
(198, 4, 1, 3, 3, 1, '2020-04-30 05:44:35'),
(199, 4, 1, 5, 4, 1, '2020-04-30 05:44:37'),
(200, 4, 1, 3, 18, 1, '2020-04-30 05:44:40'),
(201, 4, 1, 10, 4, 1, '2020-04-30 05:44:41'),
(202, 4, 1, 10, 17, 1, '2020-04-30 05:44:43'),
(203, 5, 1, 5, 8, 1, '2020-04-30 05:45:48'),
(204, 5, 1, 5, 13, 1, '2020-04-30 05:45:49'),
(205, 5, 1, 17, 12, 2, '2020-04-30 05:45:50'),
(206, 5, 1, 17, 9, 2, '2020-04-30 05:45:51'),
(207, 5, 1, 17, 8, 1, '2020-04-30 05:45:53'),
(208, 5, 1, 16, 9, 1, '2020-04-30 05:45:54'),
(209, 5, 1, 16, 12, 2, '2020-04-30 05:45:55'),
(210, 5, 1, 16, 12, 1, '2020-04-30 05:45:57'),
(211, 5, 1, 12, 9, 1, '2020-04-30 05:46:00'),
(212, 5, 1, 13, 13, 1, '2020-04-30 05:46:01'),
(213, 5, 1, 13, 9, 1, '2020-04-30 05:46:03'),
(214, 5, 1, 13, 12, 1, '2020-04-30 05:46:03'),
(215, 6, 1, 5, 5, 1, '2020-04-30 05:47:04'),
(216, 6, 1, 5, 6, 1, '2020-04-30 05:47:05'),
(217, 6, 1, 3, 11, 1, '2020-04-30 05:47:06'),
(218, 6, 1, 5, 16, 1, '2020-04-30 05:47:07'),
(219, 6, 1, 15, 6, 1, '2020-04-30 05:47:09'),
(220, 6, 1, 15, 15, 1, '2020-04-30 05:47:11'),
(221, 6, 1, 15, 16, 1, '2020-04-30 05:47:12'),
(222, 6, 1, 8, 10, 2, '2020-04-30 05:47:15'),
(223, 6, 1, 8, 11, 2, '2020-04-30 05:47:18'),
(224, 7, 1, 13, 3, 1, '2020-04-30 05:48:49'),
(225, 7, 1, 13, 18, 1, '2020-04-30 05:48:51'),
(226, 7, 1, 9, 4, 1, '2020-04-30 05:48:52'),
(227, 7, 1, 9, 17, 1, '2020-04-30 05:48:54'),
(228, 7, 1, 9, 19, 1, '2020-04-30 05:48:54'),
(229, 7, 1, 10, 8, 2, '2020-04-30 05:48:58'),
(230, 7, 1, 9, 9, 2, '2020-04-30 05:48:59'),
(231, 7, 1, 10, 13, 2, '2020-04-30 05:49:01'),
(232, 7, 1, 9, 7, 1, '2020-04-30 05:49:02'),
(233, 7, 1, 9, 14, 1, '2020-04-30 05:49:03'),
(234, 7, 1, 3, 3, 1, '2020-04-30 05:49:04'),
(235, 7, 1, 3, 8, 1, '2020-04-30 05:49:05'),
(236, 7, 1, 3, 13, 1, '2020-04-30 05:49:06'),
(237, 7, 1, 4, 17, 1, '2020-04-30 05:49:07'),
(238, 7, 1, 5, 18, 1, '2020-04-30 05:49:08'),
(239, 7, 1, 4, 2, 1, '2020-04-30 05:49:09'),
(240, 7, 1, 4, 4, 1, '2020-04-30 05:49:10'),
(241, 7, 1, 4, 7, 1, '2020-04-30 05:49:12'),
(242, 7, 1, 4, 7, 2, '2020-04-30 05:49:13'),
(243, 7, 1, 4, 7, 0, '2020-04-30 05:49:14'),
(244, 8, 1, 4, 8, 1, '2020-04-30 05:50:46'),
(245, 8, 1, 3, 9, 1, '2020-04-30 05:50:47'),
(246, 8, 1, 4, 13, 1, '2020-04-30 05:50:48'),
(247, 8, 1, 9, 9, 1, '2020-04-30 05:50:49'),
(248, 8, 1, 10, 8, 1, '2020-04-30 05:50:49'),
(249, 8, 1, 9, 12, 1, '2020-04-30 05:50:52'),
(250, 8, 1, 10, 13, 1, '2020-04-30 05:50:53'),
(251, 8, 1, 9, 3, 1, '2020-04-30 05:50:54'),
(252, 8, 1, 9, 5, 1, '2020-04-30 05:50:56'),
(253, 8, 1, 9, 16, 1, '2020-04-30 05:51:01'),
(254, 8, 1, 9, 18, 1, '2020-04-30 05:51:02'),
(255, 9, 1, 9, 5, 2, '2020-04-30 05:52:17'),
(256, 9, 1, 9, 16, 2, '2020-04-30 05:52:17'),
(257, 9, 1, 9, 17, 2, '2020-04-30 05:52:19'),
(258, 9, 1, 8, 4, 1, '2020-04-30 05:52:21'),
(259, 9, 1, 8, 17, 1, '2020-04-30 05:52:22'),
(260, 9, 1, 8, 8, 1, '2020-04-30 05:52:24'),
(261, 9, 1, 9, 13, 1, '2020-04-30 05:52:25'),
(262, 9, 1, 4, 5, 1, '2020-04-30 05:52:26'),
(263, 9, 1, 5, 16, 1, '2020-04-30 05:52:28'),
(264, 9, 1, 5, 5, 1, '2020-04-30 05:52:30'),
(265, 9, 1, 5, 11, 1, '2020-04-30 05:52:32'),
(266, 9, 1, 9, 4, 1, '2020-04-30 05:52:53'),
(267, 9, 1, 9, 4, 2, '2020-04-30 05:52:55'),
(268, 9, 1, 8, 5, 1, '2020-04-30 05:52:57'),
(269, 9, 1, 8, 16, 1, '2020-04-30 05:52:58'),
(270, 9, 1, 8, 7, 1, '2020-04-30 05:53:00'),
(271, 9, 1, 9, 14, 1, '2020-04-30 05:53:00'),
(272, 9, 1, 9, 8, 1, '2020-04-30 05:53:04'),
(273, 9, 1, 8, 14, 1, '2020-04-30 05:53:04'),
(274, 9, 1, 4, 10, 1, '2020-04-30 05:53:06'),
(275, 9, 1, 4, 16, 1, '2020-04-30 05:53:08'),
(276, 9, 1, 4, 11, 1, '2020-04-30 05:53:13'),
(277, 9, 1, 5, 11, 0, '2020-04-30 05:53:13'),
(278, 9, 1, 9, 7, 1, '2020-04-30 05:53:19'),
(279, 9, 1, 8, 13, 1, '2020-04-30 05:53:20'),
(280, 10, 1, 5, 4, 1, '2020-04-30 05:54:31'),
(281, 10, 1, 4, 6, 1, '2020-04-30 05:54:32'),
(282, 10, 1, 4, 18, 1, '2020-04-30 05:54:34'),
(283, 10, 1, 11, 4, 1, '2020-04-30 05:54:36'),
(284, 10, 1, 10, 6, 1, '2020-04-30 05:54:38'),
(285, 10, 1, 11, 16, 1, '2020-04-30 05:54:39'),
(286, 10, 1, 10, 18, 1, '2020-04-30 05:54:40'),
(287, 10, 1, 4, 4, 1, '2020-04-30 05:54:44'),
(288, 10, 1, 10, 4, 1, '2020-04-30 05:54:45'),
(289, 10, 1, 11, 6, 1, '2020-04-30 05:54:46'),
(290, 10, 1, 10, 16, 1, '2020-04-30 05:54:48'),
(291, 10, 1, 11, 18, 1, '2020-04-30 05:54:49'),
(292, 10, 1, 5, 6, 1, '2020-04-30 05:54:53'),
(293, 10, 1, 5, 18, 1, '2020-04-30 05:54:55'),
(294, 10, 1, 5, 16, 1, '2020-04-30 05:54:56'),
(295, 10, 1, 4, 16, 1, '2020-04-30 05:54:58'),
(296, 10, 1, 15, 5, 1, '2020-04-30 05:55:02'),
(297, 10, 1, 18, 5, 1, '2020-04-30 05:55:03'),
(298, 10, 1, 15, 17, 1, '2020-04-30 05:55:04'),
(299, 10, 1, 18, 17, 1, '2020-04-30 05:55:05'),
(300, 10, 1, 12, 5, 2, '2020-04-30 05:55:08'),
(301, 10, 1, 9, 5, 2, '2020-04-30 05:55:09'),
(302, 10, 1, 9, 17, 2, '2020-04-30 05:55:10'),
(303, 10, 1, 12, 17, 2, '2020-04-30 05:55:11'),
(304, 11, 1, 3, 4, 1, '2020-04-30 05:56:49'),
(305, 11, 1, 3, 18, 1, '2020-04-30 05:56:51'),
(306, 11, 1, 4, 7, 1, '2020-04-30 05:56:53'),
(307, 11, 1, 4, 7, 2, '2020-04-30 05:56:53'),
(308, 11, 1, 3, 8, 2, '2020-04-30 05:56:54'),
(309, 11, 1, 4, 13, 1, '2020-04-30 05:56:56'),
(310, 11, 1, 3, 14, 2, '2020-04-30 05:56:58'),
(311, 11, 1, 3, 7, 1, '2020-04-30 05:56:59'),
(312, 11, 1, 4, 8, 1, '2020-04-30 05:57:00'),
(313, 11, 1, 3, 13, 1, '2020-04-30 05:57:01'),
(314, 11, 1, 4, 14, 1, '2020-04-30 05:57:02'),
(315, 11, 2, 4, 10, 1, '2020-04-30 05:57:07'),
(316, 11, 2, 3, 10, 1, '2020-04-30 05:57:09'),
(317, 11, 1, 4, 13, 2, '2020-04-30 05:57:14'),
(318, 11, 1, 4, 3, 1, '2020-04-30 05:57:20'),
(319, 11, 1, 3, 3, 1, '2020-04-30 05:57:20'),
(320, 11, 1, 4, 4, 1, '2020-04-30 05:57:21'),
(321, 11, 1, 3, 17, 1, '2020-04-30 05:57:23'),
(322, 11, 1, 4, 17, 1, '2020-04-30 05:57:24'),
(323, 11, 1, 4, 18, 1, '2020-04-30 05:57:25'),
(324, 12, 1, 11, 6, 1, '2020-04-30 05:58:27'),
(325, 12, 1, 12, 6, 1, '2020-04-30 05:58:28'),
(326, 12, 1, 12, 7, 1, '2020-04-30 05:58:28'),
(327, 12, 1, 11, 7, 1, '2020-04-30 05:58:30'),
(328, 12, 1, 11, 14, 1, '2020-04-30 05:58:31'),
(329, 12, 1, 12, 14, 1, '2020-04-30 05:58:32'),
(330, 12, 1, 12, 15, 1, '2020-04-30 05:58:33'),
(331, 12, 1, 11, 15, 1, '2020-04-30 05:58:35'),
(332, 12, 1, 7, 10, 1, '2020-04-30 05:58:38'),
(333, 12, 1, 7, 11, 1, '2020-04-30 05:58:39'),
(334, 12, 1, 16, 10, 1, '2020-04-30 05:58:40'),
(335, 12, 1, 16, 11, 1, '2020-04-30 05:58:41'),
(336, 12, 1, 8, 10, 1, '2020-04-30 05:58:43'),
(337, 12, 1, 8, 11, 1, '2020-04-30 05:58:44'),
(338, 12, 1, 15, 10, 1, '2020-04-30 05:58:45'),
(339, 12, 1, 15, 11, 1, '2020-04-30 05:58:45'),
(340, 13, 1, 9, 3, 1, '2020-04-30 05:59:44'),
(341, 13, 1, 9, 4, 1, '2020-04-30 05:59:45'),
(342, 13, 1, 9, 8, 1, '2020-04-30 05:59:46'),
(343, 13, 1, 8, 9, 1, '2020-04-30 05:59:47'),
(344, 13, 1, 9, 9, 1, '2020-04-30 05:59:47'),
(345, 13, 1, 8, 12, 1, '2020-04-30 05:59:49'),
(346, 13, 1, 8, 13, 1, '2020-04-30 05:59:49'),
(347, 13, 1, 9, 12, 1, '2020-04-30 05:59:50'),
(348, 13, 1, 9, 13, 1, '2020-04-30 05:59:51'),
(349, 13, 1, 9, 17, 1, '2020-04-30 05:59:52'),
(350, 13, 1, 9, 18, 1, '2020-04-30 05:59:53'),
(351, 13, 1, 8, 8, 1, '2020-04-30 05:59:56'),
(352, 13, 1, 3, 9, 2, '2020-04-30 05:59:59'),
(353, 13, 1, 3, 8, 2, '2020-04-30 06:00:00'),
(354, 13, 1, 3, 12, 2, '2020-04-30 06:00:01'),
(355, 13, 1, 3, 13, 2, '2020-04-30 06:00:02'),
(356, 14, 1, 10, 3, 1, '2020-04-30 06:01:20'),
(357, 14, 1, 9, 4, 1, '2020-04-30 06:01:20'),
(358, 14, 1, 10, 5, 1, '2020-04-30 06:01:21'),
(359, 14, 1, 10, 16, 1, '2020-04-30 06:01:23'),
(360, 14, 1, 11, 17, 1, '2020-04-30 06:01:24'),
(361, 14, 1, 10, 18, 1, '2020-04-30 06:01:24'),
(362, 14, 1, 11, 4, 1, '2020-04-30 06:01:27'),
(363, 14, 1, 9, 17, 1, '2020-04-30 06:01:28'),
(364, 14, 1, 2, 4, 1, '2020-04-30 06:01:29'),
(365, 14, 1, 2, 17, 1, '2020-04-30 06:01:30'),
(366, 14, 1, 4, 4, 1, '2020-04-30 06:01:32'),
(367, 14, 1, 4, 17, 1, '2020-04-30 06:01:33'),
(368, 14, 1, 3, 3, 2, '2020-04-30 06:01:37'),
(369, 14, 1, 3, 5, 2, '2020-04-30 06:01:37'),
(370, 14, 1, 3, 16, 2, '2020-04-30 06:01:38'),
(371, 14, 1, 3, 18, 2, '2020-04-30 06:01:39'),
(372, 14, 1, 6, 10, 1, '2020-04-30 06:01:41'),
(373, 14, 1, 7, 10, 1, '2020-04-30 06:01:42'),
(374, 14, 1, 7, 11, 1, '2020-04-30 06:01:42'),
(375, 14, 1, 6, 11, 1, '2020-04-30 06:01:43'),
(376, 14, 1, 7, 9, 2, '2020-04-30 06:01:45'),
(377, 14, 1, 7, 12, 2, '2020-04-30 06:01:47'),
(378, 15, 1, 4, 10, 1, '2020-04-30 06:02:45'),
(379, 15, 1, 3, 11, 1, '2020-04-30 06:02:46'),
(380, 15, 1, 8, 10, 1, '2020-04-30 06:02:47'),
(381, 15, 1, 9, 11, 1, '2020-04-30 06:02:48'),
(382, 15, 1, 12, 11, 1, '2020-04-30 06:02:49'),
(383, 15, 1, 13, 10, 1, '2020-04-30 06:02:50'),
(384, 15, 1, 12, 3, 2, '2020-04-30 06:02:55'),
(385, 15, 1, 13, 4, 2, '2020-04-30 06:02:56'),
(386, 15, 1, 12, 17, 2, '2020-04-30 06:02:57'),
(387, 15, 1, 13, 18, 2, '2020-04-30 06:02:57'),
(388, 15, 1, 12, 4, 1, '2020-04-30 06:02:59'),
(389, 15, 1, 12, 18, 1, '2020-04-30 06:03:00'),
(390, 15, 1, 3, 10, 1, '2020-04-30 06:03:03'),
(391, 15, 1, 4, 11, 1, '2020-04-30 06:03:03'),
(392, 15, 1, 13, 3, 1, '2020-04-30 06:03:08'),
(393, 15, 1, 13, 17, 2, '2020-04-30 06:03:09'),
(394, 15, 1, 13, 17, 1, '2020-04-30 06:03:12'),
(395, 16, 1, 13, 10, 1, '2020-04-30 06:04:33'),
(396, 16, 1, 12, 11, 1, '2020-04-30 06:04:34'),
(397, 16, 1, 11, 10, 1, '2020-04-30 06:04:35'),
(398, 16, 1, 11, 11, 1, '2020-04-30 06:04:37'),
(399, 16, 1, 12, 4, 1, '2020-04-30 06:04:39'),
(400, 16, 1, 11, 16, 1, '2020-04-30 06:04:40'),
(401, 16, 1, 12, 17, 1, '2020-04-30 06:04:41'),
(402, 16, 1, 3, 4, 2, '2020-04-30 06:04:43'),
(403, 16, 1, 3, 5, 2, '2020-04-30 06:04:44'),
(404, 16, 1, 3, 17, 2, '2020-04-30 06:04:46'),
(405, 16, 1, 4, 4, 1, '2020-04-30 06:04:48'),
(406, 16, 1, 4, 5, 1, '2020-04-30 06:04:49'),
(407, 16, 1, 4, 16, 1, '2020-04-30 06:04:49'),
(408, 16, 1, 4, 17, 1, '2020-04-30 06:04:50'),
(409, 16, 1, 3, 9, 1, '2020-04-30 06:04:52'),
(410, 16, 1, 3, 8, 1, '2020-04-30 06:04:52'),
(411, 16, 1, 3, 12, 1, '2020-04-30 06:04:53'),
(412, 16, 1, 3, 13, 1, '2020-04-30 06:04:54'),
(413, 16, 1, 11, 5, 2, '2020-04-30 06:04:59'),
(414, 16, 1, 11, 5, 0, '2020-04-30 06:04:59'),
(415, 16, 1, 11, 5, 1, '2020-04-30 06:05:00'),
(416, 16, 1, 3, 16, 2, '2020-04-30 06:05:02'),
(417, 16, 1, 12, 10, 1, '2020-04-30 06:05:08'),
(418, 16, 1, 13, 11, 1, '2020-04-30 06:05:08'),
(419, 17, 1, 17, 3, 1, '2020-04-30 06:07:45'),
(420, 17, 1, 17, 5, 1, '2020-04-30 06:07:46'),
(421, 17, 1, 17, 16, 1, '2020-04-30 06:07:47'),
(422, 17, 1, 17, 18, 1, '2020-04-30 06:07:48'),
(423, 17, 1, 11, 4, 1, '2020-04-30 06:07:50'),
(424, 17, 1, 13, 4, 1, '2020-04-30 06:07:51'),
(425, 17, 1, 11, 17, 1, '2020-04-30 06:07:52'),
(426, 17, 1, 13, 17, 1, '2020-04-30 06:07:52'),
(427, 17, 1, 3, 3, 2, '2020-04-30 06:07:54'),
(428, 17, 1, 4, 3, 2, '2020-04-30 06:07:55'),
(429, 17, 1, 3, 4, 2, '2020-04-30 06:07:56'),
(430, 17, 1, 4, 4, 2, '2020-04-30 06:07:56'),
(431, 17, 1, 3, 18, 2, '2020-04-30 06:07:59'),
(432, 18, 1, 15, 3, 1, '2020-04-30 06:09:34'),
(433, 18, 1, 15, 4, 1, '2020-04-30 06:09:34'),
(434, 18, 1, 16, 4, 1, '2020-04-30 06:09:35'),
(435, 18, 1, 16, 17, 1, '2020-04-30 06:09:36'),
(436, 18, 1, 15, 17, 1, '2020-04-30 06:09:36'),
(437, 18, 1, 15, 18, 1, '2020-04-30 06:09:37'),
(438, 18, 1, 16, 18, 1, '2020-04-30 06:09:38'),
(439, 18, 1, 4, 3, 1, '2020-04-30 06:09:40'),
(440, 18, 1, 4, 4, 1, '2020-04-30 06:09:40'),
(441, 18, 1, 3, 4, 1, '2020-04-30 06:09:41'),
(442, 18, 1, 3, 17, 1, '2020-04-30 06:09:42'),
(443, 18, 1, 4, 17, 1, '2020-04-30 06:09:42'),
(444, 18, 1, 3, 18, 1, '2020-04-30 06:09:43'),
(445, 18, 1, 16, 3, 1, '2020-04-30 06:09:47'),
(446, 18, 1, 3, 3, 1, '2020-04-30 06:09:48'),
(447, 18, 1, 4, 18, 1, '2020-04-30 06:09:49'),
(448, 18, 1, 12, 7, 1, '2020-04-30 06:09:52'),
(449, 18, 1, 12, 7, 2, '2020-04-30 06:09:53'),
(450, 18, 1, 11, 8, 2, '2020-04-30 06:09:54'),
(451, 18, 1, 12, 13, 2, '2020-04-30 06:09:54'),
(452, 18, 1, 11, 14, 2, '2020-04-30 06:09:55'),
(453, 18, 1, 12, 3, 2, '2020-04-30 06:09:56'),
(454, 18, 1, 11, 4, 2, '2020-04-30 06:09:57'),
(455, 18, 1, 7, 8, 2, '2020-04-30 06:09:59'),
(456, 18, 1, 7, 4, 2, '2020-04-30 06:10:00'),
(457, 18, 1, 8, 3, 2, '2020-04-30 06:10:01'),
(458, 18, 1, 8, 7, 2, '2020-04-30 06:10:05'),
(459, 18, 1, 7, 14, 2, '2020-04-30 06:10:06'),
(460, 18, 1, 3, 8, 2, '2020-04-30 06:10:08'),
(461, 18, 1, 3, 14, 2, '2020-04-30 06:10:09'),
(462, 18, 1, 7, 18, 2, '2020-04-30 06:10:11'),
(463, 18, 1, 11, 18, 2, '2020-04-30 06:10:13'),
(464, 18, 1, 4, 13, 2, '2020-04-30 06:10:16'),
(465, 18, 1, 4, 7, 2, '2020-04-30 06:10:17'),
(466, 18, 1, 8, 17, 2, '2020-04-30 06:10:18'),
(467, 18, 1, 12, 17, 2, '2020-04-30 06:10:19');

-- --------------------------------------------------------

--
-- Table structure for table `seat_status`
--

CREATE TABLE `seat_status` (
  `seat_status_id` int(10) NOT NULL,
  `seat_status_name` varchar(15) COLLATE utf8_unicode_ci NOT NULL
) ENGINE=InnoDB DEFAULT CHARSET=utf8 COLLATE=utf8_unicode_ci;

--
-- Dumping data for table `seat_status`
--

INSERT INTO `seat_status` (`seat_status_id`, `seat_status_name`) VALUES
(0, 'vacant'),
(1, 'occupied'),
(2, 'unavailable');

-- --------------------------------------------------------

--
-- Table structure for table `user`
--

CREATE TABLE `user` (
  `user_id` int(10) UNSIGNED NOT NULL,
  `username` varchar(50) COLLATE utf8_unicode_ci NOT NULL,
  `password` varchar(64) COLLATE utf8_unicode_ci NOT NULL,
  `email` varchar(50) COLLATE utf8_unicode_ci NOT NULL,
  `token` varchar(32) COLLATE utf8_unicode_ci DEFAULT NULL,
  `is_verified` int(1) DEFAULT '0',
  `last_login` timestamp NOT NULL DEFAULT CURRENT_TIMESTAMP ON UPDATE CURRENT_TIMESTAMP
) ENGINE=InnoDB DEFAULT CHARSET=utf8 COLLATE=utf8_unicode_ci;

--
-- Dumping data for table `user`
--

INSERT INTO `user` (`user_id`, `username`, `password`, `email`, `token`, `is_verified`, `last_login`) VALUES
(1, 'test1', '937e8d5fbb48bd4949536cd65b8d35c426b80d2f830c5c308e2cdec422ae2244', 'gladysbroce@gmail.com', 'a250a608cac375845351a247fab152e1', 1, '2020-04-30 05:31:13'),
(2, 'test2', '937e8d5fbb48bd4949536cd65b8d35c426b80d2f830c5c308e2cdec422ae2244', 'gladysbroce@gmail.com', 'a250a608cac375845351a247fab152e1', 1, '2020-04-30 05:31:13'),
(3, 'test3', '937e8d5fbb48bd4949536cd65b8d35c426b80d2f830c5c308e2cdec422ae2244', 'gladysbroce@gmail.com', 'a250a608cac375845351a247fab152e1', 1, '2020-04-30 05:31:13'),
(4, 'test4', '937e8d5fbb48bd4949536cd65b8d35c426b80d2f830c5c308e2cdec422ae2244', 'gladysbroce@gmail.com', 'a250a608cac375845351a247fab152e1', 1, '2020-04-30 05:31:13'),
(5, 'test5', '937e8d5fbb48bd4949536cd65b8d35c426b80d2f830c5c308e2cdec422ae2244', 'gladysbroce@gmail.com', 'a250a608cac375845351a247fab152e1', 1, '2020-04-30 05:31:13'),
(6, 'test6', '937e8d5fbb48bd4949536cd65b8d35c426b80d2f830c5c308e2cdec422ae2244', 'gladysbroce@gmail.com', 'a250a608cac375845351a247fab152e1', 1, '2020-04-30 05:31:13'),
(7, 'test7', '937e8d5fbb48bd4949536cd65b8d35c426b80d2f830c5c308e2cdec422ae2244', 'gladysbroce@gmail.com', 'a250a608cac375845351a247fab152e1', 1, '2020-04-30 05:31:13'),
(8, 'test8', '937e8d5fbb48bd4949536cd65b8d35c426b80d2f830c5c308e2cdec422ae2244', 'gladysbroce@gmail.com', 'a250a608cac375845351a247fab152e1', 1, '2020-04-30 05:31:13'),
(9, 'test9', '937e8d5fbb48bd4949536cd65b8d35c426b80d2f830c5c308e2cdec422ae2244', 'gladysbroce@gmail.com', 'a250a608cac375845351a247fab152e1', 1, '2020-04-30 05:31:13'),
(10, 'test10', '937e8d5fbb48bd4949536cd65b8d35c426b80d2f830c5c308e2cdec422ae2244', 'gladysbroce@gmail.com', 'a250a608cac375845351a247fab152e1', 1, '2020-04-30 05:31:13'),
(11, 'test11', '937e8d5fbb48bd4949536cd65b8d35c426b80d2f830c5c308e2cdec422ae2244', 'gladysbroce@gmail.com', 'a250a608cac375845351a247fab152e1', 1, '2020-04-30 05:31:13'),
(12, 'test12', '937e8d5fbb48bd4949536cd65b8d35c426b80d2f830c5c308e2cdec422ae2244', 'gladysbroce@gmail.com', 'a250a608cac375845351a247fab152e1', 1, '2020-04-30 05:31:13'),
(13, 'test13', '937e8d5fbb48bd4949536cd65b8d35c426b80d2f830c5c308e2cdec422ae2244', 'gladysbroce@gmail.com', 'a250a608cac375845351a247fab152e1', 1, '2020-04-30 05:31:13'),
(14, 'test14', '937e8d5fbb48bd4949536cd65b8d35c426b80d2f830c5c308e2cdec422ae2244', 'gladysbroce@gmail.com', 'a250a608cac375845351a247fab152e1', 1, '2020-04-30 05:31:13'),
(15, 'test15', '937e8d5fbb48bd4949536cd65b8d35c426b80d2f830c5c308e2cdec422ae2244', 'gladysbroce@gmail.com', 'a250a608cac375845351a247fab152e1', 1, '2020-04-30 05:31:13'),
(16, 'test16', '937e8d5fbb48bd4949536cd65b8d35c426b80d2f830c5c308e2cdec422ae2244', 'gladysbroce@gmail.com', 'a250a608cac375845351a247fab152e1', 1, '2020-04-30 05:31:13'),
(17, 'test17', '937e8d5fbb48bd4949536cd65b8d35c426b80d2f830c5c308e2cdec422ae2244', 'gladysbroce@gmail.com', 'a250a608cac375845351a247fab152e1', 1, '2020-04-30 05:31:13'),
(18, 'test18', '937e8d5fbb48bd4949536cd65b8d35c426b80d2f830c5c308e2cdec422ae2244', 'gladysbroce@gmail.com', 'a250a608cac375845351a247fab152e1', 1, '2020-04-30 05:31:13');

--
-- Indexes for dumped tables
--

--
-- Indexes for table `restaurant`
--
ALTER TABLE `restaurant`
  ADD PRIMARY KEY (`restaurant_id`),
  ADD KEY `restaurant_name` (`restaurant_name`);

--
-- Indexes for table `seat`
--
ALTER TABLE `seat`
  ADD PRIMARY KEY (`seat_id`);

--
-- Indexes for table `seat_log`
--
ALTER TABLE `seat_log`
  ADD PRIMARY KEY (`seat_log_id`);

--
-- Indexes for table `seat_status`
--
ALTER TABLE `seat_status`
  ADD PRIMARY KEY (`seat_status_id`);

--
-- Indexes for table `user`
--
ALTER TABLE `user`
  ADD PRIMARY KEY (`user_id`),
  ADD KEY `username` (`username`);

--
-- AUTO_INCREMENT for dumped tables
--

--
-- AUTO_INCREMENT for table `restaurant`
--
ALTER TABLE `restaurant`
  MODIFY `restaurant_id` int(10) NOT NULL AUTO_INCREMENT, AUTO_INCREMENT=37;

--
-- AUTO_INCREMENT for table `seat`
--
ALTER TABLE `seat`
  MODIFY `seat_id` int(10) NOT NULL AUTO_INCREMENT, AUTO_INCREMENT=1425;

--
-- AUTO_INCREMENT for table `seat_log`
--
ALTER TABLE `seat_log`
  MODIFY `seat_log_id` int(50) NOT NULL AUTO_INCREMENT, AUTO_INCREMENT=468;

--
-- AUTO_INCREMENT for table `user`
--
ALTER TABLE `user`
  MODIFY `user_id` int(10) UNSIGNED NOT NULL AUTO_INCREMENT, AUTO_INCREMENT=19;
COMMIT;

/*!40101 SET CHARACTER_SET_CLIENT=@OLD_CHARACTER_SET_CLIENT */;
/*!40101 SET CHARACTER_SET_RESULTS=@OLD_CHARACTER_SET_RESULTS */;
/*!40101 SET COLLATION_CONNECTION=@OLD_COLLATION_CONNECTION */;
